{"type":"FeatureCollection","features":[{"type":"Feature","properties":{"ADM2_EN":"Bagerhat","ADM1_EN":"Khulna"},"geometry":{"type":"MultiPolygon","coordinates":[[[[89.84021,21.82784],[89.84021,21.82985],[89.8373,21.82483],[89.84128,21.81001],[89.84771,21.80748],[89.85587,21.80969],[89.85557,21.81122],[89.85203,21.80911],[89.85377,21.81337],[89.8529,21.81844],[89.84672,21.82259],[89.84411,21.82708],[89.84021,21.82784]]],[[[89.54495,21.84952],[89.54142,21.85042],[89.54029,21.84942],[89.53482,21.83831],[89.53086,21.82295],[89.53697,21.81479],[89.53673,21.81173],[89.54211,21.8029],[89.54887,21.80063],[89.5478,21.79857],[89.54984,21.7926],[89.54689,21.78872],[89.54131,21.78669],[89.53967,21.78172],[89.54121,21.77766],[89.54741,21.77681],[89.54706,21.77519],[89.54476,21.77446],[89.54784,21.77156],[89.54656,21.77041],[89.53931,21.77359],[89.5365,21.77239],[89.5382,21.76923],[89.53812,21.76202],[89.54456,21.74578],[89.55439,21.73089],[89.5554,21.72532],[89.56863,21.71537],[89.57385,21.71409],[89.57732,21.71596],[89.58163,21.71361],[89.58972,21.71358],[89.59329,21.71426],[89.59408,21.71593],[89.59955,21.71838],[89.60559,21.71854],[89.60666,21.72127],[89.6051,21.72781],[89.59915,21.73325],[89.58916,21.74752],[89.58658,21.76434],[89.59091,21.77167],[89.60047,21.7749],[89.6022,21.77719],[89.60501,21.78973],[89.60372,21.80115],[89.57242,21.82574],[89.55747,21.83569],[89.54803,21.84872],[89.54495,21.84952]]],[[[89.8608,21.83503],[89.86402,21.84316],[89.8633,21.85253],[89.85981,21.85664],[89.85305,21.85778],[89.85075,21.85534],[89.85235,21.84691],[89.8608,21.83503]]],[[[89.65411,21.85744],[89.65952,21.86347],[89.66061,21.86974],[89.65364,21.87866],[89.65006,21.8897],[89.64589,21.89767],[89.6443,21.89781],[89.63704,21.89221],[89.63268,21.88646],[89.63111,21.87575],[89.63351,21.87011],[89.63798,21.86491],[89.6478,21.85915],[89.65411,21.85744]]],[[[89.57065,21.92955],[89.57295,21.93333],[89.5711,21.93533],[89.57065,21.92955]]],[[[89.61476,21.94673],[89.58842,21.94647],[89.57853,21.93775],[89.57341,21.93525],[89.57532,21.93191],[89.57141,21.92912],[89.55281,21.89441],[89.54928,21.88389],[89.54875,21.87571],[89.55032,21.87117],[89.55366,21.86827],[89.55489,21.86143],[89.55761,21.85983],[89.57515,21.86292],[89.58532,21.86653],[89.59274,21.87146],[89.59365,21.87371],[89.59281,21.87671],[89.58756,21.88289],[89.57997,21.88864],[89.58009,21.8922],[89.59226,21.89877],[89.59772,21.89065],[89.60094,21.89105],[89.59961,21.88958],[89.59725,21.88992],[89.59141,21.89787],[89.58124,21.89176],[89.58069,21.89037],[89.59315,21.87895],[89.59483,21.87514],[89.59434,21.87194],[89.58712,21.86638],[89.57745,21.86224],[89.55459,21.85756],[89.55617,21.85202],[89.56836,21.83969],[89.60807,21.81087],[89.61483,21.80161],[89.61709,21.7964],[89.61828,21.78397],[89.61579,21.77579],[89.60955,21.76478],[89.62786,21.76076],[89.63601,21.75655],[89.64241,21.76299],[89.64702,21.76357],[89.64912,21.76215],[89.648,21.7597],[89.64893,21.75708],[89.65185,21.75455],[89.659,21.75318],[89.66718,21.75434],[89.68152,21.76111],[89.68371,21.768],[89.68781,21.7638],[89.69887,21.77281],[89.69986,21.7797],[89.69692,21.7883],[89.69676,21.79389],[89.69385,21.7978],[89.68081,21.80399],[89.6607,21.8215],[89.65869,21.82623],[89.62574,21.86371],[89.62364,21.87198],[89.62576,21.88298],[89.63081,21.8916],[89.64626,21.90994],[89.62761,21.93175],[89.62158,21.94498],[89.61476,21.94673]]],[[[89.5455,21.88108],[89.55188,21.89931],[89.56719,21.92555],[89.56942,21.93388],[89.56885,21.93559],[89.56154,21.9393],[89.54505,21.9601],[89.54341,21.96058],[89.54162,21.95737],[89.54707,21.92731],[89.54783,21.91551],[89.54516,21.90125],[89.5455,21.88108]]],[[[89.71448,21.97668],[89.71163,21.97782],[89.70952,21.98193],[89.70377,21.98612],[89.70706,21.99225],[89.70495,21.99784],[89.70473,22.00625],[89.70308,22.00706],[89.69617,22.00528],[89.68648,21.99264],[89.68726,21.9773],[89.69121,21.97224],[89.69444,21.9611],[89.69495,21.95278],[89.69312,21.94279],[89.68323,21.92236],[89.68171,21.91174],[89.67845,21.90495],[89.67411,21.8993],[89.65849,21.88669],[89.66444,21.87972],[89.66926,21.87012],[89.66986,21.86377],[89.66613,21.84875],[89.67076,21.83819],[89.67297,21.83685],[89.67934,21.83983],[89.68193,21.84672],[89.69113,21.84339],[89.70631,21.84548],[89.7067,21.8476],[89.70427,21.84906],[89.6916,21.85143],[89.68828,21.85478],[89.69742,21.85729],[89.69452,21.86497],[89.7013,21.8641],[89.70355,21.88146],[89.7051,21.88285],[89.71173,21.88273],[89.71024,21.88718],[89.71238,21.88802],[89.71123,21.88705],[89.71241,21.88204],[89.70539,21.88157],[89.70502,21.8731],[89.70246,21.86315],[89.7004,21.86223],[89.69608,21.86411],[89.69923,21.85921],[89.6988,21.8577],[89.69663,21.85572],[89.69051,21.85463],[89.69327,21.85262],[89.70397,21.85083],[89.7093,21.84734],[89.70831,21.84414],[89.70064,21.84212],[89.70141,21.83753],[89.70818,21.8342],[89.71881,21.83268],[89.72766,21.83356],[89.72966,21.83533],[89.7315,21.83481],[89.74069,21.83831],[89.74176,21.83999],[89.74233,21.85003],[89.73947,21.85815],[89.74087,21.86595],[89.73353,21.87469],[89.72892,21.8894],[89.71556,21.89497],[89.71129,21.90156],[89.71105,21.90768],[89.71304,21.91218],[89.71641,21.91687],[89.72442,21.92305],[89.7272,21.92856],[89.71474,21.94517],[89.7109,21.95712],[89.71151,21.96257],[89.71368,21.96573],[89.72202,21.97038],[89.72165,21.97693],[89.71448,21.97668]]],[[[89.57364,21.9417],[89.58226,21.9488],[89.58191,21.9541],[89.5658,21.96754],[89.56179,21.97236],[89.56157,21.97523],[89.56897,21.97974],[89.58576,21.98633],[89.59293,21.99218],[89.60317,22.00285],[89.60634,22.00869],[89.60753,22.01591],[89.60576,22.02147],[89.60082,22.02511],[89.58305,22.03297],[89.56848,22.03753],[89.5633,22.01792],[89.55079,21.98495],[89.5483,21.9619],[89.56498,21.9433],[89.5678,21.94178],[89.57364,21.9417]]],[[[89.8502,21.87323],[89.85829,21.87663],[89.86543,21.88242],[89.86697,21.88701],[89.87544,21.8973],[89.87632,21.91016],[89.86961,21.94209],[89.86074,21.96551],[89.85981,21.9743],[89.86163,21.97789],[89.86144,21.98946],[89.85916,22.01484],[89.85635,22.02808],[89.85196,22.0374],[89.84284,22.04743],[89.83792,22.04987],[89.83151,22.0501],[89.82684,22.04818],[89.8268,22.04111],[89.83181,22.03342],[89.84133,22.02444],[89.84349,22.01545],[89.84204,22.00498],[89.83733,21.99972],[89.82485,21.99554],[89.81148,21.99328],[89.8052,21.98931],[89.83647,21.96945],[89.84481,21.95961],[89.84553,21.95622],[89.84318,21.95244],[89.83004,21.94736],[89.81563,21.93735],[89.81015,21.92979],[89.80896,21.92367],[89.81235,21.91607],[89.84167,21.89956],[89.84675,21.89522],[89.84822,21.88857],[89.84274,21.88139],[89.84269,21.87948],[89.84754,21.87389],[89.8502,21.87323]]],[[[89.81745,22.05578],[89.80946,22.06065],[89.79634,22.07214],[89.78831,22.08181],[89.77612,22.08879],[89.77501,22.08336],[89.77154,22.07786],[89.76269,22.07383],[89.75778,22.06794],[89.7524,22.06478],[89.7528,22.05837],[89.75152,22.0555],[89.74204,22.052],[89.74573,22.03599],[89.75619,22.03672],[89.75922,22.03457],[89.7605,22.03058],[89.75834,22.02529],[89.75546,22.02326],[89.7468,22.02022],[89.743,22.01594],[89.7504,22.00607],[89.7528,22.006],[89.75213,21.99718],[89.74911,21.99411],[89.73736,21.9906],[89.74731,21.98292],[89.7494,21.97776],[89.74848,21.97336],[89.74065,21.96714],[89.72736,21.96549],[89.71629,21.96246],[89.71522,21.96107],[89.72094,21.94459],[89.72496,21.94111],[89.72923,21.94836],[89.73366,21.95016],[89.752,21.9481],[89.76734,21.95197],[89.76934,21.95491],[89.76464,21.96034],[89.76542,21.96134],[89.77018,21.95627],[89.77037,21.95318],[89.76879,21.9515],[89.75907,21.94778],[89.75139,21.94671],[89.73542,21.94896],[89.73128,21.94756],[89.72652,21.93954],[89.73087,21.93399],[89.73314,21.92783],[89.73182,21.92008],[89.72891,21.91587],[89.7163,21.90542],[89.72882,21.89837],[89.73418,21.89188],[89.73701,21.88619],[89.73823,21.87854],[89.743,21.87449],[89.74801,21.8646],[89.7489,21.85566],[89.75192,21.856],[89.75497,21.85247],[89.76393,21.8542],[89.77199,21.85246],[89.78002,21.86249],[89.78016,21.87492],[89.78378,21.88542],[89.75461,21.88474],[89.7501,21.88726],[89.74809,21.89371],[89.74878,21.89647],[89.74992,21.88988],[89.75649,21.88547],[89.78362,21.88695],[89.78277,21.89295],[89.7846,21.89893],[89.77699,21.90255],[89.7756,21.90461],[89.77878,21.90705],[89.78569,21.90873],[89.78118,21.91902],[89.7745,21.90896],[89.77069,21.90857],[89.77001,21.92175],[89.77399,21.92723],[89.77306,21.93585],[89.77555,21.92761],[89.77118,21.92196],[89.77189,21.90993],[89.77322,21.90972],[89.77851,21.91877],[89.78121,21.92085],[89.78735,21.91246],[89.78812,21.90912],[89.78567,21.90639],[89.77901,21.90514],[89.78552,21.90113],[89.78676,21.89836],[89.78461,21.89123],[89.78581,21.88158],[89.78305,21.86941],[89.78774,21.87752],[89.79061,21.87707],[89.79488,21.87309],[89.80238,21.87958],[89.8078,21.87815],[89.81175,21.88927],[89.80765,21.88993],[89.81262,21.89045],[89.81219,21.88516],[89.80811,21.87725],[89.80121,21.87773],[89.79836,21.87338],[89.79486,21.87176],[89.78947,21.87606],[89.78793,21.87538],[89.77046,21.83891],[89.77231,21.83485],[89.77743,21.83342],[89.78636,21.83659],[89.78794,21.84204],[89.79923,21.84315],[89.8128,21.84676],[89.83208,21.84845],[89.83648,21.85084],[89.83855,21.85501],[89.83647,21.87695],[89.84499,21.89192],[89.81268,21.91273],[89.80848,21.91617],[89.80668,21.91994],[89.80843,21.93338],[89.81362,21.93984],[89.82901,21.95004],[89.84304,21.95608],[89.83027,21.97074],[89.81593,21.97842],[89.80356,21.98826],[89.80379,21.99137],[89.80778,21.99438],[89.8361,22.00144],[89.84058,22.00752],[89.83992,22.02109],[89.8363,22.02721],[89.82598,22.03695],[89.82296,22.05148],[89.80822,22.05378],[89.79973,22.05274],[89.79742,22.05043],[89.79902,22.04375],[89.79842,22.04229],[89.79725,22.04306],[89.79822,22.04468],[89.79619,22.05166],[89.79728,22.05277],[89.80504,22.05519],[89.81988,22.05371],[89.81745,22.05578]]],[[[89.6366,22.09746],[89.63279,22.0981],[89.62943,22.10105],[89.62864,22.09981],[89.63023,22.0974],[89.62915,22.09587],[89.61185,22.09161],[89.59968,22.08546],[89.59716,22.08668],[89.59696,22.09104],[89.58084,22.06626],[89.57182,22.04893],[89.57193,22.04687],[89.57972,22.046],[89.59139,22.03902],[89.59248,22.04046],[89.58964,22.05278],[89.5912,22.05384],[89.60349,22.05394],[89.6009,22.06536],[89.60443,22.05435],[89.60214,22.05249],[89.59079,22.05262],[89.59296,22.03836],[89.59009,22.03795],[89.58008,22.04481],[89.57427,22.04566],[89.57066,22.04458],[89.56909,22.03869],[89.58683,22.03272],[89.59561,22.02826],[89.60626,22.03337],[89.61027,22.03212],[89.61571,22.02652],[89.6346,22.03013],[89.63748,22.03126],[89.63736,22.0325],[89.62371,22.03649],[89.62022,22.03868],[89.61939,22.04156],[89.6238,22.06021],[89.6277,22.06434],[89.63272,22.06392],[89.62861,22.06349],[89.62464,22.05906],[89.62094,22.04015],[89.62248,22.03812],[89.63651,22.03444],[89.63892,22.03235],[89.636,22.02923],[89.61751,22.02524],[89.61372,22.02605],[89.60827,22.03185],[89.60533,22.03192],[89.59965,22.02875],[89.60533,22.02378],[89.60878,22.01665],[89.60861,22.01003],[89.60435,22.00142],[89.59599,21.99198],[89.58808,21.98562],[89.56292,21.97449],[89.58211,21.95771],[89.58667,21.95031],[89.60709,21.95247],[89.62588,21.94835],[89.63931,21.95828],[89.64462,21.96498],[89.64471,21.98262],[89.6338,21.97901],[89.62516,21.97904],[89.62088,21.98845],[89.62031,21.99911],[89.62384,22.00433],[89.62822,22.00386],[89.63284,22.00086],[89.63814,21.99275],[89.64015,21.99203],[89.65475,22.00406],[89.66001,22.01855],[89.65294,22.03031],[89.65205,22.03724],[89.65641,22.05189],[89.66089,22.05417],[89.66557,22.05341],[89.6664,22.05514],[89.65923,22.0723],[89.6497,22.069],[89.64597,22.07107],[89.65006,22.08279],[89.64903,22.09886],[89.6366,22.09746]]],[[[89.74705,22.13402],[89.74365,22.13484],[89.73547,22.13271],[89.72489,22.1329],[89.71294,22.12837],[89.71102,22.11915],[89.71406,22.11197],[89.71383,22.10748],[89.70862,22.09203],[89.71071,22.07392],[89.70269,22.06357],[89.68603,22.05965],[89.68055,22.056],[89.67774,22.05175],[89.68166,22.04751],[89.69956,22.04055],[89.70447,22.03425],[89.70526,22.0254],[89.69793,22.00909],[89.7026,22.01048],[89.70678,22.00719],[89.7093,21.99242],[89.70818,21.98644],[89.71394,21.97914],[89.72126,21.98097],[89.72393,21.97983],[89.72587,21.97008],[89.72839,21.96889],[89.73192,21.96913],[89.74603,21.97551],[89.74608,21.97718],[89.73512,21.98582],[89.73352,21.99084],[89.73654,21.995],[89.74728,21.99717],[89.74937,21.99913],[89.74911,22.00401],[89.74302,22.01194],[89.74188,22.01772],[89.74475,22.02097],[89.75569,22.02405],[89.75798,22.03228],[89.75611,22.03423],[89.74724,22.03303],[89.74303,22.03541],[89.73908,22.05209],[89.74266,22.05563],[89.74981,22.05636],[89.75056,22.06587],[89.75679,22.06976],[89.75981,22.07449],[89.76996,22.07943],[89.77361,22.08713],[89.7733,22.09058],[89.76838,22.09984],[89.76688,22.11047],[89.76373,22.11823],[89.75505,22.13278],[89.74705,22.13402]]],[[[89.61857,22.16673],[89.61446,22.16681],[89.6119,22.16158],[89.61153,22.15641],[89.61418,22.14868],[89.60886,22.14275],[89.61005,22.13207],[89.60721,22.12759],[89.60374,22.1253],[89.60354,22.11316],[89.59845,22.08772],[89.62204,22.09661],[89.62774,22.0966],[89.62697,22.10079],[89.62862,22.1021],[89.6345,22.09919],[89.64908,22.10043],[89.65096,22.09779],[89.65209,22.08393],[89.64735,22.07172],[89.64919,22.07084],[89.65939,22.07383],[89.66797,22.0558],[89.66567,22.05185],[89.65756,22.05148],[89.65401,22.03761],[89.65463,22.03145],[89.66178,22.0188],[89.65538,22.0023],[89.6451,21.99319],[89.63937,21.99055],[89.63447,21.99202],[89.6264,22.00113],[89.6244,22.00151],[89.62368,21.99984],[89.62399,21.98894],[89.62627,21.98101],[89.64197,21.98592],[89.64607,21.9855],[89.64839,21.98105],[89.64849,21.96896],[89.64521,21.95939],[89.64123,21.9546],[89.62846,21.94492],[89.63933,21.93237],[89.64944,21.91594],[89.653,21.90672],[89.65721,21.90276],[89.66504,21.90493],[89.66978,21.90862],[89.67694,21.92269],[89.68523,21.94996],[89.68565,21.95651],[89.68394,21.96836],[89.67653,21.9804],[89.67633,21.98824],[89.67911,21.99579],[89.69897,22.03245],[89.69805,22.03384],[89.68734,22.03677],[89.6786,22.04093],[89.67243,22.04857],[89.67283,22.05772],[89.68121,22.06604],[89.67234,22.07473],[89.66685,22.08804],[89.669,22.09072],[89.67925,22.09291],[89.68302,22.09579],[89.68081,22.09768],[89.6666,22.09652],[89.6638,22.09968],[89.66908,22.10736],[89.67062,22.11569],[89.67761,22.12131],[89.67771,22.1272],[89.68024,22.13214],[89.67537,22.14127],[89.67174,22.14315],[89.66501,22.13719],[89.65816,22.13737],[89.65542,22.14114],[89.65942,22.14661],[89.65919,22.14827],[89.64852,22.14797],[89.64588,22.15542],[89.63407,22.16491],[89.61857,22.16673]]],[[[89.88929,22.15819],[89.88774,22.16524],[89.88608,22.16675],[89.88743,22.15593],[89.89054,22.14726],[89.89122,22.15006],[89.88929,22.15819]]],[[[89.61981,22.2776],[89.61547,22.27855],[89.61369,22.28098],[89.62358,22.29286],[89.61257,22.29747],[89.59366,22.27589],[89.59835,22.26138],[89.5994,22.25247],[89.59659,22.23697],[89.59311,22.22775],[89.58332,22.21844],[89.55945,22.21328],[89.55408,22.2095],[89.55615,22.1963],[89.55896,22.19046],[89.57071,22.17807],[89.59175,22.15006],[89.6043,22.12816],[89.60886,22.13149],[89.6073,22.14245],[89.61288,22.1488],[89.61025,22.15935],[89.6134,22.16763],[89.60518,22.17804],[89.60561,22.18058],[89.61301,22.18843],[89.61807,22.19846],[89.61697,22.20094],[89.60875,22.2043],[89.60352,22.20963],[89.60104,22.21611],[89.60018,22.22629],[89.60172,22.23088],[89.60413,22.23145],[89.61556,22.21845],[89.62039,22.21539],[89.61315,22.24141],[89.61155,22.24342],[89.60497,22.24501],[89.60393,22.24713],[89.60606,22.25003],[89.61959,22.25707],[89.60841,22.26862],[89.60991,22.27124],[89.61705,22.26947],[89.61983,22.27106],[89.62417,22.277],[89.61981,22.2776]]],[[[89.80105,22.94126],[89.79609,22.9452],[89.79331,22.95619],[89.78636,22.96209],[89.78383,22.9724],[89.78833,22.97984],[89.78761,22.98208],[89.7798,22.9834],[89.7733,22.98174],[89.76658,22.97667],[89.76085,22.96479],[89.74916,22.96391],[89.75227,22.95535],[89.75112,22.94568],[89.74175,22.93459],[89.7297,22.92386],[89.72627,22.91758],[89.72796,22.9166],[89.73956,22.92171],[89.74149,22.92097],[89.74119,22.91885],[89.73628,22.91333],[89.72903,22.90982],[89.72141,22.90291],[89.72217,22.9006],[89.72836,22.89878],[89.72829,22.89577],[89.7268,22.89439],[89.71151,22.8918],[89.71929,22.88497],[89.71482,22.87775],[89.71151,22.88149],[89.70841,22.88203],[89.70491,22.8786],[89.69893,22.8776],[89.6953,22.87439],[89.6987,22.86492],[89.70091,22.86422],[89.70512,22.85892],[89.71141,22.85802],[89.71377,22.85139],[89.71782,22.84835],[89.71558,22.83692],[89.71118,22.82543],[89.69371,22.81791],[89.68012,22.81649],[89.67585,22.81265],[89.67503,22.81049],[89.67696,22.80831],[89.67536,22.8032],[89.6769,22.79651],[89.66593,22.79887],[89.66816,22.79641],[89.66588,22.79539],[89.66429,22.79121],[89.6601,22.77888],[89.66106,22.77623],[89.65498,22.77266],[89.65725,22.75837],[89.65422,22.75499],[89.64716,22.75288],[89.64711,22.76334],[89.64421,22.77412],[89.63829,22.7672],[89.63266,22.76583],[89.63184,22.7671],[89.63113,22.76288],[89.62888,22.76704],[89.62543,22.76835],[89.61833,22.77583],[89.61125,22.77398],[89.61147,22.76713],[89.60851,22.76081],[89.60857,22.75274],[89.59876,22.73884],[89.60045,22.72833],[89.59841,22.72228],[89.59553,22.71961],[89.58969,22.72157],[89.58529,22.71747],[89.58935,22.70987],[89.60096,22.70952],[89.60279,22.70628],[89.60267,22.70213],[89.60028,22.70008],[89.59208,22.69904],[89.58414,22.69478],[89.56977,22.69112],[89.56999,22.68882],[89.57854,22.67835],[89.58002,22.67316],[89.57906,22.66853],[89.57469,22.66965],[89.55907,22.67902],[89.55647,22.67842],[89.55499,22.67244],[89.54909,22.66137],[89.55241,22.64088],[89.54934,22.6358],[89.53711,22.6256],[89.53237,22.6091],[89.53492,22.60026],[89.5448,22.58949],[89.55283,22.57454],[89.56582,22.55902],[89.57004,22.55016],[89.58413,22.50771],[89.58761,22.47897],[89.59619,22.44669],[89.60269,22.44686],[89.60617,22.43013],[89.61931,22.41286],[89.62437,22.40211],[89.62681,22.39142],[89.62882,22.36591],[89.63641,22.34963],[89.63661,22.34269],[89.62961,22.32472],[89.61721,22.3062],[89.61493,22.30006],[89.61692,22.29778],[89.62555,22.29443],[89.61499,22.28023],[89.6229,22.27889],[89.6249,22.27609],[89.62268,22.27211],[89.6177,22.26832],[89.60983,22.26997],[89.621,22.2576],[89.61855,22.25458],[89.60514,22.24756],[89.61291,22.24417],[89.6153,22.24145],[89.6219,22.21559],[89.62002,22.21377],[89.61599,22.21543],[89.60283,22.22945],[89.60261,22.21806],[89.60447,22.21161],[89.60771,22.20757],[89.6167,22.20302],[89.61959,22.19834],[89.61703,22.19046],[89.60689,22.17897],[89.61469,22.16866],[89.63165,22.16713],[89.64179,22.16188],[89.64657,22.15706],[89.64955,22.14906],[89.65854,22.15033],[89.66149,22.14901],[89.66182,22.14713],[89.65749,22.14113],[89.65826,22.13887],[89.66334,22.13812],[89.67052,22.14505],[89.67396,22.14476],[89.67756,22.14184],[89.68184,22.13308],[89.67891,22.12099],[89.67261,22.11483],[89.66996,22.10509],[89.66552,22.09981],[89.66978,22.098],[89.68036,22.09961],[89.68405,22.09835],[89.68451,22.09477],[89.68177,22.09173],[89.669,22.08775],[89.67447,22.07588],[89.6847,22.06718],[89.69566,22.06846],[89.70447,22.07164],[89.70446,22.09343],[89.71039,22.10476],[89.70739,22.12336],[89.70894,22.12965],[89.70052,22.14627],[89.69897,22.1577],[89.69191,22.16986],[89.68959,22.17856],[89.69162,22.18663],[89.69558,22.19085],[89.70937,22.18789],[89.70983,22.19947],[89.70707,22.20009],[89.69547,22.19189],[89.68931,22.19274],[89.68706,22.19808],[89.69289,22.21168],[89.69208,22.21403],[89.68726,22.21724],[89.67743,22.20831],[89.67412,22.20732],[89.67283,22.20834],[89.67721,22.22385],[89.67603,22.23805],[89.65786,22.23983],[89.64455,22.24406],[89.63677,22.24845],[89.63678,22.25011],[89.639,22.25158],[89.66497,22.25098],[89.67474,22.25695],[89.65196,22.26069],[89.65163,22.26278],[89.65251,22.26363],[89.66588,22.27162],[89.66214,22.27769],[89.64552,22.28295],[89.64299,22.28775],[89.65357,22.28097],[89.6696,22.27583],[89.66906,22.27329],[89.66407,22.2688],[89.65196,22.26172],[89.67404,22.2585],[89.67579,22.25691],[89.67358,22.2538],[89.66374,22.25005],[89.64,22.25072],[89.63775,22.24919],[89.64009,22.24701],[89.65516,22.24178],[89.67686,22.2387],[89.67858,22.22397],[89.67415,22.20821],[89.68657,22.21831],[89.6943,22.21445],[89.70405,22.22913],[89.71829,22.24565],[89.73478,22.27721],[89.73395,22.27909],[89.73093,22.2788],[89.70785,22.27263],[89.70371,22.27297],[89.70003,22.27636],[89.70552,22.30326],[89.70482,22.3073],[89.69195,22.31597],[89.68409,22.32965],[89.6815,22.33074],[89.67684,22.3367],[89.67175,22.34676],[89.6698,22.35758],[89.6664,22.36388],[89.65982,22.36801],[89.65322,22.36469],[89.63981,22.36473],[89.64416,22.36855],[89.64922,22.36713],[89.66149,22.36983],[89.66692,22.3666],[89.67176,22.35962],[89.67526,22.34616],[89.68222,22.33318],[89.69131,22.32621],[89.69407,22.31677],[89.70135,22.3122],[89.70385,22.31452],[89.70564,22.34151],[89.71235,22.35074],[89.7142,22.35032],[89.70684,22.3293],[89.70563,22.31438],[89.71032,22.30345],[89.70357,22.2784],[89.70878,22.27664],[89.72892,22.283],[89.73513,22.28258],[89.73769,22.2799],[89.73706,22.27325],[89.73323,22.26327],[89.72879,22.25845],[89.72057,22.24202],[89.69785,22.21267],[89.69801,22.21011],[89.69623,22.20885],[89.69207,22.19678],[89.69573,22.19661],[89.70355,22.20288],[89.70748,22.20355],[89.71179,22.20192],[89.71399,22.19827],[89.71483,22.19163],[89.71111,22.18559],[89.70537,22.18378],[89.69758,22.18666],[89.69408,22.1832],[89.69718,22.1701],[89.70253,22.16106],[89.70603,22.14545],[89.71267,22.13108],[89.72361,22.13401],[89.73673,22.13375],[89.7416,22.13651],[89.74026,22.14065],[89.74033,22.16188],[89.7417,22.17584],[89.745,22.18627],[89.73257,22.19295],[89.72988,22.19637],[89.72976,22.201],[89.73277,22.20799],[89.73748,22.21231],[89.73369,22.22115],[89.74649,22.19959],[89.74846,22.19806],[89.75076,22.19974],[89.75466,22.2138],[89.75432,22.22651],[89.75572,22.23367],[89.76181,22.24355],[89.75394,22.25081],[89.75376,22.25312],[89.76198,22.26035],[89.75983,22.25659],[89.75453,22.25232],[89.76258,22.24352],[89.75692,22.23333],[89.75669,22.21372],[89.75312,22.20001],[89.74946,22.19649],[89.74728,22.19641],[89.73858,22.20875],[89.73664,22.20932],[89.73109,22.1986],[89.73317,22.19614],[89.74284,22.19164],[89.74744,22.18669],[89.74253,22.16049],[89.74478,22.15214],[89.74405,22.1385],[89.75797,22.13467],[89.76941,22.11513],[89.77231,22.09987],[89.77548,22.09245],[89.78991,22.08325],[89.79837,22.07292],[89.80099,22.0723],[89.80682,22.08321],[89.83425,22.11685],[89.83675,22.12316],[89.83573,22.12522],[89.81917,22.13137],[89.81058,22.14018],[89.81089,22.14512],[89.81467,22.14997],[89.83438,22.1632],[89.8206,22.18376],[89.81426,22.19828],[89.80487,22.20891],[89.8079,22.22008],[89.80941,22.21514],[89.81141,22.21455],[89.80974,22.20977],[89.81979,22.19816],[89.83682,22.16403],[89.83606,22.15973],[89.83055,22.15375],[89.81327,22.14459],[89.81725,22.14054],[89.83769,22.12747],[89.84206,22.11968],[89.84076,22.11107],[89.83487,22.10107],[89.82536,22.09145],[89.80571,22.07546],[89.8148,22.06735],[89.82055,22.0653],[89.83045,22.06574],[89.84532,22.06379],[89.86141,22.08485],[89.87691,22.09696],[89.88124,22.10514],[89.88406,22.11487],[89.88487,22.14096],[89.88335,22.15232],[89.87674,22.1765],[89.88587,22.17727],[89.8805,22.19947],[89.87463,22.21213],[89.86478,22.22565],[89.86186,22.23347],[89.85872,22.24793],[89.85786,22.26932],[89.86236,22.29113],[89.86762,22.30457],[89.87571,22.32013],[89.8954,22.34659],[89.90042,22.36152],[89.90163,22.37301],[89.8975,22.38336],[89.87238,22.41002],[89.87102,22.41896],[89.87611,22.42756],[89.88633,22.43055],[89.89292,22.43861],[89.90055,22.44355],[89.91091,22.44732],[89.92532,22.44545],[89.9336,22.4482],[89.94258,22.45679],[89.94456,22.46638],[89.94104,22.47348],[89.93067,22.4779],[89.92403,22.47766],[89.90923,22.47339],[89.89483,22.47573],[89.88409,22.48561],[89.8821,22.4972],[89.88458,22.50269],[89.8921,22.50688],[89.91419,22.50532],[89.93152,22.49686],[89.95067,22.49212],[89.96473,22.49245],[89.96839,22.49698],[89.96962,22.50144],[89.96811,22.50576],[89.96463,22.50768],[89.9318,22.5081],[89.92339,22.5103],[89.92942,22.52264],[89.94439,22.53806],[89.95424,22.55404],[89.95811,22.56432],[89.95906,22.57486],[89.96119,22.57858],[89.96236,22.5932],[89.9607,22.59658],[89.9569,22.5989],[89.91998,22.60668],[89.92391,22.62095],[89.92697,22.64182],[89.92238,22.64643],[89.89647,22.65594],[89.89011,22.66318],[89.8928,22.6726],[89.89665,22.67496],[89.90063,22.67213],[89.90923,22.65949],[89.91388,22.65968],[89.92466,22.66949],[89.9356,22.67678],[89.93688,22.68022],[89.93055,22.68569],[89.91663,22.69293],[89.90206,22.69544],[89.86825,22.69155],[89.86368,22.69413],[89.86141,22.69903],[89.86317,22.70286],[89.86858,22.7068],[89.8747,22.70999],[89.87598,22.70895],[89.87815,22.70994],[89.88067,22.71289],[89.90464,22.72585],[89.91236,22.72637],[89.92819,22.72199],[89.932,22.72418],[89.93316,22.73933],[89.93138,22.75238],[89.92751,22.75429],[89.91552,22.75153],[89.91342,22.75236],[89.91023,22.75776],[89.90939,22.7644],[89.90447,22.77256],[89.90878,22.7758],[89.91687,22.77724],[89.91738,22.78047],[89.92163,22.78415],[89.93286,22.78196],[89.93826,22.78494],[89.9323,22.79354],[89.92783,22.7966],[89.92336,22.79587],[89.914,22.79976],[89.9155,22.80753],[89.92398,22.81223],[89.93896,22.82453],[89.94466,22.82605],[89.94579,22.8317],[89.94031,22.84539],[89.94336,22.84781],[89.94378,22.85649],[89.92159,22.86465],[89.91946,22.88106],[89.915,22.88196],[89.89039,22.88107],[89.87405,22.88654],[89.85777,22.88637],[89.8509,22.888],[89.84868,22.89077],[89.84997,22.8936],[89.85324,22.89528],[89.86292,22.89643],[89.86548,22.90018],[89.865,22.90307],[89.85103,22.90911],[89.8381,22.91668],[89.82586,22.93017],[89.81671,22.93648],[89.80838,22.93753],[89.80105,22.94126]]]]}},{"type":"Feature","properties":{"ADM2_EN":"Bandarban","ADM1_EN":"Chittagong"},"geometry":{"type":"Polygon","coordinates":[[[92.61391,21.85191],[92.59671,21.86793],[92.58573,21.88268],[92.5772,21.90243],[92.57014,21.92707],[92.54786,21.97202],[92.53811,21.98853],[92.52401,22.0247],[92.51562,22.0679],[92.50496,22.09202],[92.49862,22.11353],[92.49722,22.1533],[92.48687,22.19788],[92.4834,22.22002],[92.47619,22.23719],[92.46164,22.25645],[92.43741,22.27765],[92.40031,22.31477],[92.37258,22.33623],[92.36193,22.34086],[92.33314,22.34505],[92.28089,22.35569],[92.26381,22.34389],[92.22479,22.33106],[92.20826,22.33046],[92.19553,22.33228],[92.19467,22.33725],[92.19762,22.34341],[92.18844,22.34637],[92.17241,22.34827],[92.14594,22.34774],[92.14573,22.33427],[92.14374,22.33274],[92.15113,22.33176],[92.15166,22.3334],[92.15474,22.32286],[92.15407,22.32186],[92.15277,22.32276],[92.15203,22.32064],[92.15307,22.31861],[92.15116,22.31693],[92.15214,22.3144],[92.15014,22.31592],[92.15102,22.31068],[92.14859,22.30329],[92.14835,22.29684],[92.13743,22.28609],[92.13991,22.28006],[92.1378,22.26649],[92.14338,22.2587],[92.14124,22.25245],[92.14258,22.24719],[92.14077,22.24265],[92.14142,22.24019],[92.13763,22.23447],[92.14239,22.22939],[92.1442,22.22466],[92.14945,22.22084],[92.14697,22.21857],[92.1451,22.20844],[92.14602,22.20573],[92.15111,22.20137],[92.15169,22.19486],[92.15663,22.19258],[92.16431,22.18215],[92.16177,22.17813],[92.16331,22.17496],[92.15904,22.16926],[92.15639,22.16808],[92.15561,22.16519],[92.16121,22.15976],[92.16219,22.1475],[92.16443,22.14604],[92.16888,22.14684],[92.17075,22.14456],[92.16967,22.1421],[92.17103,22.14063],[92.16946,22.13727],[92.16522,22.13415],[92.16456,22.13145],[92.16071,22.13026],[92.16009,22.1284],[92.16205,22.12309],[92.16741,22.12229],[92.16682,22.11912],[92.17099,22.11791],[92.1706,22.11634],[92.17323,22.11288],[92.16994,22.10451],[92.16374,22.10339],[92.16088,22.10015],[92.15755,22.1004],[92.15575,22.09535],[92.15033,22.09367],[92.1481,22.09504],[92.14792,22.09692],[92.14507,22.09301],[92.14255,22.09345],[92.14117,22.09167],[92.144,22.09068],[92.14465,22.08806],[92.14971,22.08827],[92.15408,22.08531],[92.15753,22.08683],[92.16405,22.08429],[92.16221,22.07938],[92.15626,22.0746],[92.15551,22.06941],[92.15869,22.07111],[92.16104,22.06972],[92.16384,22.07069],[92.16445,22.06715],[92.17035,22.06665],[92.17645,22.06395],[92.175,22.05728],[92.1688,22.05283],[92.16877,22.04863],[92.16131,22.04363],[92.16628,22.04295],[92.17109,22.03769],[92.17077,22.03443],[92.1732,22.03542],[92.17746,22.02435],[92.18216,22.0289],[92.18284,22.02685],[92.19086,22.02396],[92.19264,22.02479],[92.19572,22.0187],[92.20236,22.01857],[92.20157,22.00817],[92.20487,22.00925],[92.20684,22.00737],[92.21282,22.00836],[92.21605,22.00561],[92.21462,22.00069],[92.20284,21.99988],[92.20281,21.99193],[92.20099,21.98939],[92.20386,21.98903],[92.20754,21.98464],[92.20992,21.98408],[92.20994,21.97901],[92.21335,21.97698],[92.21408,21.97477],[92.21282,21.97238],[92.20741,21.9714],[92.19787,21.96261],[92.19443,21.96166],[92.19167,21.95326],[92.19482,21.9537],[92.19613,21.95238],[92.18674,21.95047],[92.18663,21.94839],[92.18415,21.94785],[92.18496,21.94591],[92.18145,21.94473],[92.18074,21.94296],[92.17666,21.94443],[92.17435,21.94189],[92.17384,21.94645],[92.16656,21.94795],[92.15984,21.94539],[92.15929,21.94271],[92.16268,21.94049],[92.16364,21.93522],[92.16242,21.93259],[92.16641,21.93234],[92.16515,21.92535],[92.17132,21.9158],[92.17434,21.91633],[92.17557,21.91353],[92.17454,21.90984],[92.17085,21.91023],[92.16789,21.90822],[92.16398,21.91139],[92.16286,21.90972],[92.15815,21.91039],[92.15081,21.90713],[92.14679,21.90914],[92.14369,21.90605],[92.13687,21.906],[92.12972,21.90157],[92.12508,21.90417],[92.12355,21.90665],[92.11949,21.90798],[92.11864,21.9136],[92.11495,21.9151],[92.11315,21.91447],[92.1119,21.91673],[92.11304,21.92311],[92.11645,21.92462],[92.11426,21.92816],[92.11984,21.93152],[92.1185,21.93458],[92.10893,21.93178],[92.10691,21.925],[92.09902,21.92176],[92.09553,21.92555],[92.09435,21.92208],[92.09136,21.92254],[92.08825,21.92602],[92.08466,21.92496],[92.081,21.92076],[92.07582,21.92358],[92.06945,21.91692],[92.06737,21.91648],[92.06632,21.91236],[92.06363,21.91189],[92.06005,21.9078],[92.05969,21.90199],[92.06546,21.90318],[92.06871,21.90236],[92.0709,21.90082],[92.07173,21.89615],[92.07628,21.8941],[92.07593,21.89024],[92.08045,21.88947],[92.07952,21.87692],[92.08336,21.87675],[92.08173,21.87275],[92.08511,21.86238],[92.08265,21.86069],[92.08194,21.85781],[92.08528,21.85393],[92.08569,21.8483],[92.0898,21.84015],[92.08699,21.83355],[92.08141,21.83206],[92.07779,21.82574],[92.07751,21.82452],[92.08052,21.82369],[92.07656,21.81733],[92.08052,21.80993],[92.08943,21.80819],[92.0907,21.80933],[92.0974,21.80634],[92.0992,21.80829],[92.10286,21.80828],[92.10193,21.80455],[92.10314,21.80031],[92.10588,21.79781],[92.10814,21.79249],[92.11032,21.79478],[92.1212,21.79534],[92.12396,21.79431],[92.12432,21.79677],[92.12851,21.79718],[92.12849,21.7995],[92.13067,21.79994],[92.14059,21.78683],[92.14295,21.77954],[92.14813,21.77727],[92.15071,21.77808],[92.15154,21.77706],[92.15468,21.78002],[92.15761,21.77979],[92.1596,21.77717],[92.16533,21.7746],[92.16684,21.77993],[92.17409,21.7836],[92.17466,21.78961],[92.17966,21.79139],[92.18229,21.78924],[92.18249,21.77882],[92.18966,21.77623],[92.19033,21.781],[92.18855,21.78963],[92.18526,21.79541],[92.18561,21.79993],[92.18495,21.80181],[92.1802,21.80493],[92.18084,21.81022],[92.17848,21.81342],[92.18019,21.81623],[92.17894,21.81836],[92.17987,21.82154],[92.17776,21.82245],[92.17518,21.82856],[92.17084,21.83094],[92.1717,21.83257],[92.1672,21.84034],[92.16976,21.84127],[92.16873,21.8452],[92.17288,21.84723],[92.17683,21.84621],[92.18032,21.84777],[92.18322,21.84519],[92.18238,21.84199],[92.18445,21.83966],[92.18299,21.83281],[92.1792,21.83534],[92.1791,21.83347],[92.18165,21.83018],[92.18497,21.82923],[92.18658,21.8192],[92.18973,21.82005],[92.19152,21.82443],[92.19399,21.82396],[92.19594,21.8253],[92.19771,21.82456],[92.20035,21.81851],[92.20264,21.81646],[92.20463,21.81673],[92.20569,21.81387],[92.20429,21.81237],[92.20349,21.80452],[92.20665,21.79854],[92.20735,21.79336],[92.21236,21.78654],[92.21092,21.78475],[92.20393,21.78333],[92.20238,21.78459],[92.1995,21.78392],[92.19839,21.78632],[92.19435,21.78519],[92.19223,21.78011],[92.1921,21.77454],[92.18869,21.77385],[92.18085,21.7786],[92.18067,21.78916],[92.17643,21.78917],[92.17513,21.78261],[92.16806,21.77871],[92.1662,21.77287],[92.16086,21.76936],[92.16089,21.76199],[92.15577,21.74854],[92.15707,21.74645],[92.1551,21.74546],[92.1573,21.74166],[92.16024,21.74229],[92.16159,21.73856],[92.1582,21.73459],[92.14581,21.73597],[92.13978,21.73289],[92.13829,21.73416],[92.13886,21.73649],[92.12257,21.7387],[92.1158,21.74111],[92.11659,21.73749],[92.12155,21.73502],[92.12141,21.7327],[92.11242,21.73444],[92.10957,21.73104],[92.11159,21.72836],[92.11488,21.72704],[92.11461,21.72442],[92.11735,21.72274],[92.11876,21.71821],[92.11595,21.71634],[92.11072,21.71723],[92.10759,21.71986],[92.10696,21.71899],[92.1134,21.71152],[92.11421,21.7057],[92.10848,21.70745],[92.10416,21.70487],[92.10187,21.70171],[92.10361,21.69621],[92.10171,21.69417],[92.09913,21.695],[92.0923,21.68865],[92.09816,21.68383],[92.09924,21.6854],[92.10072,21.68427],[92.10327,21.67588],[92.10014,21.6732],[92.10656,21.67365],[92.10703,21.67063],[92.11221,21.66603],[92.1083,21.66564],[92.10749,21.66106],[92.1016,21.65863],[92.11295,21.65617],[92.11438,21.65077],[92.11096,21.64784],[92.10685,21.64852],[92.10279,21.64432],[92.0988,21.64391],[92.10726,21.6413],[92.11215,21.63397],[92.12423,21.63109],[92.12899,21.62498],[92.14056,21.61833],[92.14469,21.60757],[92.14189,21.60081],[92.14651,21.59967],[92.1475,21.59566],[92.15965,21.60113],[92.16151,21.60569],[92.16758,21.60536],[92.17368,21.59978],[92.17293,21.59186],[92.16901,21.59001],[92.16863,21.58806],[92.17288,21.58664],[92.17211,21.58387],[92.17569,21.58071],[92.17505,21.57845],[92.17854,21.57232],[92.18468,21.56851],[92.17728,21.55493],[92.16598,21.54875],[92.16296,21.543],[92.15901,21.54105],[92.15954,21.53318],[92.16386,21.5283],[92.16624,21.52212],[92.17041,21.51934],[92.16923,21.51373],[92.17522,21.50734],[92.18279,21.51217],[92.18222,21.50731],[92.18564,21.50098],[92.18622,21.51024],[92.19135,21.51139],[92.19368,21.51504],[92.19724,21.51364],[92.20143,21.51407],[92.20262,21.50325],[92.20431,21.50251],[92.20797,21.50593],[92.21714,21.50383],[92.21674,21.49863],[92.22289,21.49466],[92.22164,21.4832],[92.22427,21.48341],[92.22684,21.47888],[92.22984,21.4824],[92.23222,21.48204],[92.23244,21.47871],[92.23812,21.47603],[92.23982,21.47266],[92.23764,21.46773],[92.24032,21.46051],[92.23845,21.45705],[92.24225,21.45213],[92.23514,21.45323],[92.2352,21.44749],[92.23061,21.44775],[92.22937,21.44634],[92.23292,21.44039],[92.23281,21.43453],[92.2345,21.43283],[92.23342,21.42959],[92.24161,21.42619],[92.23774,21.41398],[92.24691,21.40832],[92.24698,21.40302],[92.24562,21.40127],[92.23571,21.39783],[92.22972,21.4003],[92.22567,21.39884],[92.22005,21.40079],[92.21404,21.39499],[92.20621,21.39328],[92.20188,21.39053],[92.19813,21.39769],[92.19893,21.40279],[92.19553,21.40593],[92.19625,21.40694],[92.19196,21.41376],[92.19148,21.41886],[92.1895,21.42066],[92.18948,21.42418],[92.18779,21.42648],[92.18269,21.42406],[92.17899,21.43179],[92.1766,21.43009],[92.16724,21.42967],[92.16398,21.43193],[92.15566,21.42488],[92.15598,21.41856],[92.15402,21.41596],[92.156,21.41251],[92.1524,21.40908],[92.14611,21.40643],[92.14352,21.39998],[92.14011,21.39913],[92.13665,21.40349],[92.12646,21.40069],[92.1291,21.39678],[92.12834,21.39338],[92.13123,21.3871],[92.13129,21.38036],[92.13555,21.37558],[92.1394,21.36687],[92.13941,21.3602],[92.14247,21.3541],[92.14312,21.34877],[92.14511,21.35031],[92.14969,21.34378],[92.15147,21.33712],[92.15021,21.33427],[92.15247,21.33065],[92.15297,21.32566],[92.15186,21.32176],[92.15387,21.32297],[92.15678,21.32074],[92.1583,21.3182],[92.15779,21.31247],[92.16032,21.31172],[92.16738,21.29883],[92.17104,21.2987],[92.17157,21.28918],[92.17767,21.28515],[92.17599,21.28206],[92.18086,21.27566],[92.17915,21.27374],[92.17971,21.27165],[92.18204,21.26956],[92.19049,21.27173],[92.1927,21.26663],[92.19207,21.26528],[92.18941,21.26541],[92.19128,21.26303],[92.19083,21.25963],[92.18602,21.25753],[92.18541,21.25516],[92.18203,21.25273],[92.18312,21.25029],[92.17877,21.23979],[92.1796,21.2348],[92.17019,21.22845],[92.16946,21.22363],[92.16624,21.22101],[92.16851,21.21821],[92.16554,21.21603],[92.16944,21.21452],[92.16722,21.21021],[92.17032,21.20684],[92.17079,21.20085],[92.17449,21.19876],[92.17467,21.196],[92.17324,21.19557],[92.17128,21.18998],[92.1738,21.18758],[92.17381,21.18537],[92.1764,21.18435],[92.1796,21.18507],[92.18425,21.19317],[92.20119,21.20658],[92.20676,21.21374],[92.21019,21.22468],[92.21442,21.22579],[92.21806,21.2319],[92.21079,21.24823],[92.21974,21.25761],[92.21202,21.28328],[92.19776,21.31963],[92.2115,21.33984],[92.25881,21.36218],[92.2558,21.38925],[92.26956,21.40042],[92.26907,21.4282],[92.29172,21.43048],[92.29724,21.42013],[92.30215,21.42349],[92.30916,21.4182],[92.31359,21.41946],[92.31489,21.42173],[92.32852,21.41908],[92.33004,21.42021],[92.32857,21.42688],[92.32568,21.42427],[92.32642,21.43199],[92.32854,21.43341],[92.32981,21.43143],[92.33321,21.43246],[92.33533,21.43567],[92.33785,21.43602],[92.34347,21.46688],[92.38098,21.47987],[92.4281,21.42357],[92.43882,21.36518],[92.45961,21.36911],[92.49911,21.36107],[92.5111,21.3639],[92.50852,21.3773],[92.53379,21.38044],[92.53465,21.37751],[92.54103,21.37614],[92.54344,21.37811],[92.54854,21.37891],[92.55417,21.38405],[92.55794,21.38389],[92.55766,21.38261],[92.56113,21.3801],[92.56125,21.37598],[92.56399,21.37197],[92.56219,21.36369],[92.56602,21.35625],[92.5677,21.34278],[92.57101,21.33539],[92.57345,21.33325],[92.57162,21.33008],[92.57155,21.32437],[92.57316,21.32074],[92.57626,21.31852],[92.57854,21.3081],[92.58259,21.2992],[92.58344,21.29217],[92.58565,21.28807],[92.58401,21.28234],[92.58481,21.27702],[92.58662,21.2759],[92.586,21.2717],[92.59089,21.26456],[92.59418,21.24675],[92.5962,21.24408],[92.61265,21.24681],[92.61563,21.24826],[92.61576,21.251],[92.62288,21.25088],[92.62182,21.25679],[92.62791,21.26037],[92.62991,21.26323],[92.62947,21.26858],[92.63237,21.26946],[92.63295,21.26751],[92.63581,21.27126],[92.63992,21.27124],[92.64198,21.27424],[92.64565,21.27304],[92.64881,21.27649],[92.65247,21.27584],[92.661,21.28034],[92.66349,21.27907],[92.66827,21.28273],[92.67429,21.28287],[92.68026,21.28562],[92.67984,21.29769],[92.66355,21.31997],[92.65682,21.3477],[92.65111,21.35857],[92.64871,21.37709],[92.6504,21.38589],[92.64905,21.39081],[92.64341,21.39997],[92.64281,21.40978],[92.63924,21.41995],[92.63919,21.4262],[92.64115,21.42877],[92.63888,21.43026],[92.63975,21.43238],[92.63848,21.43732],[92.63481,21.43798],[92.63122,21.44678],[92.63145,21.45276],[92.62425,21.47546],[92.62744,21.48194],[92.62724,21.48819],[92.61971,21.51594],[92.62014,21.53189],[92.61645,21.54685],[92.61702,21.55789],[92.61525,21.57036],[92.60901,21.58466],[92.6083,21.60714],[92.61103,21.62298],[92.60985,21.62778],[92.60838,21.62861],[92.60929,21.63003],[92.60601,21.64488],[92.60183,21.65471],[92.6045,21.67326],[92.60635,21.67448],[92.60773,21.68131],[92.60657,21.69029],[92.6012,21.7026],[92.60438,21.72234],[92.60874,21.73109],[92.60536,21.74318],[92.60888,21.74675],[92.60747,21.75547],[92.60913,21.76579],[92.61096,21.76898],[92.61192,21.78104],[92.60998,21.78543],[92.61032,21.79337],[92.60818,21.79518],[92.6096,21.79776],[92.60825,21.80388],[92.61012,21.81189],[92.60939,21.81711],[92.62143,21.82533],[92.62009,21.8257],[92.62019,21.82917],[92.61555,21.83217],[92.61632,21.83561],[92.61347,21.84243],[92.61391,21.85191]]]}},{"type":"Feature","properties":{"ADM2_EN":"Barguna","ADM1_EN":"Barisal"},"geometry":{"type":"MultiPolygon","coordinates":[[[[89.87968,22.07869],[89.88495,22.0839],[89.88475,22.08816],[89.8829,22.09103],[89.87521,22.08308],[89.87685,22.07964],[89.87968,22.07869]]],[[[89.89122,22.15006],[89.89093,22.15827],[89.88929,22.15819],[89.89122,22.15006]]],[[[90.23035,22.45329],[90.23122,22.45841],[90.22853,22.46625],[90.24091,22.48048],[90.24182,22.48247],[90.24032,22.48504],[90.23728,22.48586],[90.22821,22.48348],[90.21971,22.47705],[90.2165,22.47796],[90.21299,22.47472],[90.20748,22.47656],[90.20379,22.47515],[90.20204,22.47805],[90.19468,22.47804],[90.19049,22.47953],[90.18809,22.48017],[90.18616,22.47805],[90.17994,22.46886],[90.17481,22.45738],[90.17696,22.43838],[90.17529,22.43098],[90.16719,22.42323],[90.15462,22.4158],[90.15347,22.41311],[90.14083,22.40449],[90.12297,22.37902],[90.11563,22.36415],[90.10121,22.35605],[90.09291,22.34454],[90.08671,22.34576],[90.07926,22.35263],[90.06996,22.34222],[90.0672,22.34171],[90.06143,22.34359],[90.05468,22.33815],[90.05086,22.33691],[90.04948,22.33367],[90.05359,22.32447],[90.05317,22.31496],[90.04928,22.31488],[90.04431,22.31788],[90.04217,22.31769],[90.03919,22.30471],[90.03291,22.30391],[90.03049,22.29795],[90.02399,22.29311],[90.02405,22.2878],[90.02025,22.27528],[90.02921,22.25983],[90.02082,22.24171],[90.01871,22.2305],[90.01087,22.22858],[89.99777,22.22869],[89.9979,22.21997],[90.00053,22.21382],[89.9996,22.21232],[89.9945,22.21241],[89.99159,22.20961],[89.99205,22.20031],[89.99082,22.19873],[89.9869,22.20145],[89.98357,22.20638],[89.97876,22.2026],[89.97497,22.20387],[89.96876,22.21132],[89.96853,22.22055],[89.96722,22.22046],[89.96473,22.21699],[89.96388,22.20771],[89.96931,22.19166],[89.95882,22.18271],[89.95764,22.17142],[89.95551,22.17102],[89.94211,22.17639],[89.93498,22.16597],[89.93082,22.16257],[89.9226,22.16019],[89.90719,22.15876],[89.91166,22.13622],[89.91029,22.1083],[89.90103,22.07239],[89.91012,22.05279],[89.91701,22.02258],[89.92868,22.01192],[89.93276,22.00542],[89.93389,22.0005],[89.93578,21.99935],[89.937,21.98415],[89.93549,21.98033],[89.93195,21.97731],[89.93636,21.97387],[89.93564,21.97038],[89.93823,21.96632],[89.93834,21.95886],[89.94713,21.95121],[89.95754,21.94668],[89.9745,21.9487],[89.98659,21.9563],[89.98203,21.96357],[89.98644,21.96147],[89.98849,21.96577],[89.97895,22.00109],[89.97164,22.01509],[89.97187,22.03049],[89.97661,22.04144],[89.98376,22.051],[90.00789,22.06525],[90.01808,22.0738],[90.02264,22.08107],[90.02159,22.08867],[90.01349,22.10311],[90.01289,22.1161],[90.01635,22.12882],[90.02179,22.13714],[90.03131,22.14627],[90.03804,22.15071],[90.06021,22.16094],[90.05621,22.16404],[90.03247,22.16831],[90.02334,22.17357],[90.01972,22.17725],[90.01976,22.18766],[90.02601,22.19018],[90.02753,22.18949],[90.031,22.18635],[90.02363,22.1875],[90.02271,22.18205],[90.03225,22.17765],[90.03482,22.17751],[90.03903,22.18043],[90.04252,22.17985],[90.03273,22.18593],[90.03582,22.18717],[90.03962,22.18744],[90.05414,22.18136],[90.06689,22.17155],[90.07073,22.1602],[90.06803,22.15214],[90.06549,22.14898],[90.03475,22.12848],[90.03185,22.1182],[90.03033,22.10185],[90.03479,22.08407],[90.03553,22.07078],[90.03296,22.06103],[90.02893,22.0529],[90.02519,22.04798],[90.0168,22.04238],[90.00515,22.03942],[89.99365,22.03851],[89.98703,22.03516],[89.98855,22.02283],[89.9962,21.99989],[90.00924,21.98657],[90.01174,21.98667],[90.0178,21.98286],[90.0521,21.98121],[90.05634,21.9785],[90.06046,22.01087],[90.06464,22.02401],[90.08584,22.05976],[90.09987,22.0718],[90.11088,22.07751],[90.12689,22.08993],[90.13647,22.10058],[90.14401,22.11455],[90.15125,22.12095],[90.15759,22.12425],[90.17651,22.12745],[90.18793,22.12499],[90.20277,22.12396],[90.20438,22.12599],[90.21024,22.15278],[90.21933,22.14727],[90.21959,22.14528],[90.22385,22.14517],[90.22496,22.14168],[90.22257,22.13188],[90.21669,22.12047],[90.21065,22.11456],[90.19839,22.10807],[90.1906,22.10616],[90.18143,22.10635],[90.16422,22.11486],[90.15889,22.11471],[90.151,22.09899],[90.14029,22.08428],[90.11596,22.06273],[90.09733,22.0496],[90.0903,22.04147],[90.07528,22.00438],[90.07496,21.99565],[90.07691,21.99052],[90.07691,21.98344],[90.07449,21.97493],[90.07116,21.96968],[90.05397,21.95554],[90.04567,21.95191],[90.03215,21.94861],[90.02856,21.94521],[90.02323,21.92599],[90.02353,21.91724],[90.0283,21.91978],[90.02958,21.92365],[90.0303,21.9215],[90.02235,21.90716],[90.02491,21.89893],[90.02317,21.89167],[90.02384,21.88435],[90.02678,21.87991],[90.04612,21.86506],[90.06263,21.86037],[90.07521,21.86132],[90.09031,21.87386],[90.0975,21.88629],[90.1085,21.89581],[90.11033,21.89838],[90.10791,21.91549],[90.11059,21.92244],[90.11469,21.92582],[90.12064,21.92942],[90.13332,21.9288],[90.14283,21.93145],[90.14147,21.93572],[90.13446,21.94451],[90.13263,21.95331],[90.13522,21.95986],[90.14742,21.97477],[90.1535,21.98256],[90.1606,21.98754],[90.16536,21.98683],[90.17246,21.9811],[90.19117,21.98469],[90.1862,21.99374],[90.17835,22.00119],[90.18508,22.01229],[90.17857,22.02141],[90.18031,22.02237],[90.19766,22.02053],[90.20234,22.02179],[90.20018,22.02897],[90.20788,22.0287],[90.21023,22.03089],[90.20688,22.04138],[90.2113,22.04906],[90.20841,22.05193],[90.20065,22.05326],[90.20004,22.06303],[90.19367,22.05858],[90.18658,22.06622],[90.188,22.07564],[90.1855,22.08414],[90.19687,22.09137],[90.19993,22.09189],[90.20901,22.08407],[90.20569,22.07763],[90.20212,22.07917],[90.20009,22.07649],[90.20687,22.06921],[90.21298,22.07189],[90.2187,22.06377],[90.22168,22.06287],[90.22626,22.06446],[90.23302,22.06214],[90.23392,22.0603],[90.23361,22.05753],[90.22637,22.04793],[90.23724,22.04704],[90.23928,22.04451],[90.2233,22.03731],[90.22116,22.03452],[90.24064,22.03281],[90.24083,22.02664],[90.24761,22.02016],[90.24926,22.02097],[90.24964,22.02503],[90.25349,22.0252],[90.25027,22.02724],[90.25462,22.03265],[90.2628,22.03305],[90.26629,22.03053],[90.27429,22.02973],[90.27637,22.03089],[90.27984,22.03655],[90.28295,22.04662],[90.27898,22.05154],[90.28917,22.05666],[90.28086,22.0607],[90.27911,22.06441],[90.28842,22.06384],[90.29099,22.07122],[90.2962,22.07644],[90.30447,22.07682],[90.30828,22.07989],[90.31791,22.08264],[90.31357,22.09006],[90.31481,22.09197],[90.32537,22.09305],[90.32899,22.08521],[90.33356,22.10009],[90.33309,22.10817],[90.33762,22.1115],[90.34266,22.10961],[90.34649,22.11015],[90.34149,22.119],[90.34357,22.12158],[90.3435,22.12942],[90.33707,22.13772],[90.33648,22.16498],[90.34253,22.17411],[90.34915,22.18015],[90.36594,22.18803],[90.37189,22.19748],[90.36725,22.20072],[90.36657,22.19901],[90.36249,22.19709],[90.35349,22.19527],[90.35101,22.19642],[90.34782,22.20229],[90.34799,22.20512],[90.35628,22.20584],[90.36321,22.21525],[90.35815,22.2191],[90.35998,22.22108],[90.35778,22.22469],[90.35957,22.23171],[90.357,22.23391],[90.35491,22.23323],[90.35264,22.22978],[90.34963,22.23049],[90.34307,22.23847],[90.33531,22.23829],[90.33451,22.24498],[90.3284,22.24539],[90.334,22.26348],[90.32812,22.26222],[90.31345,22.25377],[90.30303,22.24366],[90.29944,22.24281],[90.2956,22.24459],[90.28864,22.24333],[90.2917,22.23624],[90.28697,22.23504],[90.28262,22.24889],[90.28838,22.2475],[90.28611,22.2512],[90.29002,22.24991],[90.29203,22.25515],[90.29012,22.2577],[90.28783,22.2583],[90.28487,22.25546],[90.28137,22.25551],[90.27179,22.26261],[90.2459,22.26172],[90.2369,22.24969],[90.23422,22.23955],[90.22543,22.23434],[90.22594,22.23171],[90.23155,22.23012],[90.23291,22.22799],[90.22496,22.21712],[90.21498,22.22423],[90.20828,22.22213],[90.19484,22.22973],[90.18034,22.23496],[90.15862,22.24948],[90.1568,22.25589],[90.15349,22.2602],[90.15581,22.26483],[90.14794,22.27301],[90.14667,22.28236],[90.14344,22.28974],[90.14615,22.30276],[90.14778,22.30492],[90.14621,22.30586],[90.14561,22.31231],[90.1564,22.31037],[90.15937,22.31352],[90.15834,22.31758],[90.15939,22.3216],[90.15728,22.32259],[90.15745,22.32549],[90.1563,22.32556],[90.15421,22.32479],[90.15361,22.32233],[90.15045,22.322],[90.14974,22.32903],[90.14588,22.33451],[90.14354,22.33291],[90.13954,22.33641],[90.13827,22.3431],[90.14158,22.34197],[90.14677,22.33731],[90.16965,22.32848],[90.1708,22.32629],[90.17594,22.3243],[90.17341,22.33187],[90.16835,22.33859],[90.17794,22.33941],[90.1818,22.34742],[90.18339,22.35498],[90.18052,22.36191],[90.18658,22.36634],[90.18767,22.39513],[90.19313,22.40349],[90.19492,22.41361],[90.20078,22.4174],[90.21134,22.41816],[90.21181,22.42207],[90.21611,22.42965],[90.22385,22.43951],[90.22062,22.44667],[90.22115,22.44848],[90.22689,22.4496],[90.23035,22.45329]]]]}},{"type":"Feature","properties":{"ADM2_EN":"Barisal","ADM1_EN":"Barisal"},"geometry":{"type":"MultiPolygon","coordinates":[[[[90.55435,22.59264],[90.5508,22.59832],[90.54241,22.6049],[90.54188,22.60283],[90.54678,22.59254],[90.55435,22.59264]]],[[[90.53438,22.61141],[90.53706,22.60705],[90.53991,22.60705],[90.53438,22.61141]]],[[[90.538,22.58987],[90.53526,22.59501],[90.53365,22.60395],[90.52741,22.61488],[90.52525,22.62163],[90.52577,22.64069],[90.52059,22.63803],[90.52028,22.63617],[90.52369,22.59911],[90.52325,22.57837],[90.52768,22.5773],[90.53375,22.57857],[90.5315,22.58251],[90.53137,22.58347],[90.53298,22.58251],[90.53119,22.58693],[90.53035,22.58574],[90.5294,22.58837],[90.52845,22.59429],[90.52979,22.58999],[90.53153,22.59213],[90.53094,22.58951],[90.53318,22.58573],[90.53545,22.58925],[90.53458,22.58373],[90.538,22.58987]]],[[[90.56024,22.69918],[90.54708,22.69922],[90.53945,22.70364],[90.53054,22.70568],[90.52321,22.70051],[90.52187,22.70097],[90.51885,22.69381],[90.52026,22.67632],[90.51813,22.65572],[90.52168,22.64151],[90.52353,22.64036],[90.5262,22.64251],[90.52809,22.65521],[90.52517,22.68392],[90.52964,22.68323],[90.53062,22.68575],[90.53878,22.68542],[90.53976,22.68782],[90.54218,22.68681],[90.5439,22.69109],[90.54732,22.6906],[90.54825,22.68837],[90.55328,22.68654],[90.56024,22.69918]]],[[[90.53765,22.71017],[90.53659,22.71515],[90.53207,22.71966],[90.5308,22.72458],[90.52916,22.7254],[90.52646,22.7083],[90.53311,22.70784],[90.53625,22.70989],[90.53754,22.70874],[90.53765,22.71017]]],[[[90.45752,22.75493],[90.45739,22.76066],[90.45236,22.76703],[90.44183,22.76329],[90.4428,22.75989],[90.45752,22.75493]]],[[[90.56352,22.70571],[90.57234,22.72116],[90.57349,22.7301],[90.57042,22.74461],[90.55993,22.76364],[90.55989,22.76877],[90.5495,22.76004],[90.54652,22.75461],[90.54279,22.74034],[90.5436,22.73412],[90.54592,22.73453],[90.5437,22.73187],[90.54346,22.72475],[90.54605,22.70911],[90.54866,22.70303],[90.55489,22.70296],[90.55717,22.70587],[90.5612,22.70622],[90.55963,22.72028],[90.56474,22.73919],[90.5608,22.72171],[90.56352,22.70571]]],[[[90.52466,22.72135],[90.52482,22.7356],[90.52121,22.7499],[90.5213,22.75956],[90.52382,22.7727],[90.52929,22.78644],[90.51933,22.79738],[90.5196,22.79977],[90.51455,22.8015],[90.50168,22.79217],[90.50263,22.78572],[90.50161,22.77482],[90.49871,22.76986],[90.4879,22.75971],[90.48494,22.7537],[90.49275,22.7477],[90.49521,22.74401],[90.49774,22.73124],[90.50743,22.71788],[90.50754,22.71998],[90.51096,22.7167],[90.51312,22.71705],[90.51313,22.71411],[90.51866,22.71025],[90.52096,22.71047],[90.52443,22.71433],[90.52466,22.72135]]],[[[90.56027,22.76989],[90.56835,22.79202],[90.57339,22.79081],[90.5755,22.78882],[90.57979,22.78932],[90.58428,22.79915],[90.58217,22.80338],[90.56818,22.79951],[90.56761,22.7987],[90.57593,22.79915],[90.56615,22.79728],[90.55468,22.79197],[90.54127,22.78303],[90.53495,22.77612],[90.52909,22.76519],[90.53906,22.77604],[90.53087,22.76417],[90.52807,22.75439],[90.52988,22.75045],[90.53538,22.7576],[90.53651,22.75726],[90.53148,22.75059],[90.52885,22.74926],[90.52989,22.74057],[90.53312,22.73602],[90.54135,22.73491],[90.53925,22.74256],[90.54138,22.74351],[90.54595,22.75706],[90.55203,22.76391],[90.56027,22.76989]]],[[[90.49315,22.80815],[90.50516,22.81427],[90.50705,22.81988],[90.50415,22.82132],[90.49861,22.82122],[90.49344,22.81878],[90.49124,22.81395],[90.49315,22.80815]]],[[[90.52022,22.87744],[90.52347,22.88215],[90.51041,22.87803],[90.49466,22.86699],[90.48242,22.85407],[90.48554,22.84584],[90.48729,22.84574],[90.4905,22.85094],[90.49819,22.85617],[90.52022,22.87744]]],[[[90.65142,22.8481],[90.62135,22.8708],[90.60305,22.87488],[90.57307,22.8781],[90.55258,22.88812],[90.53672,22.88932],[90.53279,22.88871],[90.52592,22.88369],[90.5252,22.88065],[90.50838,22.86481],[90.50144,22.85557],[90.49337,22.85135],[90.49091,22.84869],[90.48751,22.83956],[90.48561,22.80148],[90.48652,22.79698],[90.48812,22.79617],[90.49085,22.79659],[90.49406,22.7994],[90.49007,22.81162],[90.49125,22.81706],[90.49396,22.8198],[90.50068,22.82247],[90.49628,22.8278],[90.49719,22.83921],[90.49767,22.82755],[90.50361,22.82293],[90.50555,22.82305],[90.5024,22.827],[90.50658,22.8243],[90.50864,22.82238],[90.50908,22.81891],[90.50635,22.81349],[90.49889,22.80885],[90.50102,22.81147],[90.49476,22.808],[90.49439,22.80394],[90.4967,22.80164],[90.50707,22.80457],[90.51414,22.80455],[90.52582,22.79956],[90.53195,22.7988],[90.54065,22.79442],[90.55662,22.80392],[90.57124,22.80999],[90.58574,22.8129],[90.60245,22.81383],[90.61036,22.82404],[90.63336,22.82926],[90.63488,22.8355],[90.64386,22.83671],[90.64333,22.83854],[90.64622,22.83906],[90.64666,22.84377],[90.65142,22.8481]]],[[[90.6065,22.88849],[90.60328,22.89635],[90.60194,22.89676],[90.5992,22.89091],[90.59969,22.88589],[90.60061,22.88774],[90.60104,22.88499],[90.6065,22.88849]]],[[[90.68459,22.9032],[90.68914,22.90375],[90.68712,22.90616],[90.68459,22.9032]]],[[[90.59693,22.91101],[90.59406,22.91196],[90.58321,22.9078],[90.57521,22.90692],[90.56574,22.90126],[90.56035,22.89516],[90.56862,22.89882],[90.56743,22.897],[90.56852,22.89612],[90.56498,22.89546],[90.56452,22.89397],[90.56772,22.88935],[90.57218,22.8895],[90.56953,22.88893],[90.56996,22.887],[90.58341,22.88337],[90.59691,22.88357],[90.59799,22.89349],[90.60124,22.90061],[90.59693,22.91101]]],[[[90.67589,22.92089],[90.6655,22.92848],[90.66646,22.92418],[90.67043,22.92254],[90.66996,22.92067],[90.66769,22.92087],[90.66726,22.91858],[90.66899,22.91284],[90.67099,22.91149],[90.67113,22.90829],[90.6728,22.91081],[90.67127,22.9157],[90.67318,22.91483],[90.67577,22.91644],[90.67736,22.91476],[90.6775,22.9117],[90.67448,22.90794],[90.67853,22.91175],[90.67865,22.91509],[90.67589,22.92089]]],[[[90.67231,22.92804],[90.67141,22.92996],[90.67063,22.92793],[90.66754,22.92854],[90.6712,22.92632],[90.67231,22.92804]]],[[[90.65694,22.92818],[90.65276,22.92978],[90.64715,22.92215],[90.64777,22.92096],[90.64963,22.92296],[90.65071,22.9209],[90.64621,22.91867],[90.65055,22.91932],[90.65399,22.92705],[90.65484,22.92064],[90.64917,22.91149],[90.6532,22.91247],[90.65384,22.90654],[90.65898,22.90241],[90.66159,22.90814],[90.66013,22.91593],[90.6617,22.92066],[90.65694,22.92818]]],[[[90.64172,22.93016],[90.64201,22.9358],[90.63962,22.93237],[90.63992,22.93064],[90.64172,22.93016]]],[[[90.65822,22.93788],[90.65503,22.9389],[90.65274,22.93642],[90.65593,22.93345],[90.65595,22.93708],[90.65769,22.93449],[90.65795,22.93578],[90.65919,22.93506],[90.65822,22.93788]]],[[[90.65041,22.93975],[90.65135,22.94171],[90.64996,22.94276],[90.64768,22.94024],[90.65041,22.93975]]],[[[90.67692,22.93136],[90.66781,22.93969],[90.66635,22.94352],[90.66315,22.94224],[90.6675,22.93458],[90.67505,22.92761],[90.67424,22.93323],[90.67953,22.92072],[90.68318,22.91587],[90.6824,22.91402],[90.68387,22.91085],[90.68684,22.91137],[90.68589,22.91544],[90.6884,22.91417],[90.68873,22.91615],[90.68742,22.91843],[90.68506,22.91747],[90.68225,22.92352],[90.67907,22.92467],[90.67692,22.93136]]],[[[90.45837,23.00404],[90.45317,23.00409],[90.45174,23.00632],[90.41445,23.00202],[90.413,22.99901],[90.41799,22.99388],[90.42505,22.98999],[90.45814,22.9877],[90.47361,22.98273],[90.47431,22.99086],[90.46731,22.99508],[90.46416,22.99538],[90.46284,22.99416],[90.45837,23.00404]]],[[[90.5976,23.01485],[90.59884,23.00667],[90.60174,23.00992],[90.5976,23.01485]]],[[[90.58959,23.02486],[90.59036,23.00455],[90.59189,23.00086],[90.59605,23.00787],[90.59629,23.01635],[90.58959,23.02486]]],[[[90.47571,23.00758],[90.4773,23.00409],[90.47539,23.0029],[90.476,23.0006],[90.48094,22.99581],[90.48,22.99299],[90.48287,22.98643],[90.48129,22.9786],[90.48303,22.97482],[90.49389,22.96393],[90.49712,22.95823],[90.50063,22.95832],[90.49955,22.96071],[90.50188,22.96204],[90.51115,22.95527],[90.51486,22.9554],[90.52699,22.94107],[90.53402,22.93025],[90.5405,22.9111],[90.53951,22.89691],[90.5487,22.89688],[90.558,22.90029],[90.57223,22.9119],[90.58149,22.91598],[90.58822,22.92097],[90.59223,22.9299],[90.59082,22.93736],[90.58693,22.94531],[90.57117,22.96472],[90.54304,22.9935],[90.52842,23.01616],[90.51541,23.03155],[90.50778,23.03392],[90.49773,23.02764],[90.49602,23.02473],[90.49318,23.02469],[90.48981,23.02253],[90.48922,23.01395],[90.48475,23.01363],[90.47571,23.00758]]],[[[90.56684,23.04353],[90.56871,23.03135],[90.58362,22.99755],[90.58736,22.9927],[90.58851,22.99552],[90.58639,23.00609],[90.58784,23.0188],[90.58455,23.02316],[90.58803,23.02057],[90.58866,23.02543],[90.57327,23.03682],[90.56684,23.04353]]],[[[90.52803,23.05751],[90.52565,23.05661],[90.52661,23.05149],[90.52803,23.05751]]],[[[90.56558,23.04493],[90.55917,23.05184],[90.54831,23.05973],[90.54473,23.0538],[90.54151,23.03756],[90.54205,23.029],[90.54686,23.01895],[90.54616,23.01102],[90.56757,22.99387],[90.56783,22.9955],[90.56161,23.00217],[90.56157,23.00317],[90.5644,23.00158],[90.56389,23.0038],[90.5595,23.00622],[90.54994,23.01898],[90.56183,23.00651],[90.56116,23.01643],[90.56607,23.00563],[90.57534,22.99982],[90.57577,23.00331],[90.56796,23.02518],[90.5587,23.03771],[90.56545,23.03249],[90.5652,23.0341],[90.5605,23.0371],[90.55866,23.04434],[90.55964,23.04649],[90.56102,23.03818],[90.56553,23.03517],[90.56558,23.04493]]],[[[90.52417,23.06125],[90.52858,23.0652],[90.52361,23.06245],[90.52417,23.06125]]],[[[90.49782,23.04876],[90.49851,23.06904],[90.4826,23.06563],[90.48693,23.0552],[90.48739,23.05021],[90.49782,23.04876]]],[[[90.23035,22.45329],[90.25258,22.46058],[90.26139,22.46105],[90.26366,22.46261],[90.26768,22.4703],[90.2726,22.47458],[90.27474,22.4736],[90.27387,22.46943],[90.27784,22.47],[90.27954,22.47328],[90.28062,22.46881],[90.28497,22.46803],[90.28575,22.46668],[90.28801,22.46851],[90.29263,22.46873],[90.29495,22.47424],[90.29889,22.47492],[90.30754,22.47277],[90.31082,22.48135],[90.31379,22.48371],[90.32199,22.48105],[90.32394,22.47759],[90.32141,22.47791],[90.32964,22.46925],[90.33299,22.46775],[90.33577,22.46833],[90.34174,22.47343],[90.3416,22.47711],[90.35454,22.48743],[90.35411,22.49129],[90.35797,22.49187],[90.36016,22.50109],[90.36323,22.50436],[90.37136,22.50131],[90.39183,22.48479],[90.40397,22.48367],[90.40991,22.48129],[90.41978,22.47],[90.42449,22.46204],[90.42722,22.46045],[90.43635,22.47343],[90.43944,22.48061],[90.44065,22.48679],[90.43737,22.49922],[90.4394,22.50859],[90.44453,22.51821],[90.45718,22.53573],[90.46212,22.53613],[90.46839,22.53278],[90.47723,22.5323],[90.48821,22.53695],[90.49511,22.54362],[90.50119,22.54686],[90.50479,22.54426],[90.50705,22.53485],[90.51239,22.53409],[90.52872,22.54725],[90.5277,22.55138],[90.52112,22.55029],[90.51351,22.55219],[90.5128,22.55543],[90.51547,22.55968],[90.52129,22.5591],[90.53937,22.56334],[90.52829,22.57159],[90.51642,22.57607],[90.51132,22.58068],[90.49763,22.58091],[90.47748,22.57891],[90.47704,22.58549],[90.49692,22.58633],[90.49421,22.5846],[90.50072,22.58412],[90.50685,22.5874],[90.5093,22.59332],[90.51089,22.60742],[90.50324,22.65481],[90.49782,22.66497],[90.50308,22.65897],[90.50577,22.67948],[90.50465,22.69258],[90.50286,22.69566],[90.49907,22.69508],[90.49135,22.68932],[90.48998,22.68143],[90.48,22.66853],[90.47982,22.66359],[90.47431,22.65279],[90.4726,22.6508],[90.47182,22.65171],[90.47754,22.66568],[90.47827,22.67357],[90.48543,22.67888],[90.49033,22.69084],[90.49571,22.69571],[90.50356,22.69999],[90.50387,22.70844],[90.49218,22.72525],[90.46407,22.74909],[90.45167,22.75554],[90.43214,22.75821],[90.43101,22.76001],[90.43628,22.7631],[90.43712,22.76673],[90.43043,22.78173],[90.43372,22.78103],[90.43993,22.7665],[90.44462,22.766],[90.44793,22.76886],[90.44831,22.77546],[90.44077,22.78377],[90.44632,22.78736],[90.45245,22.77866],[90.45428,22.78717],[90.45393,22.77444],[90.46308,22.76753],[90.47581,22.75248],[90.49123,22.73881],[90.4896,22.7446],[90.48137,22.74964],[90.47959,22.75524],[90.48339,22.76656],[90.49082,22.76922],[90.49157,22.77614],[90.49317,22.77767],[90.49466,22.77508],[90.49663,22.78048],[90.49388,22.78881],[90.48353,22.79323],[90.47808,22.79784],[90.474,22.79863],[90.47358,22.797],[90.47221,22.79703],[90.45269,22.80556],[90.44681,22.80587],[90.44512,22.80716],[90.44253,22.80569],[90.44333,22.7944],[90.43773,22.79439],[90.43863,22.8055],[90.44469,22.81409],[90.45365,22.86302],[90.45166,22.86704],[90.43882,22.88127],[90.4459,22.87521],[90.44488,22.8785],[90.44764,22.87688],[90.4548,22.86522],[90.45564,22.85599],[90.45179,22.83038],[90.4518,22.81632],[90.45411,22.81302],[90.4606,22.81056],[90.4664,22.80275],[90.46733,22.80485],[90.47136,22.80714],[90.47225,22.80991],[90.47081,22.81106],[90.4693,22.80905],[90.46766,22.81092],[90.47061,22.81264],[90.47339,22.81234],[90.47652,22.82189],[90.47433,22.85942],[90.47533,22.8654],[90.48263,22.87288],[90.48228,22.87713],[90.48656,22.87636],[90.50897,22.89018],[90.51778,22.8939],[90.52326,22.8945],[90.52916,22.89936],[90.53094,22.90728],[90.53125,22.92009],[90.52536,22.93111],[90.51622,22.94266],[90.49596,22.94965],[90.4872,22.95585],[90.47898,22.96558],[90.47211,22.97788],[90.46525,22.98077],[90.45483,22.98276],[90.45262,22.98466],[90.44466,22.98403],[90.42794,22.98704],[90.41593,22.99238],[90.41114,22.99837],[90.40722,22.99936],[90.40676,23.0005],[90.40953,23.00153],[90.40696,23.0046],[90.41734,23.00719],[90.40789,23.00708],[90.40719,23.0163],[90.41309,23.02337],[90.42225,23.0296],[90.42391,23.03489],[90.42142,23.04009],[90.41226,23.0424],[90.4084,23.04174],[90.39444,23.04731],[90.39056,23.05155],[90.38461,23.05111],[90.38494,23.05469],[90.38343,23.05626],[90.37579,23.05504],[90.36822,23.05862],[90.36552,23.05616],[90.36044,23.05735],[90.35632,23.0551],[90.34879,23.05675],[90.33504,23.05589],[90.33053,23.05811],[90.32594,23.05547],[90.32344,23.05613],[90.31575,23.05288],[90.31447,23.03534],[90.31932,23.02582],[90.32612,23.01943],[90.32945,23.00735],[90.32676,22.99412],[90.31988,22.98146],[90.29539,22.97529],[90.2911,22.97251],[90.28236,22.9749],[90.27603,22.97399],[90.26635,22.97016],[90.25719,22.96432],[90.25539,22.96478],[90.25913,22.97169],[90.25763,22.974],[90.25266,22.97548],[90.24744,22.97464],[90.2385,22.96605],[90.23529,22.96918],[90.22989,22.97949],[90.23048,22.99179],[90.23515,23.00657],[90.23313,23.00867],[90.23326,23.02273],[90.23834,23.03694],[90.23672,23.04469],[90.23182,23.04625],[90.22916,23.05032],[90.22604,23.05214],[90.22624,23.05725],[90.22261,23.05982],[90.22005,23.06566],[90.21626,23.06656],[90.21377,23.0699],[90.21219,23.06938],[90.21054,23.06674],[90.20475,23.06294],[90.20301,23.0632],[90.20396,23.05729],[90.20086,23.05379],[90.1994,23.05581],[90.19767,23.05425],[90.19476,23.05451],[90.19302,23.05825],[90.18818,23.05726],[90.18727,23.05971],[90.18477,23.06014],[90.18288,23.05864],[90.18032,23.06086],[90.18063,23.06368],[90.1775,23.06175],[90.17261,23.06645],[90.16497,23.06762],[90.16176,23.06434],[90.1578,23.06294],[90.16005,23.0591],[90.15504,23.05265],[90.14867,23.05489],[90.14317,23.05346],[90.14014,23.0544],[90.1369,23.05293],[90.13532,23.04979],[90.14244,23.04916],[90.14377,23.04784],[90.14262,23.04476],[90.13568,23.04321],[90.12697,23.02588],[90.12921,23.02307],[90.12667,23.0057],[90.09478,23.00684],[90.08926,22.99532],[90.08787,22.98879],[90.0854,22.98855],[90.08271,22.98359],[90.08379,22.98107],[90.07749,22.98277],[90.07487,22.97907],[90.07531,22.97697],[90.06882,22.9679],[90.0661,22.96973],[90.05824,22.97128],[90.05673,22.96192],[90.05869,22.95795],[90.05676,22.94923],[90.06086,22.94274],[90.05726,22.93262],[90.03481,22.93384],[90.03208,22.9167],[90.02259,22.89975],[90.02406,22.89801],[90.02328,22.8924],[90.02131,22.89195],[90.01926,22.88857],[90.02056,22.88526],[90.01792,22.88011],[90.01837,22.87104],[90.0203,22.8681],[90.03475,22.86568],[90.03438,22.83867],[90.02774,22.81755],[90.03723,22.81824],[90.04388,22.82443],[90.05444,22.8269],[90.0516,22.81794],[90.05454,22.81292],[90.05109,22.81019],[90.06064,22.80714],[90.06818,22.80085],[90.07673,22.78482],[90.08723,22.78368],[90.09422,22.7853],[90.10068,22.78206],[90.09829,22.77728],[90.09902,22.77551],[90.10543,22.77437],[90.10791,22.77569],[90.10845,22.77826],[90.11467,22.77808],[90.12185,22.77474],[90.12269,22.77062],[90.12741,22.76974],[90.12948,22.77157],[90.13242,22.76745],[90.13444,22.76685],[90.13694,22.76878],[90.14144,22.76862],[90.14067,22.75975],[90.14448,22.75706],[90.14613,22.75821],[90.15107,22.75728],[90.15173,22.76295],[90.16153,22.75919],[90.1668,22.76052],[90.1648,22.7515],[90.16798,22.74744],[90.17154,22.74771],[90.17369,22.75261],[90.17715,22.75268],[90.17661,22.75787],[90.18001,22.75795],[90.18548,22.7653],[90.18082,22.76617],[90.18111,22.77587],[90.18485,22.78018],[90.18982,22.78022],[90.19036,22.78256],[90.18884,22.78435],[90.19218,22.78653],[90.19525,22.78455],[90.19941,22.78493],[90.19959,22.7824],[90.20236,22.78088],[90.20104,22.77792],[90.20299,22.77594],[90.20492,22.77634],[90.20529,22.77295],[90.21131,22.77396],[90.21204,22.77002],[90.21438,22.76908],[90.21562,22.77065],[90.21786,22.77017],[90.21639,22.76136],[90.22218,22.75774],[90.22127,22.75541],[90.22393,22.75354],[90.22793,22.75354],[90.23103,22.75088],[90.24128,22.75567],[90.25511,22.75274],[90.26255,22.7437],[90.26427,22.73638],[90.27051,22.73177],[90.27266,22.71943],[90.26786,22.71473],[90.26991,22.70573],[90.27193,22.7052],[90.27315,22.70152],[90.27388,22.69006],[90.28993,22.68006],[90.29941,22.68559],[90.31989,22.67336],[90.32158,22.67076],[90.32052,22.66354],[90.31518,22.66024],[90.3172,22.65277],[90.32256,22.64627],[90.32609,22.64691],[90.32462,22.656],[90.32712,22.65934],[90.33617,22.65922],[90.34982,22.65166],[90.3563,22.65006],[90.36437,22.6521],[90.37163,22.65032],[90.37446,22.64614],[90.37469,22.64126],[90.36907,22.63141],[90.35427,22.6367],[90.34384,22.62939],[90.35472,22.62658],[90.37973,22.60977],[90.38355,22.60475],[90.3849,22.59663],[90.3839,22.5941],[90.38052,22.59194],[90.37472,22.59298],[90.36189,22.60061],[90.3574,22.60699],[90.34989,22.61362],[90.34632,22.61341],[90.33909,22.60601],[90.34967,22.6006],[90.35399,22.59674],[90.35902,22.59068],[90.36345,22.58056],[90.35684,22.575],[90.35107,22.56702],[90.34899,22.56846],[90.34694,22.57589],[90.34182,22.57664],[90.33218,22.58298],[90.32488,22.58174],[90.31773,22.57566],[90.3112,22.57832],[90.30882,22.56626],[90.30481,22.55924],[90.30312,22.55921],[90.29727,22.56431],[90.29225,22.56515],[90.28286,22.56122],[90.28106,22.55773],[90.28418,22.55496],[90.28464,22.55124],[90.27906,22.54262],[90.2732,22.54246],[90.26986,22.54065],[90.25754,22.52713],[90.24268,22.51849],[90.22751,22.50571],[90.20682,22.49985],[90.19718,22.49039],[90.19049,22.47953],[90.19468,22.47804],[90.20204,22.47805],[90.20379,22.47515],[90.20748,22.47656],[90.21299,22.47472],[90.2165,22.47796],[90.21971,22.47705],[90.22821,22.48348],[90.23728,22.48586],[90.24032,22.48504],[90.24182,22.48247],[90.24091,22.48048],[90.22853,22.46625],[90.23122,22.45841],[90.23035,22.45329]]],[[[90.53578,23.07105],[90.5324,23.07128],[90.53047,23.06671],[90.53578,23.07105]]],[[[90.52242,23.07212],[90.52264,23.07118],[90.52819,23.07156],[90.52242,23.07212]]]]}},{"type":"Feature","properties":{"ADM2_EN":"Bhola","ADM1_EN":"Barisal"},"geometry":{"type":"MultiPolygon","coordinates":[[[[90.77172,21.85595],[90.79045,21.86125],[90.81052,21.86331],[90.82944,21.8842],[90.83338,21.89467],[90.83199,21.89889],[90.81604,21.91191],[90.80976,21.91468],[90.80419,21.9153],[90.81169,21.92291],[90.82253,21.9258],[90.82171,21.92845],[90.81877,21.92964],[90.80666,21.92509],[90.78965,21.90664],[90.77116,21.86811],[90.76816,21.85685],[90.77172,21.85595]]],[[[90.72865,21.85834],[90.73579,21.86122],[90.74199,21.86698],[90.74793,21.8865],[90.76127,21.91082],[90.76031,21.92675],[90.75623,21.93164],[90.74617,21.93212],[90.73716,21.92843],[90.73407,21.92548],[90.72293,21.90641],[90.71575,21.89908],[90.71654,21.88855],[90.71188,21.86845],[90.71594,21.86045],[90.72865,21.85834]]],[[[90.60695,21.92382],[90.60665,21.91211],[90.60456,21.90236],[90.60923,21.90493],[90.61104,21.90855],[90.6132,21.93398],[90.61685,21.95462],[90.61754,21.96131],[90.61722,21.96891],[90.61141,21.96578],[90.61003,21.96356],[90.61466,21.95986],[90.61481,21.94346],[90.61267,21.9337],[90.60695,21.92382]]],[[[90.68238,21.97613],[90.65275,21.97468],[90.63582,21.97618],[90.6333,21.97523],[90.62603,21.95963],[90.62192,21.93435],[90.621,21.91691],[90.61282,21.89571],[90.61413,21.89126],[90.6223,21.89075],[90.63277,21.89463],[90.6474,21.89672],[90.68001,21.93034],[90.69188,21.952],[90.70021,21.97395],[90.68238,21.97613]]],[[[90.60179,21.96757],[90.60284,21.97312],[90.59922,21.97687],[90.58729,21.98394],[90.58467,21.97684],[90.58682,21.97425],[90.60179,21.96757]]],[[[90.86808,21.977],[90.86048,21.98793],[90.85663,21.99078],[90.85432,21.99074],[90.83968,21.98207],[90.83144,21.96528],[90.8317,21.95725],[90.83818,21.93164],[90.84299,21.92497],[90.84896,21.92054],[90.85382,21.92061],[90.85579,21.92352],[90.85496,21.93146],[90.84963,21.93894],[90.85248,21.94017],[90.85329,21.94284],[90.85957,21.93923],[90.86256,21.94571],[90.86248,21.95064],[90.86509,21.95779],[90.86112,21.96608],[90.86238,21.9722],[90.86153,21.97569],[90.86348,21.97587],[90.86643,21.97251],[90.86847,21.97513],[90.86808,21.977]]],[[[90.7617,21.98622],[90.76664,21.9893],[90.7737,21.99687],[90.76272,21.99549],[90.75398,21.98998],[90.75418,21.98831],[90.7617,21.98622]]],[[[90.81805,21.94484],[90.81875,21.95062],[90.81701,21.95704],[90.82102,21.96256],[90.82522,21.97497],[90.83196,21.98832],[90.83219,21.99281],[90.82986,21.99746],[90.82065,21.98838],[90.80735,21.96564],[90.77994,21.93456],[90.77686,21.91913],[90.77878,21.91343],[90.78046,21.91237],[90.78196,21.9137],[90.78656,21.92601],[90.78939,21.92916],[90.79045,21.93479],[90.79256,21.93698],[90.79985,21.93876],[90.8077,21.9447],[90.81521,21.94237],[90.81805,21.94484]]],[[[90.69208,21.97994],[90.70564,21.98973],[90.70867,21.99693],[90.70596,21.99709],[90.70009,21.992],[90.68119,21.98973],[90.67815,21.98822],[90.67804,21.98673],[90.68307,21.98246],[90.68814,21.98],[90.69208,21.97994]]],[[[90.84082,21.99167],[90.84711,21.99785],[90.83891,22.01157],[90.83586,22.0025],[90.83639,21.99791],[90.8389,21.99603],[90.84082,21.99167]]],[[[90.71399,21.99987],[90.72598,22.01265],[90.72548,22.01425],[90.71144,22.00203],[90.71123,22.0006],[90.71399,21.99987]]],[[[90.78055,22.00267],[90.78453,22.00361],[90.7866,22.00635],[90.78947,22.02333],[90.78789,22.02515],[90.77527,22.0212],[90.77283,22.01585],[90.77299,22.00806],[90.7688,22.00459],[90.77209,22.00259],[90.78055,22.00267]]],[[[90.58983,21.98687],[90.60622,21.97759],[90.62071,21.98653],[90.62249,21.99092],[90.62034,21.99598],[90.61057,22.00694],[90.60662,22.01446],[90.5943,22.02928],[90.59113,22.02986],[90.58245,22.02254],[90.5927,21.99605],[90.59244,21.99061],[90.58983,21.98687]]],[[[90.72894,22.01778],[90.73562,22.02088],[90.74224,22.02977],[90.75314,22.04],[90.75711,22.05327],[90.7486,22.05383],[90.74064,22.04818],[90.7232,22.02206],[90.72066,22.016],[90.72271,22.01547],[90.72894,22.01778]]],[[[90.89093,22.04979],[90.89643,22.05531],[90.89795,22.06462],[90.89332,22.08248],[90.89528,22.08447],[90.88981,22.09096],[90.88591,22.09184],[90.88004,22.0835],[90.87864,22.06047],[90.8801,22.05516],[90.88345,22.05098],[90.89093,22.04979]]],[[[90.89563,22.08883],[90.88984,22.09847],[90.88637,22.09332],[90.89108,22.09258],[90.89563,22.08883]]],[[[90.87938,22.10005],[90.88321,22.10472],[90.89159,22.10797],[90.89415,22.11584],[90.89565,22.1167],[90.89442,22.1254],[90.88705,22.11942],[90.88418,22.11265],[90.87606,22.10227],[90.87621,22.10064],[90.87938,22.10005]]],[[[91.01505,22.17566],[91.01726,22.17973],[91.01747,22.18697],[91.01505,22.17566]]],[[[90.57856,22.05148],[90.58776,22.05684],[90.59106,22.0608],[90.59841,22.08778],[90.60783,22.10883],[90.60499,22.12155],[90.60481,22.13884],[90.60034,22.15183],[90.59894,22.16479],[90.60019,22.17105],[90.60392,22.17826],[90.60317,22.18352],[90.59991,22.18812],[90.58555,22.18478],[90.57621,22.16225],[90.57002,22.15168],[90.57257,22.1468],[90.58466,22.14019],[90.58381,22.12837],[90.58097,22.12132],[90.58565,22.10638],[90.58585,22.08736],[90.57982,22.06871],[90.57856,22.05148]]],[[[90.58676,22.18904],[90.60737,22.19335],[90.61853,22.19761],[90.62541,22.20313],[90.62787,22.20283],[90.63253,22.21295],[90.63164,22.24259],[90.6299,22.2437],[90.62154,22.24348],[90.60162,22.21112],[90.59257,22.20097],[90.58676,22.18904]]],[[[91.01366,22.26985],[91.0111,22.2657],[91.00941,22.25677],[91.01148,22.24476],[91.01341,22.24121],[91.01533,22.24263],[91.01278,22.25767],[91.01366,22.26985]]],[[[90.92326,22.23154],[90.9315,22.24765],[90.93624,22.26159],[90.93924,22.28394],[90.939,22.28691],[90.93762,22.28768],[90.93133,22.28442],[90.93214,22.28164],[90.92953,22.26779],[90.9194,22.23515],[90.9197,22.23286],[90.92326,22.23154]]],[[[90.66437,22.25902],[90.67213,22.2718],[90.67382,22.29034],[90.67119,22.28963],[90.6699,22.27721],[90.66437,22.25902]]],[[[90.87348,22.28837],[90.8742,22.29231],[90.86974,22.29305],[90.87087,22.28917],[90.87348,22.28837]]],[[[90.89871,22.20745],[90.90426,22.23132],[90.90346,22.23859],[90.90675,22.23991],[90.90895,22.24678],[90.91164,22.26479],[90.91302,22.28352],[90.91007,22.29725],[90.89375,22.24705],[90.89503,22.24198],[90.89538,22.21559],[90.89652,22.20894],[90.89871,22.20745]]],[[[90.874,22.29776],[90.87732,22.2991],[90.87929,22.30583],[90.87598,22.30585],[90.8742,22.30414],[90.87147,22.29863],[90.874,22.29776]]],[[[90.96513,22.29999],[90.96692,22.30954],[90.96526,22.31495],[90.96342,22.31645],[90.96106,22.31206],[90.9634,22.30134],[90.96513,22.29999]]],[[[91.01061,22.28354],[91.01432,22.28887],[91.01587,22.29703],[91.00992,22.30897],[90.9995,22.32443],[90.99789,22.32224],[91.00119,22.30611],[91.00806,22.28632],[91.01061,22.28354]]],[[[90.92891,22.29801],[90.937,22.3024],[90.94004,22.30808],[90.94054,22.31257],[90.93655,22.32774],[90.93283,22.3248],[90.9345,22.31633],[90.92583,22.29898],[90.92613,22.29788],[90.92891,22.29801]]],[[[90.88855,22.3189],[90.89013,22.32642],[90.88883,22.32786],[90.88342,22.32495],[90.87751,22.31631],[90.88229,22.3175],[90.8866,22.31554],[90.88855,22.3189]]],[[[91.0194,22.29282],[91.02092,22.30705],[91.02403,22.31673],[91.01901,22.33231],[91.01001,22.33646],[91.00773,22.33394],[91.00861,22.32021],[91.01681,22.3063],[91.0194,22.29282]]],[[[90.85834,22.33161],[90.85915,22.33799],[90.85641,22.34467],[90.85382,22.3368],[90.85442,22.33386],[90.85834,22.33161]]],[[[90.99141,22.32915],[90.98872,22.34388],[90.98721,22.34561],[90.97889,22.34633],[90.96978,22.34314],[90.97249,22.3196],[90.97199,22.30216],[90.9587,22.25281],[90.9492,22.2292],[90.93224,22.19924],[90.93313,22.19862],[90.93102,22.19372],[90.91943,22.17223],[90.90185,22.12682],[90.89508,22.09922],[90.89489,22.09382],[90.89744,22.09964],[90.89862,22.09954],[90.90165,22.07923],[90.90984,22.07244],[90.91512,22.07241],[90.91975,22.07492],[90.93339,22.10879],[90.94878,22.13202],[90.95956,22.1453],[90.97478,22.17127],[90.97703,22.17153],[90.97564,22.17308],[90.98907,22.19976],[90.99414,22.22464],[91.00091,22.27799],[90.99832,22.29593],[90.99247,22.31446],[90.99141,22.32915]]],[[[90.91796,22.28554],[90.92127,22.28954],[90.92504,22.30419],[90.93067,22.31649],[90.93267,22.32767],[90.93692,22.33329],[90.93595,22.34194],[90.93167,22.34723],[90.92884,22.34557],[90.92345,22.33604],[90.91068,22.3038],[90.91796,22.28554]]],[[[90.67408,22.29258],[90.67945,22.33004],[90.67997,22.35126],[90.67751,22.35419],[90.67557,22.35078],[90.67461,22.32177],[90.67073,22.29425],[90.67121,22.29288],[90.67408,22.29258]]],[[[90.67885,22.35512],[90.67606,22.362],[90.67648,22.35615],[90.67885,22.35512]]],[[[90.66072,22.35585],[90.66461,22.35195],[90.66692,22.35254],[90.66896,22.34243],[90.66949,22.36326],[90.66776,22.37823],[90.66403,22.38183],[90.66017,22.38184],[90.65824,22.36603],[90.66072,22.35585]]],[[[90.89138,22.35524],[90.88795,22.35694],[90.88988,22.38575],[90.88801,22.39374],[90.88576,22.39586],[90.86491,22.35787],[90.86608,22.34377],[90.8709,22.33399],[90.87868,22.33624],[90.88613,22.34117],[90.89776,22.35636],[90.89138,22.35524]]],[[[90.66785,22.38857],[90.66518,22.40093],[90.66088,22.40389],[90.66077,22.39487],[90.66356,22.39252],[90.66426,22.38978],[90.66785,22.38857]]],[[[90.99018,22.391],[90.97228,22.4206],[90.96403,22.41826],[90.95984,22.41547],[90.95018,22.40099],[90.94893,22.39149],[90.95422,22.37511],[90.96466,22.36553],[90.99108,22.36518],[90.99417,22.37066],[90.99018,22.391]]],[[[90.66088,22.40772],[90.66775,22.39898],[90.6711,22.38753],[90.67304,22.38643],[90.67466,22.39197],[90.66853,22.42365],[90.66844,22.43758],[90.66525,22.43297],[90.66265,22.41666],[90.66088,22.40772]]],[[[90.64456,22.4519],[90.64262,22.4556],[90.63447,22.45997],[90.64456,22.4519]]],[[[90.95088,22.46454],[90.94627,22.46309],[90.93745,22.45578],[90.93777,22.44646],[90.93365,22.43367],[90.93424,22.42951],[90.94087,22.4212],[90.9476,22.41796],[90.96554,22.42378],[90.96773,22.42763],[90.96553,22.43578],[90.95088,22.46454]]],[[[90.66516,22.44927],[90.66964,22.46011],[90.66612,22.46452],[90.66371,22.46537],[90.66516,22.44927]]],[[[90.89661,22.45076],[90.90197,22.45302],[90.90836,22.46312],[90.9088,22.4668],[90.90109,22.46718],[90.8932,22.4644],[90.89096,22.45973],[90.89103,22.45452],[90.89301,22.45121],[90.89661,22.45076]]],[[[90.63235,22.46298],[90.63519,22.47256],[90.63341,22.476],[90.62673,22.47847],[90.61754,22.47581],[90.62567,22.47106],[90.63235,22.46298]]],[[[90.6442,22.46241],[90.64689,22.47674],[90.63286,22.48124],[90.64131,22.47308],[90.6442,22.46241]]],[[[90.88438,22.51708],[90.86873,22.52902],[90.85629,22.54218],[90.853,22.54296],[90.85309,22.53723],[90.86092,22.526],[90.86307,22.4986],[90.86638,22.49375],[90.88249,22.4907],[90.901,22.49409],[90.90539,22.49626],[90.90497,22.50234],[90.88438,22.51708]]],[[[90.65902,22.54069],[90.66034,22.54636],[90.65688,22.54889],[90.65736,22.54207],[90.65902,22.54069]]],[[[90.85023,22.53676],[90.85035,22.54346],[90.85237,22.5456],[90.84535,22.55037],[90.84175,22.55105],[90.84172,22.54082],[90.84509,22.52871],[90.84633,22.52952],[90.84625,22.53325],[90.84493,22.53574],[90.85023,22.53676]]],[[[90.64122,22.55313],[90.63263,22.55412],[90.61404,22.55151],[90.60618,22.54389],[90.60198,22.53526],[90.62778,22.49414],[90.63614,22.4889],[90.6382,22.49037],[90.636,22.49326],[90.64901,22.49047],[90.64945,22.49645],[90.64797,22.50787],[90.64419,22.51434],[90.64251,22.52413],[90.6343,22.53452],[90.63105,22.5414],[90.64399,22.52855],[90.64465,22.53388],[90.64219,22.54446],[90.6469,22.53327],[90.65434,22.54089],[90.65416,22.546],[90.6515,22.5496],[90.63607,22.55133],[90.62903,22.55121],[90.63145,22.54498],[90.62729,22.55086],[90.6168,22.54916],[90.62736,22.55247],[90.64122,22.55313]]],[[[90.58623,22.54736],[90.59497,22.54321],[90.59971,22.5472],[90.59725,22.54296],[90.59892,22.54302],[90.60279,22.54479],[90.6057,22.54944],[90.59819,22.55275],[90.60321,22.5534],[90.60649,22.55231],[90.60701,22.55476],[90.60304,22.55872],[90.59332,22.56419],[90.58212,22.56214],[90.59274,22.56527],[90.58967,22.56773],[90.59873,22.56519],[90.5927,22.56963],[90.57522,22.57046],[90.58206,22.56022],[90.58623,22.54736]]],[[[90.93211,22.49702],[90.89375,22.56028],[90.88599,22.56302],[90.85933,22.57956],[90.85552,22.57915],[90.8536,22.57672],[90.84312,22.57219],[90.84011,22.5681],[90.84096,22.56422],[90.85496,22.55245],[90.85747,22.54781],[90.85814,22.54851],[90.86399,22.54292],[90.87498,22.53086],[90.90385,22.50776],[90.91182,22.50308],[90.92205,22.49432],[90.93393,22.49373],[90.93211,22.49702]]],[[[90.57468,22.5712],[90.58853,22.57174],[90.56514,22.58736],[90.55774,22.58827],[90.57468,22.5712]]],[[[90.55435,22.59264],[90.55716,22.58902],[90.56521,22.58843],[90.58728,22.57377],[90.59231,22.57291],[90.58397,22.58471],[90.57509,22.59239],[90.56107,22.60056],[90.55354,22.6091],[90.55232,22.61273],[90.54593,22.61161],[90.54241,22.6049],[90.5508,22.59832],[90.55435,22.59264]]],[[[90.53991,22.60705],[90.54471,22.61486],[90.54297,22.61721],[90.53329,22.6182],[90.53438,22.61141],[90.53991,22.60705]]],[[[90.52741,22.61488],[90.52791,22.62606],[90.53538,22.64028],[90.52577,22.64069],[90.52525,22.62163],[90.52741,22.61488]]],[[[90.74677,22.66015],[90.74698,22.66271],[90.74468,22.66535],[90.74069,22.66579],[90.74163,22.66226],[90.74677,22.66015]]],[[[90.71182,22.65047],[90.70849,22.66292],[90.70403,22.66714],[90.70199,22.66132],[90.71182,22.65047]]],[[[90.74453,22.66983],[90.74152,22.67515],[90.74084,22.68409],[90.73473,22.68775],[90.73062,22.67955],[90.73103,22.66898],[90.73489,22.66963],[90.74369,22.66778],[90.74524,22.66839],[90.74453,22.66983]]],[[[90.5262,22.64251],[90.53626,22.64247],[90.53875,22.64676],[90.54083,22.66655],[90.53956,22.67122],[90.53411,22.67626],[90.54137,22.67133],[90.54618,22.64981],[90.55233,22.6594],[90.55282,22.66843],[90.55278,22.65869],[90.5485,22.65111],[90.54938,22.64729],[90.55631,22.64858],[90.56406,22.65482],[90.56356,22.65727],[90.56619,22.65709],[90.56386,22.65363],[90.5596,22.65119],[90.55863,22.64845],[90.56326,22.64711],[90.56625,22.64844],[90.56802,22.6513],[90.57056,22.65688],[90.5716,22.66753],[90.56687,22.68925],[90.56817,22.6968],[90.56529,22.69977],[90.56024,22.69918],[90.55328,22.68654],[90.54825,22.68837],[90.54732,22.6906],[90.5439,22.69109],[90.54218,22.68681],[90.53976,22.68782],[90.53878,22.68542],[90.53062,22.68575],[90.52964,22.68323],[90.52517,22.68392],[90.52809,22.65521],[90.5262,22.64251]]],[[[90.72772,22.72883],[90.70878,22.75094],[90.70533,22.75234],[90.69494,22.7249],[90.69615,22.71939],[90.72051,22.67909],[90.72302,22.69442],[90.72765,22.70377],[90.72779,22.71733],[90.72409,22.72263],[90.71613,22.72798],[90.72539,22.72537],[90.72772,22.72883]]],[[[90.69044,22.74947],[90.69073,22.75545],[90.68877,22.75145],[90.69044,22.74947]]],[[[90.68509,22.76282],[90.6833,22.76444],[90.67761,22.76058],[90.67932,22.75496],[90.68292,22.75291],[90.68428,22.75398],[90.68165,22.75632],[90.68648,22.75642],[90.68624,22.75965],[90.68772,22.76012],[90.68632,22.76311],[90.68509,22.76282]]],[[[90.68736,22.77852],[90.68292,22.77944],[90.67801,22.77582],[90.67664,22.77283],[90.67877,22.77378],[90.67915,22.77217],[90.68385,22.77215],[90.68562,22.77805],[90.68806,22.77637],[90.68736,22.77852]]],[[[90.67376,22.79677],[90.67252,22.79787],[90.65792,22.79502],[90.66245,22.79414],[90.6648,22.79573],[90.67019,22.79535],[90.67376,22.79677]]],[[[90.56352,22.70571],[90.56517,22.70407],[90.56798,22.70437],[90.56815,22.70817],[90.57212,22.71367],[90.56859,22.70286],[90.57687,22.67295],[90.57746,22.66045],[90.58021,22.65277],[90.57745,22.65866],[90.57402,22.65107],[90.56727,22.64528],[90.55242,22.6416],[90.53671,22.63169],[90.5336,22.62755],[90.53354,22.62025],[90.53527,22.61901],[90.54348,22.61864],[90.54805,22.6159],[90.55443,22.61444],[90.56196,22.60567],[90.57558,22.59907],[90.58701,22.5887],[90.60278,22.56885],[90.61033,22.56366],[90.62183,22.55889],[90.61771,22.56999],[90.61911,22.58337],[90.6084,22.60031],[90.61054,22.60751],[90.6095,22.60892],[90.6146,22.62238],[90.61574,22.6388],[90.60943,22.65667],[90.60543,22.662],[90.61128,22.65552],[90.61738,22.63915],[90.61569,22.61878],[90.60959,22.60102],[90.61486,22.59436],[90.6166,22.59414],[90.61983,22.58817],[90.62195,22.57841],[90.62153,22.56699],[90.64724,22.5611],[90.6571,22.55657],[90.66689,22.54697],[90.67039,22.53397],[90.66736,22.50533],[90.67197,22.48103],[90.67173,22.47367],[90.67391,22.46701],[90.67175,22.4241],[90.67797,22.39218],[90.67454,22.36769],[90.67997,22.3599],[90.6813,22.37029],[90.68236,22.34451],[90.68436,22.33178],[90.6773,22.27512],[90.6722,22.26175],[90.6645,22.24974],[90.65078,22.21609],[90.64013,22.19959],[90.62548,22.18249],[90.62146,22.17959],[90.61236,22.16528],[90.61617,22.16612],[90.61767,22.16918],[90.62131,22.16998],[90.62295,22.16892],[90.62006,22.14082],[90.6209,22.11672],[90.62328,22.1159],[90.62333,22.11428],[90.6206,22.11113],[90.61787,22.0969],[90.59832,22.04715],[90.59638,22.03765],[90.59754,22.03334],[90.61629,22.00664],[90.61931,22.00539],[90.62926,21.99407],[90.63848,21.99341],[90.68459,21.9998],[90.70541,22.01147],[90.7111,22.01692],[90.71673,22.02722],[90.72426,22.0368],[90.74075,22.05312],[90.75669,22.06074],[90.77647,22.07671],[90.77815,22.07479],[90.78099,22.07751],[90.79285,22.09824],[90.79537,22.10794],[90.80325,22.11425],[90.8059,22.11984],[90.81055,22.12497],[90.81479,22.14068],[90.81769,22.16294],[90.82635,22.19469],[90.83109,22.22492],[90.8412,22.26589],[90.84289,22.29222],[90.8361,22.32476],[90.83724,22.35162],[90.84579,22.38121],[90.85834,22.39931],[90.86447,22.41094],[90.86518,22.42337],[90.86362,22.42882],[90.86076,22.43223],[90.8481,22.43957],[90.83124,22.4572],[90.82212,22.4723],[90.81517,22.47984],[90.79827,22.49269],[90.78025,22.50913],[90.7731,22.51767],[90.76632,22.53023],[90.76187,22.54421],[90.75882,22.57873],[90.75911,22.59412],[90.75319,22.603],[90.73942,22.61614],[90.72824,22.61882],[90.71491,22.61673],[90.70913,22.61963],[90.71542,22.61739],[90.72608,22.62021],[90.71348,22.63402],[90.701,22.65625],[90.69921,22.66305],[90.69888,22.67534],[90.68898,22.68327],[90.68058,22.69827],[90.67768,22.71687],[90.6724,22.72148],[90.66949,22.73244],[90.66267,22.74571],[90.65947,22.75887],[90.65964,22.77441],[90.65651,22.7825],[90.63784,22.79663],[90.62375,22.80364],[90.61181,22.80433],[90.59943,22.8082],[90.58948,22.80427],[90.58217,22.80338],[90.58428,22.79915],[90.57979,22.78932],[90.5755,22.78882],[90.57339,22.79081],[90.56835,22.79202],[90.56027,22.76989],[90.56288,22.7714],[90.55989,22.76877],[90.55993,22.76364],[90.57042,22.74461],[90.57349,22.7301],[90.57234,22.72116],[90.56352,22.70571]]],[[[90.6761,22.80757],[90.66902,22.81047],[90.66302,22.80774],[90.64379,22.80517],[90.6479,22.80028],[90.65935,22.79847],[90.67157,22.80434],[90.67458,22.80352],[90.6761,22.80757]]],[[[90.60245,22.81383],[90.62611,22.81194],[90.64513,22.80684],[90.65613,22.80885],[90.66089,22.80817],[90.66845,22.81149],[90.67083,22.81109],[90.67609,22.81627],[90.67475,22.82202],[90.66874,22.83232],[90.65634,22.84481],[90.65336,22.84287],[90.65143,22.84483],[90.64894,22.84003],[90.64386,22.83671],[90.63488,22.8355],[90.63336,22.82926],[90.61036,22.82404],[90.60245,22.81383]]]]}},{"type":"Feature","properties":{"ADM2_EN":"Bogra","ADM1_EN":"Rajshani"},"geometry":{"type":"Polygon","coordinates":[[[89.64783,25.04674],[89.64152,25.04178],[89.64026,25.03886],[89.63133,25.04035],[89.60989,25.05088],[89.60034,25.05044],[89.59547,25.0458],[89.59037,25.04477],[89.5798,25.04323],[89.57862,25.04484],[89.57657,25.04358],[89.57485,25.04499],[89.57165,25.04234],[89.57313,25.03956],[89.56622,25.04051],[89.56414,25.03792],[89.55626,25.03976],[89.55234,25.03872],[89.54847,25.0407],[89.54675,25.03947],[89.53989,25.04214],[89.53362,25.0402],[89.52922,25.0433],[89.53025,25.04628],[89.52757,25.04492],[89.52746,25.04284],[89.52599,25.04372],[89.52172,25.04053],[89.51514,25.0404],[89.50946,25.04226],[89.50758,25.04448],[89.50348,25.04483],[89.49975,25.04968],[89.49292,25.05068],[89.49089,25.05977],[89.4878,25.06171],[89.47835,25.06027],[89.4746,25.06168],[89.47214,25.05502],[89.46247,25.05454],[89.4609,25.05601],[89.46485,25.05763],[89.4651,25.06133],[89.46328,25.06206],[89.46034,25.06076],[89.45749,25.065],[89.4533,25.06547],[89.45453,25.05918],[89.45259,25.05558],[89.45156,25.05824],[89.44936,25.05915],[89.4491,25.06149],[89.45429,25.07134],[89.45214,25.07591],[89.44209,25.07343],[89.44141,25.07116],[89.44478,25.07052],[89.44128,25.06888],[89.43836,25.06925],[89.43719,25.07341],[89.42958,25.07328],[89.4256,25.06521],[89.42327,25.06839],[89.42262,25.07542],[89.42072,25.07691],[89.41771,25.07614],[89.41683,25.0805],[89.4132,25.08313],[89.40959,25.07737],[89.39895,25.0788],[89.40333,25.0676],[89.40056,25.06688],[89.39439,25.06853],[89.39136,25.06649],[89.38896,25.04706],[89.38758,25.05082],[89.3843,25.05124],[89.38501,25.05534],[89.38294,25.05575],[89.38081,25.0603],[89.36958,25.0662],[89.36949,25.06771],[89.36011,25.06645],[89.35903,25.07251],[89.35613,25.07642],[89.35742,25.08033],[89.35554,25.08142],[89.35974,25.08905],[89.35329,25.08906],[89.35264,25.09322],[89.34799,25.09559],[89.34497,25.10096],[89.33983,25.09739],[89.33684,25.10144],[89.33128,25.09989],[89.33064,25.10121],[89.33737,25.10392],[89.34005,25.10997],[89.3359,25.11218],[89.33445,25.11983],[89.33124,25.12304],[89.32924,25.12321],[89.32737,25.12133],[89.32233,25.12211],[89.31728,25.11588],[89.31304,25.11721],[89.30827,25.11591],[89.30729,25.11799],[89.30227,25.11968],[89.30085,25.11563],[89.29736,25.11698],[89.29508,25.11111],[89.29055,25.10908],[89.28822,25.10605],[89.28009,25.08763],[89.27956,25.08584],[89.27428,25.0855],[89.26985,25.08331],[89.26014,25.07523],[89.25443,25.06773],[89.25053,25.06836],[89.24644,25.06515],[89.25098,25.05196],[89.2477,25.05186],[89.24449,25.04824],[89.24176,25.03693],[89.24291,25.02976],[89.23621,25.02264],[89.23618,25.02044],[89.23047,25.02],[89.22904,25.01848],[89.21476,25.02909],[89.21373,25.02374],[89.21809,25.02419],[89.22048,25.023],[89.21822,25.02154],[89.21739,25.01803],[89.20917,25.01506],[89.20922,25.01089],[89.20612,25.00844],[89.20606,25.00569],[89.20057,25.00164],[89.19823,25.00181],[89.19754,25.00027],[89.20461,25.00021],[89.20582,24.99675],[89.19596,24.99761],[89.19057,24.99541],[89.19045,24.99331],[89.19214,24.99196],[89.19141,24.98971],[89.19415,24.98931],[89.19523,24.98658],[89.19824,24.9854],[89.19572,24.98363],[89.1916,24.98444],[89.18635,24.98267],[89.18476,24.97738],[89.18112,24.97619],[89.18163,24.97274],[89.17804,24.97273],[89.17778,24.96957],[89.18082,24.96974],[89.18082,24.96535],[89.18349,24.96652],[89.18443,24.96334],[89.18627,24.96362],[89.18713,24.96221],[89.18541,24.95761],[89.18795,24.95504],[89.18691,24.94696],[89.18739,24.94551],[89.19019,24.94553],[89.18923,24.94301],[89.18624,24.9422],[89.18506,24.94475],[89.18289,24.94454],[89.17905,24.95302],[89.15675,24.95062],[89.15439,24.95192],[89.14877,24.95013],[89.1417,24.95105],[89.13686,24.94991],[89.13101,24.95119],[89.12738,24.94939],[89.12195,24.94979],[89.12623,24.95696],[89.12751,24.96237],[89.11899,24.96432],[89.11811,24.96799],[89.11533,24.96881],[89.11399,24.96662],[89.11007,24.966],[89.1087,24.9698],[89.10331,24.97088],[89.09997,24.96275],[89.09757,24.96141],[89.08811,24.96069],[89.0883,24.95757],[89.09113,24.95426],[89.09156,24.94669],[89.09456,24.94705],[89.09542,24.94381],[89.09354,24.941],[89.08993,24.9399],[89.08737,24.93433],[89.08475,24.93391],[89.08406,24.93153],[89.08566,24.92927],[89.08346,24.92781],[89.08474,24.92447],[89.08822,24.9238],[89.08931,24.91399],[89.09367,24.9129],[89.0946,24.90412],[89.10055,24.90336],[89.09717,24.89735],[89.09799,24.89139],[89.09494,24.89063],[89.09268,24.88767],[89.08992,24.88763],[89.08082,24.89317],[89.07557,24.88517],[89.07625,24.88413],[89.07997,24.88448],[89.08245,24.87662],[89.08892,24.87756],[89.08971,24.87514],[89.08482,24.87297],[89.0806,24.87323],[89.08044,24.87119],[89.07723,24.8688],[89.06832,24.87093],[89.06573,24.87294],[89.06348,24.86832],[89.05764,24.86762],[89.05727,24.86361],[89.05416,24.86073],[89.0517,24.86149],[89.04996,24.86445],[89.04694,24.86246],[89.04454,24.86459],[89.03927,24.86333],[89.03952,24.85965],[89.0364,24.85928],[89.03538,24.85637],[89.03179,24.85678],[89.02997,24.85561],[89.02052,24.8571],[89.0163,24.85261],[89.01508,24.84887],[89.01245,24.8508],[89.01159,24.8495],[89.01056,24.85039],[89.00951,24.85862],[88.99981,24.85677],[88.99003,24.85944],[88.98304,24.85624],[88.98185,24.85384],[88.97734,24.85353],[88.97418,24.84868],[88.97566,24.83778],[88.9786,24.83754],[88.97885,24.82949],[88.98729,24.82913],[88.98799,24.82544],[88.98641,24.82359],[88.98478,24.82467],[88.98182,24.82343],[88.97954,24.82651],[88.97756,24.82684],[88.97728,24.82364],[88.96991,24.82332],[88.97234,24.81827],[88.97116,24.81511],[88.97353,24.81166],[88.9733,24.80915],[88.98098,24.8066],[88.98215,24.80311],[88.98083,24.80208],[88.97741,24.80274],[88.97803,24.79705],[88.97651,24.79006],[88.97091,24.78948],[88.9742,24.78469],[88.97778,24.78366],[88.97524,24.78189],[88.97481,24.77251],[88.97124,24.77011],[88.97033,24.76631],[88.96634,24.76423],[88.96688,24.75564],[88.96378,24.75539],[88.96332,24.75297],[88.96759,24.74518],[88.96239,24.74672],[88.96364,24.74335],[88.97473,24.73886],[88.97571,24.73938],[88.97384,24.74248],[88.97497,24.74494],[88.98006,24.74711],[88.98981,24.74348],[88.98915,24.75449],[88.99243,24.75514],[88.99724,24.76635],[89.00374,24.76687],[89.01132,24.76376],[89.01356,24.76564],[89.01419,24.77006],[89.02125,24.77142],[89.02126,24.78],[89.02503,24.78037],[89.0252,24.78208],[89.0276,24.78043],[89.02946,24.78045],[89.03033,24.78218],[89.03384,24.77989],[89.03755,24.78097],[89.04716,24.79],[89.0521,24.78975],[89.05224,24.78701],[89.05432,24.78605],[89.05254,24.78305],[89.05482,24.78076],[89.05911,24.78636],[89.06155,24.78481],[89.06306,24.78131],[89.06407,24.78279],[89.06672,24.78156],[89.06892,24.78487],[89.07065,24.78442],[89.07166,24.78193],[89.07322,24.78385],[89.07184,24.78649],[89.07562,24.78659],[89.07676,24.78915],[89.08263,24.78626],[89.0865,24.78636],[89.0887,24.78222],[89.08186,24.77088],[89.08181,24.76452],[89.0878,24.76296],[89.085,24.75884],[89.08924,24.75616],[89.08898,24.75271],[89.09626,24.7513],[89.08946,24.74825],[89.08874,24.74462],[89.08406,24.74054],[89.09691,24.73448],[89.09337,24.7331],[89.09182,24.7299],[89.08985,24.73117],[89.08832,24.72885],[89.0898,24.72831],[89.0882,24.72716],[89.08543,24.72724],[89.08529,24.73044],[89.08338,24.73],[89.08464,24.72843],[89.08352,24.71864],[89.08527,24.7202],[89.08914,24.71978],[89.09896,24.72582],[89.10603,24.71975],[89.10537,24.71673],[89.10713,24.71531],[89.10891,24.71719],[89.10956,24.71523],[89.11344,24.71527],[89.11352,24.71743],[89.11533,24.71396],[89.12063,24.71442],[89.12155,24.71777],[89.11797,24.72097],[89.11632,24.72207],[89.11071,24.72157],[89.1154,24.72464],[89.12039,24.72179],[89.12831,24.72113],[89.13018,24.71406],[89.13249,24.71982],[89.13089,24.7211],[89.13166,24.72609],[89.12966,24.7272],[89.13036,24.72333],[89.12768,24.72262],[89.12794,24.72565],[89.12484,24.72876],[89.12641,24.73107],[89.12316,24.72991],[89.12756,24.73344],[89.12904,24.73286],[89.12783,24.73541],[89.12971,24.73693],[89.12781,24.73831],[89.12648,24.73716],[89.12652,24.73879],[89.13038,24.73893],[89.13152,24.74008],[89.12956,24.74119],[89.132,24.74099],[89.13326,24.74245],[89.13303,24.73652],[89.13607,24.73247],[89.14237,24.73774],[89.14792,24.738],[89.14889,24.73942],[89.15076,24.73836],[89.14921,24.72997],[89.14997,24.72533],[89.14564,24.72598],[89.14661,24.72421],[89.14525,24.72185],[89.14735,24.72064],[89.14508,24.71446],[89.13562,24.71155],[89.1364,24.70717],[89.13323,24.70576],[89.13486,24.70381],[89.13351,24.70358],[89.13264,24.70542],[89.13185,24.70449],[89.13157,24.70289],[89.13631,24.70178],[89.13494,24.69992],[89.13117,24.69933],[89.13186,24.69277],[89.1338,24.69032],[89.13812,24.69164],[89.13831,24.6896],[89.13468,24.68518],[89.13796,24.68401],[89.14049,24.68567],[89.14279,24.67847],[89.15102,24.68128],[89.15242,24.68659],[89.15683,24.68747],[89.16334,24.68554],[89.16338,24.67969],[89.16594,24.67693],[89.16679,24.67082],[89.16326,24.67021],[89.16241,24.66865],[89.15422,24.66845],[89.15398,24.67287],[89.14438,24.67097],[89.14334,24.66605],[89.14609,24.66596],[89.14553,24.65873],[89.1397,24.65837],[89.13644,24.656],[89.13616,24.65221],[89.138,24.65151],[89.13866,24.64464],[89.13571,24.644],[89.14012,24.63635],[89.14164,24.63606],[89.14177,24.63222],[89.14361,24.63113],[89.14282,24.62976],[89.14622,24.62337],[89.1508,24.62384],[89.15374,24.62166],[89.15247,24.62112],[89.15344,24.61875],[89.14955,24.61798],[89.14961,24.61674],[89.1568,24.6163],[89.15697,24.6193],[89.16703,24.61962],[89.16873,24.62137],[89.17179,24.6217],[89.1714,24.62927],[89.1758,24.63145],[89.17539,24.6341],[89.17112,24.63528],[89.1734,24.64636],[89.17948,24.64367],[89.18282,24.64873],[89.18859,24.65158],[89.19018,24.65103],[89.19361,24.6481],[89.19192,24.64128],[89.19892,24.63997],[89.20074,24.64342],[89.20407,24.6409],[89.20352,24.63432],[89.2101,24.63464],[89.20641,24.62825],[89.20067,24.62779],[89.20114,24.61811],[89.19765,24.61707],[89.19586,24.61397],[89.20011,24.61433],[89.20314,24.61297],[89.20485,24.61052],[89.20546,24.60421],[89.20709,24.60566],[89.20788,24.6111],[89.21607,24.61306],[89.21674,24.60287],[89.21336,24.60103],[89.2133,24.59941],[89.2168,24.59835],[89.21675,24.59262],[89.21877,24.58807],[89.22218,24.5867],[89.22464,24.58018],[89.22754,24.57982],[89.23143,24.58328],[89.23811,24.58434],[89.2353,24.58798],[89.23766,24.59132],[89.23612,24.59269],[89.23638,24.59528],[89.23965,24.5954],[89.24356,24.60206],[89.2542,24.60549],[89.25494,24.61424],[89.24858,24.61581],[89.24826,24.61942],[89.25254,24.6188],[89.25515,24.62087],[89.25819,24.62579],[89.25709,24.62891],[89.26833,24.62998],[89.26977,24.62567],[89.27391,24.62461],[89.27695,24.62641],[89.2778,24.62878],[89.27967,24.62871],[89.28044,24.6258],[89.28645,24.62659],[89.29605,24.62256],[89.29627,24.61975],[89.30038,24.61922],[89.29718,24.61438],[89.307,24.61396],[89.30627,24.60584],[89.30794,24.59824],[89.32867,24.59918],[89.32871,24.59448],[89.32493,24.58851],[89.3267,24.57807],[89.32872,24.57809],[89.32737,24.57534],[89.33249,24.57108],[89.33045,24.56911],[89.33511,24.56968],[89.33316,24.56615],[89.33767,24.56537],[89.33553,24.56425],[89.33697,24.56368],[89.33492,24.56063],[89.33753,24.56112],[89.33756,24.55929],[89.33903,24.55946],[89.34147,24.56304],[89.34537,24.56349],[89.34564,24.5589],[89.35271,24.55914],[89.35709,24.55678],[89.36063,24.55895],[89.36311,24.55688],[89.36778,24.55813],[89.37183,24.5544],[89.37737,24.55402],[89.38248,24.55412],[89.38266,24.55635],[89.38442,24.55745],[89.39199,24.55728],[89.39333,24.55675],[89.39363,24.55183],[89.40317,24.55168],[89.40893,24.55425],[89.40975,24.56099],[89.42494,24.56094],[89.42712,24.55582],[89.43122,24.55546],[89.4311,24.55081],[89.44603,24.54958],[89.44891,24.54788],[89.45584,24.5471],[89.45635,24.54345],[89.45966,24.54239],[89.46498,24.54557],[89.46753,24.54384],[89.47324,24.54381],[89.47413,24.54604],[89.47285,24.55168],[89.48571,24.55688],[89.4893,24.55393],[89.49189,24.55454],[89.49769,24.55283],[89.50358,24.55659],[89.50848,24.55676],[89.5199,24.55364],[89.52227,24.55156],[89.52236,24.54463],[89.51877,24.53792],[89.51996,24.53633],[89.52308,24.53853],[89.52628,24.54407],[89.53224,24.547],[89.52879,24.55138],[89.52799,24.55526],[89.52885,24.5616],[89.53073,24.56346],[89.53321,24.56299],[89.53878,24.55372],[89.54628,24.55315],[89.5465,24.54759],[89.55326,24.54816],[89.55285,24.55236],[89.55532,24.55542],[89.56411,24.55336],[89.56519,24.5475],[89.5683,24.54681],[89.57442,24.5495],[89.57579,24.5475],[89.5767,24.55044],[89.57841,24.54987],[89.58103,24.55274],[89.58687,24.55271],[89.58887,24.55569],[89.59144,24.55392],[89.59388,24.55814],[89.60157,24.56188],[89.60234,24.56693],[89.60447,24.56982],[89.60183,24.57441],[89.60389,24.57779],[89.60424,24.58333],[89.5993,24.59465],[89.60202,24.59881],[89.60245,24.60524],[89.59565,24.6114],[89.5892,24.61072],[89.58768,24.61473],[89.58153,24.62056],[89.57711,24.61863],[89.56996,24.62144],[89.56351,24.61778],[89.55698,24.6161],[89.54941,24.61756],[89.55001,24.62397],[89.55591,24.62203],[89.55938,24.62619],[89.55428,24.64075],[89.55671,24.64651],[89.56199,24.65267],[89.561,24.65373],[89.55816,24.65189],[89.54776,24.6514],[89.54577,24.65172],[89.54474,24.65371],[89.55003,24.6649],[89.55434,24.66764],[89.55234,24.67186],[89.54952,24.67349],[89.55021,24.67751],[89.55325,24.68006],[89.55789,24.68012],[89.55797,24.68472],[89.56203,24.68929],[89.562,24.69234],[89.55828,24.69295],[89.55478,24.69873],[89.55465,24.70428],[89.56375,24.71113],[89.56475,24.69926],[89.56782,24.69379],[89.56971,24.69387],[89.57385,24.69929],[89.58264,24.70003],[89.59172,24.70292],[89.59489,24.70203],[89.59644,24.69735],[89.60526,24.69454],[89.60465,24.69168],[89.60734,24.68718],[89.60874,24.68643],[89.61082,24.6879],[89.61199,24.68385],[89.61222,24.68738],[89.61403,24.6876],[89.61384,24.68571],[89.6174,24.68896],[89.62403,24.68547],[89.63669,24.69537],[89.64201,24.70187],[89.64579,24.70168],[89.64421,24.71033],[89.63727,24.71665],[89.64684,24.71804],[89.6528,24.7251],[89.66076,24.72841],[89.65536,24.7464],[89.65611,24.74788],[89.66665,24.74734],[89.66388,24.75465],[89.67175,24.75936],[89.6738,24.76305],[89.67518,24.7684],[89.6739,24.77758],[89.67496,24.78168],[89.67999,24.78382],[89.69555,24.77987],[89.71242,24.77876],[89.71534,24.77735],[89.72344,24.78662],[89.73032,24.79838],[89.70997,24.80702],[89.69952,24.81456],[89.68495,24.82841],[89.68109,24.8351],[89.67913,24.84674],[89.66849,24.86499],[89.66649,24.87978],[89.66079,24.88807],[89.67372,24.89426],[89.67585,24.89928],[89.67796,24.9001],[89.67813,24.90301],[89.68606,24.90285],[89.68339,24.91565],[89.67894,24.91603],[89.67624,24.9178],[89.67236,24.9285],[89.67356,24.93631],[89.67827,24.94579],[89.67651,24.96577],[89.6726,24.97533],[89.66134,24.98735],[89.66091,25.00783],[89.64949,25.03764],[89.64783,25.04674]]]}},{"type":"Feature","properties":{"ADM2_EN":"Brahamanbaria","ADM1_EN":"Chittagong"},"geometry":{"type":"Polygon","coordinates":[[[91.30314,23.99708],[91.29987,23.99895],[91.29652,23.9982],[91.29429,24.0013],[91.2956,24.00139],[91.29525,24.00537],[91.29805,24.00692],[91.29726,24.00824],[91.30175,24.00956],[91.3012,24.01296],[91.30409,24.01102],[91.30752,24.01625],[91.3084,24.02259],[91.30686,24.02435],[91.3046,24.02374],[91.30403,24.02604],[91.30607,24.02751],[91.31039,24.02658],[91.31245,24.02866],[91.31165,24.03963],[91.3076,24.04124],[91.30622,24.0441],[91.30358,24.04373],[91.30407,24.05629],[91.30161,24.05647],[91.30079,24.05854],[91.29598,24.05826],[91.29459,24.06064],[91.28588,24.06073],[91.28538,24.05933],[91.28407,24.06079],[91.2841,24.06377],[91.28704,24.06639],[91.28416,24.06841],[91.28343,24.07184],[91.2883,24.07758],[91.28915,24.08625],[91.29237,24.08614],[91.29314,24.09354],[91.28202,24.09364],[91.27941,24.08887],[91.27503,24.09396],[91.26747,24.09423],[91.26915,24.09699],[91.27084,24.11254],[91.28417,24.11143],[91.28349,24.11705],[91.29024,24.115],[91.29247,24.1175],[91.28617,24.12144],[91.2716,24.12367],[91.27171,24.14102],[91.26324,24.14025],[91.26171,24.14635],[91.26834,24.1485],[91.26698,24.15814],[91.27146,24.15601],[91.27528,24.15656],[91.27719,24.16508],[91.27538,24.16872],[91.27721,24.18152],[91.28406,24.18067],[91.28429,24.18591],[91.29799,24.18587],[91.30131,24.18952],[91.30525,24.19071],[91.30921,24.19045],[91.31168,24.18348],[91.31316,24.18332],[91.31478,24.19288],[91.31266,24.20349],[91.30474,24.20275],[91.30522,24.19839],[91.29747,24.20337],[91.29691,24.19824],[91.29389,24.19978],[91.29115,24.19625],[91.28536,24.19539],[91.27807,24.19959],[91.27722,24.20307],[91.27942,24.20473],[91.27937,24.20652],[91.28153,24.20687],[91.28108,24.20898],[91.28473,24.21024],[91.2838,24.21755],[91.28971,24.21871],[91.29209,24.21385],[91.29813,24.21369],[91.29853,24.22302],[91.30297,24.22016],[91.30614,24.22037],[91.3087,24.22787],[91.31465,24.22727],[91.31446,24.23076],[91.31989,24.23112],[91.3207,24.22965],[91.32084,24.23151],[91.32179,24.22936],[91.32402,24.22954],[91.32336,24.23406],[91.32496,24.2404],[91.32836,24.24231],[91.32886,24.24947],[91.32571,24.24982],[91.32603,24.2548],[91.32417,24.25558],[91.32516,24.2604],[91.32064,24.26153],[91.32099,24.2644],[91.31608,24.26473],[91.31131,24.26717],[91.30706,24.26797],[91.30173,24.26639],[91.29686,24.26005],[91.29296,24.25949],[91.29167,24.25564],[91.28743,24.25097],[91.28753,24.24819],[91.28371,24.24487],[91.28418,24.24089],[91.28082,24.23166],[91.28174,24.23053],[91.28468,24.23154],[91.28608,24.23053],[91.28599,24.22337],[91.28188,24.22694],[91.27996,24.22491],[91.27319,24.22497],[91.27215,24.22798],[91.27026,24.22403],[91.26723,24.22737],[91.26695,24.22327],[91.26569,24.22519],[91.26023,24.22624],[91.25759,24.22865],[91.24905,24.22969],[91.2463,24.23312],[91.24219,24.23266],[91.24075,24.23386],[91.23891,24.23143],[91.2392,24.23433],[91.23534,24.23612],[91.23427,24.234],[91.22716,24.23456],[91.22523,24.23744],[91.22046,24.23434],[91.21892,24.23512],[91.22104,24.2368],[91.22009,24.23813],[91.21481,24.23655],[91.21008,24.23955],[91.20542,24.23673],[91.20359,24.23721],[91.20299,24.2396],[91.19488,24.23984],[91.19089,24.24596],[91.18651,24.24811],[91.17745,24.25687],[91.17783,24.25881],[91.17356,24.2652],[91.16202,24.25901],[91.15424,24.25702],[91.1479,24.2487],[91.13385,24.2431],[91.0851,24.24112],[91.08097,24.23687],[91.07878,24.2285],[91.09027,24.21932],[91.09164,24.21453],[91.09052,24.21167],[91.08704,24.21145],[91.0736,24.21557],[91.06537,24.21597],[91.04716,24.21431],[91.03993,24.21183],[91.02724,24.19272],[91.01653,24.18084],[91.00874,24.17379],[90.99237,24.16503],[90.98939,24.1621],[90.98588,24.15674],[90.98514,24.15257],[90.994,24.14171],[91.00947,24.12879],[91.03321,24.1185],[91.04323,24.11086],[91.04978,24.1021],[91.05365,24.09289],[91.05389,24.08868],[91.05134,24.07913],[91.04157,24.06592],[91.02991,24.0603],[91.02164,24.0542],[91.00851,24.0499],[91.00342,24.04666],[90.98599,24.0306],[90.97516,24.02122],[90.96588,24.0054],[90.96677,23.99965],[90.97095,23.99684],[90.97382,23.98848],[90.97273,23.96932],[90.97154,23.96751],[90.96089,23.96329],[90.95306,23.95388],[90.9504,23.92635],[90.94504,23.92151],[90.93897,23.91927],[90.9312,23.91144],[90.92475,23.8978],[90.92024,23.8829],[90.90923,23.86801],[90.90177,23.86381],[90.89477,23.86319],[90.87356,23.87371],[90.8581,23.87904],[90.84129,23.87094],[90.8371,23.86586],[90.83252,23.86308],[90.82862,23.86421],[90.78113,23.86591],[90.76666,23.86421],[90.7622,23.86005],[90.75947,23.85004],[90.76039,23.84332],[90.76785,23.82137],[90.7662,23.80312],[90.75895,23.79076],[90.75486,23.78784],[90.75371,23.7848],[90.74075,23.77158],[90.73461,23.76284],[90.72308,23.74527],[90.72182,23.73073],[90.72487,23.71837],[90.73017,23.71086],[90.73863,23.70273],[90.74099,23.6978],[90.74114,23.69262],[90.75501,23.69518],[90.75992,23.69892],[90.76283,23.6991],[90.76574,23.69672],[90.76726,23.68869],[90.77006,23.68473],[90.77632,23.68298],[90.78388,23.6853],[90.78716,23.68945],[90.78706,23.69578],[90.78216,23.70366],[90.77582,23.70688],[90.77487,23.71423],[90.78085,23.72677],[90.7797,23.73329],[90.78788,23.73636],[90.79411,23.74203],[90.79653,23.74189],[90.7991,23.74628],[90.80848,23.74334],[90.81112,23.73712],[90.81704,23.73356],[90.82631,23.73421],[90.82877,23.72826],[90.83654,23.72185],[90.83561,23.72417],[90.83677,23.72492],[90.85011,23.72734],[90.85683,23.72287],[90.86785,23.72299],[90.8708,23.71865],[90.88329,23.72651],[90.88445,23.72908],[90.88732,23.73677],[90.8848,23.75293],[90.89137,23.75675],[90.89289,23.75958],[90.89881,23.75955],[90.90117,23.76647],[90.91254,23.76773],[90.91423,23.76481],[90.92197,23.76691],[90.92721,23.77007],[90.93184,23.77007],[90.93635,23.77314],[90.94002,23.7727],[90.94631,23.77603],[90.95054,23.77333],[90.95901,23.77393],[90.95948,23.7793],[90.96749,23.78288],[90.97117,23.78216],[90.97747,23.78431],[90.99432,23.78546],[90.99872,23.78722],[90.99568,23.79447],[91.001,23.79371],[91.00336,23.78743],[91.02796,23.79475],[91.03506,23.79552],[91.0409,23.78501],[91.04091,23.78325],[91.03809,23.78186],[91.04048,23.77607],[91.04233,23.77434],[91.04479,23.77843],[91.04642,23.77824],[91.04924,23.77154],[91.04742,23.76699],[91.04268,23.76759],[91.04377,23.76281],[91.04666,23.76262],[91.04993,23.76589],[91.05448,23.76758],[91.05536,23.7659],[91.05016,23.76179],[91.04972,23.75971],[91.052,23.75813],[91.05488,23.7623],[91.05947,23.76184],[91.05577,23.75587],[91.05581,23.75316],[91.06582,23.75727],[91.05835,23.74585],[91.06249,23.7423],[91.06546,23.74645],[91.06708,23.74599],[91.06496,23.73964],[91.06578,23.73646],[91.06901,23.73997],[91.07244,23.7401],[91.06972,23.7355],[91.0665,23.7341],[91.06764,23.7321],[91.07082,23.73054],[91.07189,23.73389],[91.07496,23.73391],[91.07835,23.73661],[91.07741,23.73303],[91.07342,23.72846],[91.07909,23.72507],[91.08059,23.72686],[91.07923,23.72886],[91.08018,23.73029],[91.08259,23.72748],[91.08566,23.72985],[91.08465,23.72402],[91.07974,23.72333],[91.08233,23.72059],[91.08489,23.72158],[91.08713,23.71537],[91.08877,23.7169],[91.09239,23.7164],[91.0965,23.71904],[91.09786,23.71751],[91.09599,23.71368],[91.10964,23.71572],[91.10784,23.71122],[91.10131,23.71074],[91.10108,23.7084],[91.09899,23.70691],[91.10233,23.70616],[91.10477,23.70938],[91.10855,23.70651],[91.1076,23.70473],[91.10406,23.70516],[91.10293,23.70364],[91.10802,23.70123],[91.10961,23.70384],[91.11017,23.69949],[91.10579,23.6953],[91.11072,23.69479],[91.11404,23.69222],[91.11623,23.69352],[91.1153,23.69674],[91.11708,23.69564],[91.11797,23.69698],[91.11987,23.69473],[91.11735,23.69222],[91.11947,23.68997],[91.1191,23.68225],[91.1216,23.68712],[91.12087,23.68219],[91.1227,23.68096],[91.12227,23.67904],[91.12399,23.67891],[91.12386,23.68043],[91.12662,23.6819],[91.12779,23.68051],[91.12437,23.67429],[91.12171,23.67548],[91.12117,23.67432],[91.12604,23.67111],[91.12931,23.67079],[91.12732,23.66775],[91.13168,23.66797],[91.1336,23.66447],[91.13886,23.66588],[91.14132,23.66438],[91.14271,23.66575],[91.14197,23.66885],[91.14865,23.66903],[91.153,23.6716],[91.15643,23.6693],[91.15626,23.67085],[91.16147,23.66722],[91.1612,23.66401],[91.16639,23.66365],[91.17034,23.65769],[91.17377,23.65652],[91.17601,23.65974],[91.17627,23.6579],[91.1777,23.65869],[91.18174,23.6565],[91.18277,23.6598],[91.18512,23.6567],[91.19289,23.65456],[91.19071,23.64709],[91.19936,23.64674],[91.19964,23.64982],[91.20453,23.65053],[91.20246,23.65406],[91.20507,23.65405],[91.20494,23.65513],[91.2014,23.65609],[91.20363,23.65841],[91.20232,23.66303],[91.20491,23.67991],[91.2032,23.68024],[91.20847,23.68657],[91.20361,23.68556],[91.19548,23.69228],[91.19377,23.69005],[91.15347,23.68936],[91.15155,23.70558],[91.14913,23.71167],[91.15802,23.73939],[91.15665,23.74091],[91.1676,23.74978],[91.18291,23.74897],[91.1861,23.75079],[91.19654,23.75121],[91.21031,23.74929],[91.21189,23.74476],[91.21767,23.74004],[91.21892,23.73656],[91.22241,23.74586],[91.22629,23.75126],[91.22517,23.75667],[91.23065,23.76506],[91.23048,23.78453],[91.22833,23.78571],[91.22847,23.78893],[91.22636,23.79107],[91.22711,23.79323],[91.23154,23.79832],[91.23369,23.81097],[91.23748,23.81374],[91.24286,23.82311],[91.25399,23.83715],[91.24881,23.85095],[91.24081,23.86184],[91.23571,23.87766],[91.23176,23.87824],[91.22955,23.88074],[91.22843,23.89878],[91.24482,23.90712],[91.24612,23.91322],[91.24138,23.92285],[91.23296,23.9271],[91.23387,23.928],[91.25204,23.92615],[91.2617,23.9237],[91.26389,23.92515],[91.27168,23.92477],[91.27614,23.92266],[91.27283,23.93778],[91.26393,23.94437],[91.27146,23.96305],[91.28462,23.98224],[91.28617,23.98208],[91.28461,23.9774],[91.28767,23.97404],[91.2876,23.96817],[91.29034,23.96789],[91.2997,23.97227],[91.29721,23.97639],[91.30342,23.98796],[91.30134,23.99385],[91.30344,23.99671],[91.30326,23.99695],[91.30314,23.99708]]]}},{"type":"Feature","properties":{"ADM2_EN":"Chandpur","ADM1_EN":"Chittagong"},"geometry":{"type":"MultiPolygon","coordinates":[[[[90.61238,23.0168],[90.6172,23.02992],[90.6168,23.03327],[90.61402,23.03596],[90.61283,23.03567],[90.61103,23.0265],[90.61238,23.0168]]],[[[90.60174,23.00992],[90.60326,23.01458],[90.60045,23.01855],[90.60422,23.02036],[90.60839,23.02924],[90.60114,23.03642],[90.59887,23.03469],[90.59959,23.03738],[90.59631,23.04026],[90.59479,23.04696],[90.58988,23.04429],[90.58944,23.04148],[90.59047,23.03956],[90.59344,23.03919],[90.59137,23.03831],[90.59205,23.03143],[90.59574,23.02037],[90.5917,23.02552],[90.59004,23.03096],[90.58881,23.02929],[90.58959,23.02486],[90.59629,23.01635],[90.5976,23.01485],[90.60174,23.00992]]],[[[90.58866,23.02543],[90.58579,23.03397],[90.58651,23.03498],[90.58811,23.0324],[90.58835,23.03575],[90.58015,23.05789],[90.57499,23.05928],[90.56885,23.05763],[90.56719,23.05417],[90.56684,23.04353],[90.57327,23.03682],[90.58866,23.02543]]],[[[90.56558,23.04493],[90.56753,23.05775],[90.57293,23.06054],[90.57971,23.05932],[90.58159,23.06182],[90.58188,23.06881],[90.57683,23.07355],[90.58236,23.06905],[90.58253,23.06296],[90.58642,23.06718],[90.58361,23.07383],[90.57851,23.07806],[90.57772,23.08657],[90.56775,23.0867],[90.56254,23.08007],[90.56274,23.07496],[90.55704,23.07082],[90.55487,23.07117],[90.55264,23.06764],[90.55267,23.06386],[90.55045,23.06334],[90.54831,23.05973],[90.55917,23.05184],[90.56558,23.04493]]],[[[90.59027,23.09599],[90.59158,23.10119],[90.59063,23.10779],[90.58934,23.10861],[90.58431,23.10524],[90.57663,23.09657],[90.57423,23.09074],[90.57845,23.08772],[90.58369,23.09362],[90.5914,23.09541],[90.59027,23.09599]]],[[[90.59867,23.1102],[90.59775,23.1115],[90.59314,23.10893],[90.59478,23.10677],[90.59374,23.1053],[90.59517,23.10195],[90.59851,23.09701],[90.59531,23.0974],[90.58753,23.09031],[90.58401,23.09018],[90.57997,23.08656],[90.58315,23.08201],[90.58411,23.07751],[90.58777,23.07478],[90.58864,23.07186],[90.58831,23.06419],[90.58643,23.06085],[90.58443,23.06181],[90.58384,23.0519],[90.58989,23.04704],[90.59486,23.04815],[90.60037,23.03887],[90.60944,23.03339],[90.61386,23.05259],[90.61298,23.06302],[90.61464,23.06339],[90.61679,23.0597],[90.61654,23.0512],[90.61852,23.05434],[90.61807,23.05865],[90.61996,23.06399],[90.61801,23.06768],[90.62029,23.06829],[90.6187,23.07079],[90.61976,23.07723],[90.6145,23.08747],[90.61564,23.09299],[90.60884,23.09789],[90.60321,23.10803],[90.60063,23.10819],[90.60059,23.10488],[90.59934,23.10594],[90.59867,23.1102]]],[[[90.57892,23.11257],[90.57768,23.11358],[90.57333,23.11116],[90.5739,23.09854],[90.58712,23.10876],[90.58697,23.11063],[90.58202,23.11356],[90.57892,23.11257]]],[[[90.55628,23.13517],[90.57172,23.15242],[90.56121,23.14403],[90.55628,23.13517]]],[[[90.64124,23.14512],[90.64135,23.15683],[90.63887,23.15751],[90.63804,23.15646],[90.63978,23.15339],[90.63806,23.15139],[90.64124,23.14512]]],[[[90.63734,23.17454],[90.64119,23.18092],[90.63933,23.18385],[90.63732,23.18338],[90.63673,23.18063],[90.63734,23.17454]]],[[[90.60771,23.19206],[90.60964,23.19868],[90.60469,23.20181],[90.6027,23.19546],[90.60476,23.19287],[90.60771,23.19206]]],[[[90.60776,23.21353],[90.61039,23.21879],[90.60879,23.21913],[90.60844,23.22185],[90.6045,23.22541],[90.60218,23.22406],[90.60776,23.21353]]],[[[90.60125,23.22676],[90.6029,23.22704],[90.60123,23.22929],[90.59653,23.23006],[90.59592,23.22729],[90.60125,23.22676]]],[[[90.62719,23.24226],[90.62886,23.24574],[90.62665,23.2481],[90.6258,23.24389],[90.62719,23.24226]]],[[[90.63749,23.25355],[90.63674,23.25929],[90.632,23.26872],[90.63014,23.27112],[90.62745,23.27008],[90.63182,23.25859],[90.63506,23.25418],[90.63749,23.25355]]],[[[90.61426,23.28184],[90.61141,23.28147],[90.61197,23.27956],[90.61871,23.27117],[90.61663,23.27954],[90.61426,23.28184]]],[[[90.58165,23.29439],[90.58083,23.2966],[90.57655,23.29848],[90.57468,23.29872],[90.57721,23.29694],[90.5758,23.29427],[90.57199,23.29749],[90.57553,23.2916],[90.58389,23.28535],[90.58462,23.28807],[90.58555,23.28654],[90.58716,23.28912],[90.58484,23.28984],[90.58165,23.29439]]],[[[90.60821,23.29262],[90.60587,23.29966],[90.60718,23.29219],[90.60583,23.29086],[90.59909,23.29471],[90.59893,23.2928],[90.59134,23.29684],[90.58855,23.29337],[90.58906,23.29155],[90.60314,23.27997],[90.60426,23.27696],[90.60189,23.27869],[90.60167,23.27663],[90.60054,23.27669],[90.6006,23.28037],[90.59029,23.28796],[90.58981,23.28504],[90.58826,23.28419],[90.58702,23.28524],[90.58696,23.28415],[90.59044,23.28146],[90.59597,23.28043],[90.60045,23.27516],[90.59983,23.27425],[90.60654,23.27241],[90.61452,23.2676],[90.61485,23.27171],[90.61643,23.26702],[90.61916,23.26514],[90.61403,23.27443],[90.60381,23.28513],[90.60591,23.28551],[90.60821,23.29262]]],[[[90.59213,23.29851],[90.58816,23.30168],[90.58568,23.30179],[90.59378,23.29679],[90.59647,23.29659],[90.59157,23.30043],[90.59213,23.29851]]],[[[90.6151,23.30148],[90.61155,23.30566],[90.61106,23.30121],[90.60884,23.30108],[90.61033,23.29983],[90.60915,23.29639],[90.61689,23.28695],[90.6222,23.27655],[90.62183,23.27369],[90.62352,23.27158],[90.62025,23.2691],[90.62721,23.26262],[90.62335,23.26818],[90.62704,23.26573],[90.62419,23.27487],[90.62651,23.27902],[90.62481,23.28008],[90.62262,23.28778],[90.6151,23.30148]]],[[[90.59595,23.31021],[90.59099,23.31262],[90.5899,23.31191],[90.59036,23.30918],[90.59595,23.31021]]],[[[90.64225,23.30267],[90.64327,23.30658],[90.63907,23.31363],[90.63659,23.31497],[90.63801,23.30923],[90.64225,23.30267]]],[[[90.60214,23.31664],[90.60039,23.31837],[90.59821,23.31685],[90.60048,23.31579],[90.60214,23.31664]]],[[[90.62695,23.31991],[90.6283,23.32144],[90.62198,23.33188],[90.62022,23.33237],[90.62305,23.32877],[90.6222,23.32442],[90.62695,23.31991]]],[[[90.63708,23.3279],[90.63281,23.33346],[90.625,23.33569],[90.62851,23.32715],[90.62656,23.32693],[90.62637,23.32504],[90.63262,23.31875],[90.6337,23.31543],[90.63874,23.31876],[90.63535,23.32466],[90.63578,23.32695],[90.63753,23.32565],[90.63708,23.3279]]],[[[90.68775,23.49248],[90.68721,23.49037],[90.68211,23.48951],[90.67096,23.49072],[90.66218,23.49385],[90.6493,23.50128],[90.64132,23.5037],[90.63143,23.50178],[90.62381,23.49297],[90.61303,23.49043],[90.60551,23.49265],[90.60141,23.49807],[90.59575,23.4976],[90.58903,23.49453],[90.58275,23.49639],[90.57613,23.49571],[90.57716,23.4851],[90.58301,23.48435],[90.58428,23.48059],[90.58174,23.4715],[90.57751,23.47039],[90.57871,23.46097],[90.57762,23.45149],[90.57051,23.43716],[90.55375,23.41741],[90.54187,23.39917],[90.539,23.39119],[90.53869,23.37935],[90.54681,23.36742],[90.57606,23.358],[90.5835,23.3503],[90.59067,23.33595],[90.59058,23.3432],[90.60211,23.34259],[90.60699,23.34087],[90.61121,23.34751],[90.61234,23.34537],[90.61567,23.34461],[90.61628,23.34604],[90.6191,23.34659],[90.62383,23.34067],[90.63235,23.33648],[90.63269,23.34164],[90.62782,23.3492],[90.6283,23.35109],[90.62533,23.35504],[90.62627,23.35564],[90.63813,23.33707],[90.64797,23.33904],[90.65495,23.33686],[90.65977,23.33297],[90.66562,23.32343],[90.67042,23.32059],[90.67334,23.32058],[90.68066,23.32305],[90.68157,23.3246],[90.67936,23.3282],[90.66852,23.33599],[90.66727,23.34265],[90.67341,23.35038],[90.67261,23.34595],[90.66884,23.34037],[90.66915,23.33744],[90.67753,23.33185],[90.6762,23.33628],[90.67768,23.33591],[90.68326,23.32537],[90.68036,23.32096],[90.67219,23.31855],[90.66309,23.32287],[90.65112,23.33626],[90.64522,23.33728],[90.63925,23.33434],[90.64267,23.32257],[90.66321,23.28444],[90.66528,23.27544],[90.66342,23.25466],[90.6603,23.2453],[90.6501,23.2334],[90.64664,23.23461],[90.63957,23.23177],[90.6391,23.23081],[90.64431,23.22917],[90.63836,23.22862],[90.63706,23.22714],[90.63917,23.22564],[90.63947,23.21852],[90.63893,23.19887],[90.63779,23.19735],[90.63916,23.19266],[90.63763,23.18994],[90.64246,23.18552],[90.64302,23.1827],[90.63873,23.17465],[90.63822,23.16784],[90.64312,23.16062],[90.64391,23.14623],[90.64716,23.14115],[90.6502,23.12694],[90.64731,23.12848],[90.64833,23.13415],[90.64611,23.1344],[90.64288,23.14172],[90.64035,23.14331],[90.64054,23.13986],[90.63874,23.14049],[90.63867,23.13638],[90.6401,23.13451],[90.63921,23.13026],[90.64177,23.12624],[90.64151,23.125],[90.64084,23.12634],[90.64022,23.12543],[90.64374,23.11696],[90.64644,23.11924],[90.64569,23.12353],[90.65023,23.12387],[90.64854,23.11619],[90.64323,23.10813],[90.64636,23.06429],[90.64491,23.04369],[90.64618,23.0163],[90.64522,22.99417],[90.64655,22.98437],[90.66284,23.00762],[90.66082,23.01321],[90.66968,23.01545],[90.66739,23.01896],[90.66036,23.02053],[90.6578,23.02339],[90.65835,23.02515],[90.66382,23.0276],[90.66662,23.03147],[90.66265,23.05095],[90.66604,23.05203],[90.6673,23.05492],[90.67153,23.05424],[90.68739,23.06321],[90.69344,23.06279],[90.70673,23.05815],[90.72811,23.04264],[90.7309,23.0419],[90.74053,23.05125],[90.74497,23.053],[90.74334,23.05556],[90.74733,23.05607],[90.75084,23.05982],[90.7546,23.05987],[90.75486,23.06197],[90.75021,23.06361],[90.75205,23.06755],[90.75869,23.06826],[90.76058,23.07203],[90.76641,23.0735],[90.76963,23.07719],[90.77392,23.07608],[90.77693,23.07806],[90.78317,23.0765],[90.78803,23.0784],[90.792,23.07815],[90.7938,23.08041],[90.79012,23.07927],[90.79001,23.08073],[90.79296,23.08253],[90.78982,23.08525],[90.7937,23.09175],[90.79375,23.09359],[90.79203,23.09441],[90.79441,23.10381],[90.7938,23.10899],[90.79811,23.11468],[90.79599,23.11808],[90.80567,23.12187],[90.81515,23.12214],[90.81827,23.12398],[90.81829,23.13001],[90.82134,23.13346],[90.82652,23.13341],[90.8281,23.13523],[90.8363,23.13815],[90.83617,23.1429],[90.83865,23.1439],[90.83933,23.14823],[90.84102,23.14733],[90.8443,23.14869],[90.85106,23.15414],[90.84752,23.15606],[90.8459,23.15966],[90.84657,23.16695],[90.84892,23.16632],[90.85227,23.16778],[90.85481,23.16674],[90.85505,23.16942],[90.85744,23.16787],[90.86143,23.17128],[90.86805,23.17353],[90.86993,23.17266],[90.87914,23.1739],[90.88147,23.17012],[90.88488,23.17134],[90.89123,23.17059],[90.89149,23.17197],[90.89794,23.16414],[90.90197,23.16231],[90.90312,23.15488],[90.90206,23.15258],[90.91086,23.15288],[90.91109,23.15596],[90.91368,23.15642],[90.9147,23.1506],[90.91161,23.15015],[90.91211,23.14781],[90.92294,23.14905],[90.92423,23.14843],[90.92393,23.14625],[90.92774,23.14535],[90.93225,23.14707],[90.93434,23.14642],[90.93576,23.14352],[90.93893,23.14548],[90.94002,23.14352],[90.94363,23.14442],[90.9443,23.14332],[90.94617,23.1454],[90.95542,23.14598],[90.95871,23.13894],[90.96222,23.1381],[90.96068,23.13342],[90.96185,23.13104],[90.9644,23.12836],[90.96813,23.13121],[90.98075,23.1332],[90.98175,23.13737],[90.98788,23.1409],[90.99681,23.1403],[91.0095,23.14249],[91.00906,23.14447],[91.01119,23.14686],[91.00881,23.14838],[91.01135,23.15063],[91.01196,23.15356],[91.00996,23.15529],[91.00567,23.15484],[91.00668,23.16122],[91.00537,23.16419],[91.007,23.16768],[91.00365,23.17042],[91.00587,23.17524],[91.00004,23.17902],[91.00002,23.18172],[91.01158,23.18671],[91.00802,23.18838],[91.00822,23.19174],[91.01885,23.19526],[91.01701,23.19797],[91.01672,23.19575],[91.01421,23.19593],[91.01277,23.20573],[91.01552,23.2085],[91.01536,23.21298],[91.02145,23.21474],[91.02624,23.21855],[91.02869,23.22244],[91.03002,23.22941],[91.02347,23.23541],[91.02307,23.24198],[91.02537,23.24217],[91.02366,23.24735],[91.02195,23.2465],[91.02164,23.24776],[91.0141,23.24839],[91.01419,23.25554],[91.01145,23.25749],[91.01334,23.26233],[91.01235,23.2642],[91.01068,23.26413],[91.00888,23.27035],[91.00587,23.26797],[91.00401,23.26846],[91.0024,23.27436],[91.00004,23.27554],[90.99819,23.28261],[90.9951,23.28661],[90.99445,23.29245],[90.98628,23.28954],[90.98427,23.28638],[90.98067,23.28764],[90.98121,23.29669],[90.98034,23.2984],[90.97776,23.29801],[90.97508,23.30049],[90.97537,23.31247],[90.97315,23.31901],[90.96996,23.3218],[90.96296,23.32283],[90.95919,23.33126],[90.95618,23.33236],[90.95838,23.33915],[90.9559,23.34819],[90.95238,23.34834],[90.94901,23.34308],[90.94551,23.34237],[90.94401,23.34625],[90.93247,23.34714],[90.93284,23.35516],[90.92909,23.36271],[90.93381,23.36534],[90.93089,23.36813],[90.93023,23.37685],[90.9216,23.38488],[90.91965,23.38489],[90.91836,23.38835],[90.91323,23.38673],[90.91124,23.38737],[90.90995,23.3901],[90.91131,23.393],[90.90909,23.39356],[90.90846,23.39565],[90.90176,23.39424],[90.89809,23.39598],[90.89877,23.40794],[90.89755,23.40898],[90.89043,23.40817],[90.8829,23.4377],[90.88248,23.44539],[90.87834,23.44875],[90.87701,23.45442],[90.87318,23.45244],[90.8697,23.45393],[90.86212,23.45266],[90.86124,23.45564],[90.85704,23.45957],[90.851,23.45921],[90.85238,23.46454],[90.85086,23.46734],[90.84919,23.46737],[90.84839,23.47071],[90.84633,23.47219],[90.84276,23.47257],[90.84267,23.47541],[90.84015,23.47549],[90.83897,23.47418],[90.84156,23.47122],[90.83554,23.47115],[90.83214,23.46961],[90.83288,23.46366],[90.82392,23.46446],[90.81753,23.46279],[90.81721,23.45454],[90.81939,23.45083],[90.81734,23.45017],[90.81714,23.44746],[90.81202,23.44755],[90.81061,23.443],[90.80476,23.44797],[90.80034,23.44742],[90.79896,23.44591],[90.79945,23.44114],[90.79769,23.44026],[90.7968,23.4368],[90.79428,23.43353],[90.79115,23.4339],[90.78946,23.43542],[90.78686,23.43469],[90.78644,23.43586],[90.78787,23.43715],[90.79283,23.43719],[90.79261,23.43895],[90.78355,23.4387],[90.78167,23.44074],[90.78272,23.44276],[90.77976,23.44389],[90.77664,23.44218],[90.77796,23.44559],[90.77472,23.44489],[90.77104,23.44928],[90.76982,23.44693],[90.77128,23.44426],[90.76964,23.44115],[90.77004,23.43681],[90.7667,23.43344],[90.76498,23.42904],[90.76083,23.42817],[90.76284,23.4253],[90.7613,23.42239],[90.75748,23.42093],[90.75668,23.41603],[90.75237,23.41546],[90.74994,23.42279],[90.73651,23.42761],[90.73344,23.42594],[90.733,23.42399],[90.73833,23.41754],[90.73787,23.41532],[90.73634,23.41486],[90.73114,23.41855],[90.7284,23.42687],[90.72087,23.42917],[90.71565,23.43381],[90.71079,23.43522],[90.70959,23.45474],[90.69822,23.47017],[90.69316,23.4846],[90.68775,23.49248]]]]}},{"type":"Feature","properties":{"ADM2_EN":"Chittagong","ADM1_EN":"Chittagong"},"geometry":{"type":"MultiPolygon","coordinates":[[[[91.87373,22.15106],[91.87481,22.15499],[91.87852,22.15918],[91.87058,22.15999],[91.87037,22.1542],[91.87373,22.15106]]],[[[91.87069,22.33311],[91.87895,22.34054],[91.88373,22.34717],[91.88456,22.3517],[91.88323,22.35799],[91.87512,22.35217],[91.87205,22.34354],[91.87069,22.33311]]],[[[91.97388,22.4133],[91.96708,22.41792],[91.95926,22.41957],[91.96497,22.41418],[91.97388,22.4133]]],[[[91.39853,22.42257],[91.39912,22.42443],[91.39611,22.42212],[91.3951,22.42375],[91.39343,22.42348],[91.37508,22.39821],[91.35973,22.38166],[91.35313,22.37646],[91.35274,22.37383],[91.35477,22.37099],[91.35697,22.36997],[91.36607,22.37291],[91.39051,22.37346],[91.39919,22.3808],[91.39737,22.38836],[91.39954,22.38438],[91.40538,22.38246],[91.40895,22.39768],[91.4072,22.39961],[91.40698,22.40377],[91.40404,22.40484],[91.40591,22.40736],[91.40606,22.41142],[91.40181,22.41375],[91.40157,22.41743],[91.4036,22.42014],[91.39841,22.42004],[91.39853,22.42257]]],[[[91.33991,22.51764],[91.3434,22.51736],[91.34335,22.51994],[91.34186,22.52562],[91.33943,22.52602],[91.33991,22.51764]]],[[[91.33919,22.5301],[91.34115,22.53143],[91.34272,22.54282],[91.34474,22.54409],[91.34296,22.53113],[91.3474,22.52808],[91.35302,22.52667],[91.35538,22.54666],[91.35434,22.55125],[91.34901,22.55001],[91.34568,22.55297],[91.34915,22.55294],[91.35334,22.55542],[91.3509,22.56239],[91.34498,22.56438],[91.33259,22.56488],[91.3362,22.55593],[91.33919,22.5301]]],[[[91.52972,22.39043],[91.53274,22.39365],[91.54094,22.39701],[91.55613,22.39944],[91.56098,22.40203],[91.56841,22.40941],[91.56726,22.42548],[91.57068,22.43257],[91.57151,22.44584],[91.56616,22.46865],[91.5531,22.49167],[91.54235,22.50171],[91.53053,22.52147],[91.49856,22.56793],[91.47616,22.59515],[91.46633,22.60413],[91.45855,22.60874],[91.439,22.60619],[91.43275,22.6039],[91.42042,22.59651],[91.42502,22.58108],[91.42585,22.56922],[91.42395,22.54386],[91.41988,22.52324],[91.43643,22.47502],[91.44316,22.46148],[91.45718,22.443],[91.45889,22.43563],[91.4622,22.43358],[91.46714,22.42279],[91.47614,22.41229],[91.47502,22.40876],[91.48043,22.39982],[91.48852,22.39784],[91.50841,22.38752],[91.51597,22.38797],[91.5197,22.39028],[91.52623,22.38878],[91.52972,22.39043]]],[[[91.35719,22.60175],[91.35787,22.60289],[91.35205,22.60781],[91.35243,22.60982],[91.34976,22.60989],[91.34924,22.60416],[91.35719,22.60175]]],[[[91.33221,22.56566],[91.34967,22.56714],[91.35041,22.57165],[91.34766,22.57497],[91.35322,22.57435],[91.35362,22.57965],[91.35034,22.58434],[91.34625,22.58451],[91.35384,22.58646],[91.35195,22.59056],[91.35351,22.59291],[91.35339,22.60008],[91.34859,22.60263],[91.34649,22.60939],[91.34389,22.61149],[91.34049,22.61116],[91.33706,22.60847],[91.33659,22.59908],[91.33397,22.61136],[91.32342,22.61037],[91.31112,22.60281],[91.32392,22.58252],[91.33221,22.56566]]],[[[91.31818,22.64989],[91.32825,22.64135],[91.34038,22.64072],[91.3576,22.63737],[91.37979,22.6271],[91.38875,22.62736],[91.39497,22.63165],[91.40099,22.64983],[91.40107,22.65595],[91.41038,22.67833],[91.41027,22.68036],[91.40568,22.68506],[91.40177,22.69262],[91.39367,22.69998],[91.38609,22.70256],[91.38103,22.69842],[91.38014,22.69938],[91.38459,22.7064],[91.3779,22.71367],[91.36043,22.72536],[91.35351,22.72853],[91.33841,22.73205],[91.34866,22.71589],[91.34318,22.68581],[91.33452,22.66722],[91.32343,22.65338],[91.31818,22.64989]]],[[[92.14594,22.34774],[92.13999,22.34809],[92.13637,22.34996],[92.13322,22.34939],[92.13205,22.35104],[92.13192,22.35287],[92.13434,22.3548],[92.1394,22.35493],[92.13752,22.36337],[92.13995,22.36752],[92.13168,22.37003],[92.12231,22.36579],[92.12039,22.36668],[92.11938,22.37261],[92.11627,22.37423],[92.11621,22.3769],[92.11339,22.37897],[92.10933,22.3902],[92.10818,22.39185],[92.10422,22.39101],[92.10401,22.39343],[92.09915,22.4004],[92.11855,22.41608],[92.1164,22.41808],[92.11629,22.42327],[92.12368,22.42308],[92.12732,22.43071],[92.13145,22.42994],[92.13617,22.43102],[92.138,22.43582],[92.14278,22.43678],[92.13901,22.44019],[92.14017,22.4501],[92.1282,22.45879],[92.13399,22.46412],[92.13385,22.46919],[92.12998,22.47386],[92.13334,22.47902],[92.12922,22.4825],[92.12861,22.4924],[92.123,22.50058],[92.12106,22.50861],[92.12275,22.51196],[92.12181,22.51595],[92.1154,22.53114],[92.11357,22.53146],[92.10973,22.52906],[92.10783,22.52992],[92.10864,22.53539],[92.10577,22.54338],[92.10833,22.54683],[92.10656,22.55679],[92.10517,22.5582],[92.09908,22.55809],[92.10421,22.56269],[92.10421,22.5701],[92.10058,22.57708],[92.09858,22.57709],[92.0944,22.58285],[92.08498,22.58637],[92.08083,22.59449],[92.0758,22.59355],[92.07562,22.5959],[92.07985,22.6014],[92.08105,22.60899],[92.07097,22.60929],[92.06968,22.61484],[92.06032,22.61483],[92.05652,22.61123],[92.05467,22.61298],[92.05124,22.61269],[92.04526,22.6071],[92.04598,22.61106],[92.0405,22.61137],[92.04109,22.61934],[92.03745,22.62325],[92.0352,22.62231],[92.03679,22.61868],[92.03088,22.61682],[92.03286,22.61304],[92.03134,22.61088],[92.02816,22.60947],[92.02381,22.61035],[92.01286,22.60494],[92.00948,22.59301],[92.00592,22.58655],[92.00641,22.58163],[92.01456,22.57296],[92.01369,22.56993],[92.01752,22.56899],[92.01471,22.54877],[92.02194,22.54337],[92.02034,22.54127],[92.02134,22.53583],[92.02489,22.53403],[92.02481,22.53059],[92.02808,22.52775],[92.02598,22.5264],[92.02527,22.52278],[92.02033,22.52202],[92.01748,22.51825],[92.02157,22.50926],[92.01623,22.50631],[92.01617,22.49923],[92.00951,22.49886],[92.006,22.49687],[92.00493,22.4888],[91.99965,22.48612],[91.99645,22.48483],[91.99152,22.4861],[91.98779,22.48349],[91.98087,22.48324],[91.98124,22.48896],[91.98859,22.4887],[91.98938,22.4902],[91.98684,22.49228],[91.98443,22.49051],[91.97977,22.49268],[91.97597,22.49039],[91.97037,22.49531],[91.97478,22.5025],[91.9734,22.50418],[91.97404,22.50688],[91.97822,22.50782],[91.97531,22.51439],[91.97692,22.51737],[91.97559,22.51929],[91.97154,22.51935],[91.97414,22.52243],[91.97228,22.52737],[91.97245,22.53427],[91.96975,22.53736],[91.96971,22.54188],[91.96646,22.54416],[91.96933,22.54784],[91.96635,22.55062],[91.96737,22.55457],[91.96377,22.55863],[91.96424,22.56324],[91.959,22.5654],[91.96246,22.56755],[91.95996,22.57053],[91.96186,22.57409],[91.95668,22.57779],[91.95796,22.58176],[91.95488,22.5851],[91.95588,22.58966],[91.95417,22.59112],[91.9515,22.59091],[91.95206,22.59678],[91.94834,22.59923],[91.94787,22.60329],[91.94133,22.60695],[91.94145,22.60919],[91.94445,22.60972],[91.945,22.61185],[91.93885,22.62407],[91.94001,22.62746],[91.93714,22.63298],[91.93941,22.63461],[91.9375,22.63742],[91.93877,22.64139],[91.93519,22.65052],[91.93243,22.6524],[91.93495,22.65331],[91.93486,22.65738],[91.94305,22.66869],[91.93695,22.67419],[91.9369,22.67722],[91.92573,22.68037],[91.92765,22.68349],[91.92755,22.68871],[91.9288,22.6919],[91.92788,22.69553],[91.9212,22.70027],[91.91331,22.69641],[91.90896,22.69927],[91.90354,22.69437],[91.89774,22.69233],[91.89111,22.69731],[91.88449,22.69628],[91.8833,22.69724],[91.87677,22.71777],[91.8836,22.75166],[91.88476,22.75353],[91.88752,22.75376],[91.89111,22.75009],[91.89377,22.74975],[91.89538,22.75254],[91.89386,22.75486],[91.88933,22.75644],[91.88801,22.75937],[91.88918,22.76329],[91.88695,22.76583],[91.88206,22.76605],[91.87866,22.76818],[91.87641,22.76661],[91.8749,22.76761],[91.86877,22.76289],[91.85645,22.75699],[91.85474,22.76216],[91.86025,22.76946],[91.85683,22.77303],[91.85681,22.77771],[91.85476,22.77826],[91.85362,22.77486],[91.85104,22.77385],[91.85226,22.76986],[91.84604,22.7732],[91.84181,22.77832],[91.83883,22.77906],[91.83773,22.78221],[91.83584,22.77692],[91.83263,22.77558],[91.83031,22.77774],[91.83057,22.78441],[91.83418,22.78756],[91.83475,22.79032],[91.8223,22.7896],[91.81849,22.79284],[91.81202,22.79329],[91.80657,22.79108],[91.80389,22.7859],[91.80311,22.77957],[91.80038,22.77974],[91.79741,22.77776],[91.79803,22.77204],[91.79466,22.76839],[91.79288,22.76882],[91.79399,22.77382],[91.78839,22.77791],[91.79023,22.78328],[91.78728,22.78517],[91.78315,22.78547],[91.77549,22.79401],[91.77229,22.8073],[91.76881,22.81127],[91.7685,22.8158],[91.76584,22.81651],[91.76349,22.82815],[91.76524,22.83181],[91.76112,22.83462],[91.75956,22.83924],[91.7554,22.8436],[91.75531,22.85037],[91.75691,22.85341],[91.75475,22.86209],[91.74843,22.86601],[91.74516,22.87215],[91.74005,22.87158],[91.73726,22.87307],[91.73356,22.87101],[91.72808,22.87303],[91.7293,22.87775],[91.72664,22.87788],[91.72119,22.8826],[91.71867,22.88313],[91.71642,22.88694],[91.71752,22.89378],[91.72523,22.90682],[91.72284,22.90619],[91.72323,22.90981],[91.72089,22.9144],[91.7232,22.92005],[91.72225,22.92356],[91.72494,22.93474],[91.72699,22.93701],[91.72572,22.93837],[91.73064,22.94022],[91.72976,22.94172],[91.72575,22.94215],[91.72773,22.94542],[91.72583,22.94818],[91.72635,22.95324],[91.72847,22.95594],[91.72333,22.95758],[91.71813,22.96727],[91.71527,22.98368],[91.71188,22.98639],[91.71311,22.98869],[91.71101,22.98797],[91.71099,22.98267],[91.70875,22.98198],[91.70224,22.9888],[91.69361,22.98845],[91.69164,22.98682],[91.69089,22.98314],[91.68169,22.97739],[91.67809,22.98087],[91.66934,22.97697],[91.66479,22.98172],[91.66183,22.97932],[91.65766,22.9819],[91.65626,22.98078],[91.65803,22.97827],[91.65545,22.9767],[91.6513,22.97688],[91.64996,22.98266],[91.64533,22.98513],[91.64567,22.97675],[91.64075,22.97502],[91.64046,22.97048],[91.6356,22.96125],[91.6307,22.95921],[91.62662,22.96227],[91.6245,22.96175],[91.62698,22.95601],[91.62344,22.94954],[91.62553,22.94446],[91.61988,22.93855],[91.61718,22.93913],[91.61689,22.94418],[91.61267,22.94719],[91.61293,22.94972],[91.6164,22.94926],[91.61578,22.95159],[91.6136,22.95255],[91.60695,22.95027],[91.60895,22.95715],[91.60236,22.95338],[91.60025,22.95445],[91.60035,22.95677],[91.60492,22.96238],[91.60805,22.96156],[91.61249,22.95776],[91.61374,22.95856],[91.61182,22.9625],[91.60532,22.96581],[91.60603,22.97204],[91.60132,22.97145],[91.59915,22.97607],[91.59285,22.97277],[91.59038,22.97706],[91.57677,22.96543],[91.57707,22.96074],[91.56666,22.95383],[91.56593,22.94706],[91.55921,22.95362],[91.55273,22.9515],[91.54293,22.9567],[91.53978,22.95375],[91.54514,22.9522],[91.53886,22.94193],[91.53631,22.94225],[91.53053,22.94812],[91.52748,22.94731],[91.52479,22.9433],[91.52514,22.94025],[91.53547,22.93672],[91.53819,22.9338],[91.53882,22.92991],[91.53077,22.92534],[91.53322,22.91756],[91.5314,22.91384],[91.51386,22.90707],[91.51213,22.9018],[91.50145,22.90095],[91.49787,22.90333],[91.4936,22.90367],[91.46655,22.9012],[91.45871,22.90197],[91.4601,22.89888],[91.4654,22.89585],[91.46114,22.89088],[91.46241,22.87752],[91.47099,22.87897],[91.47448,22.87563],[91.4722,22.86812],[91.46626,22.86129],[91.46533,22.85488],[91.46794,22.86228],[91.4711,22.8611],[91.46554,22.84832],[91.46568,22.84414],[91.46057,22.82642],[91.44569,22.80925],[91.44308,22.80223],[91.44331,22.79444],[91.44733,22.78452],[91.45031,22.77772],[91.45383,22.7674],[91.45436,22.75689],[91.45633,22.75256],[91.45873,22.75232],[91.46429,22.75908],[91.46253,22.74691],[91.46679,22.73991],[91.47016,22.73716],[91.4695,22.73344],[91.47365,22.7311],[91.47252,22.72724],[91.47532,22.72485],[91.47634,22.71939],[91.47939,22.71571],[91.48403,22.7156],[91.48622,22.71135],[91.49553,22.7038],[91.51094,22.69486],[91.52418,22.69044],[91.55792,22.66129],[91.58159,22.63418],[91.5845,22.62849],[91.5848,22.61577],[91.59905,22.60298],[91.59131,22.61489],[91.59309,22.61551],[91.59767,22.61117],[91.60228,22.6023],[91.63868,22.56896],[91.65629,22.54792],[91.66589,22.54051],[91.67527,22.52779],[91.68082,22.52415],[91.684,22.5191],[91.69003,22.51409],[91.69951,22.49736],[91.7087,22.48823],[91.70971,22.48277],[91.71865,22.46655],[91.72302,22.46456],[91.72286,22.4612],[91.72539,22.45931],[91.72527,22.45349],[91.73067,22.44376],[91.73177,22.43658],[91.737,22.42907],[91.73747,22.42606],[91.73472,22.4225],[91.73763,22.42061],[91.73761,22.41882],[91.73449,22.41584],[91.73511,22.41375],[91.7372,22.4129],[91.73713,22.4085],[91.74735,22.37498],[91.74965,22.35876],[91.7538,22.3537],[91.75624,22.33917],[91.76798,22.3017],[91.76858,22.2971],[91.76555,22.29477],[91.76808,22.29367],[91.76349,22.27809],[91.76561,22.27226],[91.77405,22.26313],[91.78377,22.2462],[91.79251,22.23481],[91.79893,22.22899],[91.79977,22.22617],[91.82335,22.24321],[91.82982,22.25093],[91.83363,22.25963],[91.83315,22.26207],[91.82935,22.26599],[91.80741,22.27283],[91.79829,22.2789],[91.7936,22.2889],[91.79442,22.29682],[91.80175,22.30787],[91.81907,22.32063],[91.83243,22.32493],[91.84879,22.32694],[91.86198,22.33386],[91.86591,22.34009],[91.87995,22.38676],[91.89085,22.40628],[91.88876,22.41106],[91.88286,22.41617],[91.88225,22.41869],[91.88468,22.42284],[91.88918,22.42524],[91.89018,22.42791],[91.88705,22.42957],[91.87665,22.42987],[91.86992,22.43586],[91.85828,22.45254],[91.85748,22.4599],[91.85451,22.46334],[91.85675,22.46743],[91.86846,22.47357],[91.87205,22.47245],[91.87469,22.4683],[91.87967,22.47804],[91.88115,22.47772],[91.87887,22.47082],[91.87606,22.46763],[91.87381,22.46729],[91.87065,22.47139],[91.86726,22.47221],[91.85695,22.46582],[91.85602,22.4638],[91.86279,22.44819],[91.87489,22.43287],[91.87917,22.43085],[91.88785,22.43147],[91.89114,22.43],[91.89153,22.42545],[91.8841,22.41813],[91.89077,22.41244],[91.89316,22.4059],[91.9117,22.4205],[91.92736,22.42425],[91.95105,22.42534],[91.97093,22.4205],[91.98177,22.41589],[91.98223,22.41109],[91.9692,22.41108],[91.96185,22.4138],[91.95603,22.42062],[91.94462,22.42243],[91.92101,22.41788],[91.91145,22.41387],[91.89394,22.39944],[91.8893,22.39131],[91.8851,22.36072],[91.88538,22.34871],[91.88086,22.33926],[91.86865,22.32802],[91.85979,22.32382],[91.84561,22.32011],[91.82883,22.31887],[91.82529,22.31728],[91.80448,22.30285],[91.79814,22.29126],[91.79934,22.28407],[91.80428,22.27895],[91.81429,22.27502],[91.82807,22.27405],[91.83279,22.27247],[91.83798,22.26835],[91.84068,22.26335],[91.83387,22.24455],[91.82944,22.23939],[91.81497,22.22875],[91.81633,22.22049],[91.81305,22.2173],[91.81393,22.21192],[91.81232,22.20821],[91.8146,22.19349],[91.82413,22.15675],[91.82948,22.145],[91.83234,22.13443],[91.84278,22.11718],[91.84782,22.11419],[91.85293,22.117],[91.84208,22.14243],[91.84327,22.15059],[91.84953,22.15467],[91.85788,22.15391],[91.86172,22.14976],[91.86181,22.14416],[91.85918,22.1354],[91.87519,22.13216],[91.89648,22.12403],[91.90187,22.12379],[91.90458,22.12549],[91.90475,22.12835],[91.90153,22.13216],[91.89081,22.13861],[91.88168,22.14105],[91.87678,22.14409],[91.86969,22.15355],[91.86835,22.15918],[91.87043,22.16065],[91.87928,22.16079],[91.90283,22.1552],[91.90844,22.1718],[91.91313,22.17903],[91.91451,22.186],[91.91761,22.18752],[91.92219,22.18478],[91.92138,22.17768],[91.92243,22.17462],[91.93217,22.16895],[91.93582,22.17094],[91.936,22.17918],[91.93814,22.18154],[91.9435,22.18172],[91.95172,22.17326],[91.95705,22.17092],[91.97079,22.17661],[91.97772,22.17689],[91.98374,22.17221],[91.98695,22.16537],[91.98026,22.16359],[91.97228,22.16644],[91.96987,22.16384],[91.97128,22.15887],[91.9808,22.14991],[91.99744,22.14359],[91.9972,22.14206],[91.9796,22.14867],[91.9712,22.1554],[91.96841,22.16266],[91.96987,22.16611],[91.97508,22.16754],[91.98076,22.1655],[91.98463,22.16701],[91.97786,22.17545],[91.97344,22.17598],[91.96232,22.1699],[91.95542,22.16951],[91.93845,22.18029],[91.9374,22.17869],[91.93859,22.17198],[91.93714,22.16919],[91.93526,22.16766],[91.92805,22.16828],[91.92315,22.17103],[91.92007,22.17507],[91.91815,22.18507],[91.91561,22.18229],[91.91418,22.17621],[91.90918,22.16665],[91.90696,22.15682],[91.90476,22.154],[91.88514,22.15528],[91.87937,22.1535],[91.87683,22.15],[91.87666,22.14744],[91.879,22.14508],[91.89536,22.14047],[91.90397,22.13493],[91.90737,22.12528],[91.90452,22.12107],[91.90015,22.12011],[91.86007,22.12951],[91.85526,22.13415],[91.85403,22.1379],[91.85701,22.15048],[91.85227,22.15259],[91.84821,22.15158],[91.84716,22.14992],[91.84716,22.14247],[91.84919,22.137],[91.85937,22.12283],[91.86341,22.11418],[91.86402,22.10581],[91.86142,22.09896],[91.86227,22.09194],[91.8643,22.08298],[91.87157,22.06803],[91.87842,22.04731],[91.87869,22.04281],[91.87596,22.03553],[91.87837,22.02193],[91.87384,22.00292],[91.87035,22.00286],[91.87717,21.98725],[91.88458,21.97641],[91.88599,21.96837],[91.88526,21.96384],[91.89076,21.95369],[91.89038,21.94801],[91.89322,21.94582],[91.90606,21.94247],[91.90569,21.94147],[91.89971,21.94283],[91.89736,21.94147],[91.90051,21.93967],[91.90332,21.93343],[91.90733,21.93443],[91.90552,21.92896],[91.90779,21.9306],[91.90886,21.92944],[91.90596,21.91815],[91.90659,21.91005],[91.91322,21.88928],[91.91657,21.85842],[91.9214,21.858],[91.92493,21.86123],[91.92517,21.86598],[91.92189,21.87301],[91.9241,21.87729],[91.9287,21.87858],[91.93882,21.8778],[91.94302,21.88129],[91.94452,21.88497],[91.95099,21.88341],[91.95394,21.88945],[91.95759,21.8921],[91.96021,21.89008],[91.95872,21.88371],[91.96169,21.88235],[91.9661,21.88394],[91.97007,21.88956],[91.9665,21.89034],[91.96586,21.892],[91.97043,21.89737],[91.97194,21.90434],[91.97839,21.90271],[91.97998,21.901],[91.98663,21.90159],[91.99153,21.90407],[91.98996,21.90514],[91.99442,21.90417],[91.99879,21.90799],[92.00152,21.90654],[92.00803,21.90664],[92.00919,21.90409],[92.01314,21.90271],[92.01659,21.90411],[92.02637,21.90388],[92.02773,21.90548],[92.03134,21.90535],[92.03316,21.90673],[92.03625,21.90402],[92.03841,21.90661],[92.03796,21.91097],[92.04293,21.91262],[92.04132,21.91591],[92.04193,21.91914],[92.03932,21.92235],[92.04041,21.92387],[92.05102,21.91819],[92.05258,21.92215],[92.05717,21.92405],[92.06005,21.9078],[92.06363,21.91189],[92.06632,21.91236],[92.06737,21.91648],[92.06945,21.91692],[92.07582,21.92358],[92.081,21.92076],[92.08466,21.92496],[92.08825,21.92602],[92.09136,21.92254],[92.09435,21.92208],[92.09553,21.92555],[92.09902,21.92176],[92.10691,21.925],[92.10893,21.93178],[92.1185,21.93458],[92.11984,21.93152],[92.11426,21.92816],[92.11645,21.92462],[92.11304,21.92311],[92.1119,21.91673],[92.11315,21.91447],[92.11495,21.9151],[92.11864,21.9136],[92.11949,21.90798],[92.12355,21.90665],[92.12508,21.90417],[92.12972,21.90157],[92.13687,21.906],[92.14369,21.90605],[92.14679,21.90914],[92.15081,21.90713],[92.15815,21.91039],[92.16286,21.90972],[92.16398,21.91139],[92.16789,21.90822],[92.17085,21.91023],[92.17454,21.90984],[92.17557,21.91353],[92.17434,21.91633],[92.17132,21.9158],[92.16515,21.92535],[92.16641,21.93234],[92.16242,21.93259],[92.16364,21.93522],[92.16268,21.94049],[92.15929,21.94271],[92.15984,21.94539],[92.16656,21.94795],[92.17384,21.94645],[92.17435,21.94189],[92.17666,21.94443],[92.18074,21.94296],[92.18145,21.94473],[92.18496,21.94591],[92.18415,21.94785],[92.18663,21.94839],[92.18674,21.95047],[92.19613,21.95238],[92.19482,21.9537],[92.19167,21.95326],[92.19443,21.96166],[92.19787,21.96261],[92.20741,21.9714],[92.21282,21.97238],[92.21408,21.97477],[92.21335,21.97698],[92.20994,21.97901],[92.20992,21.98408],[92.20754,21.98464],[92.20386,21.98903],[92.20099,21.98939],[92.20281,21.99193],[92.20284,21.99988],[92.21462,22.00069],[92.21605,22.00561],[92.21282,22.00836],[92.20684,22.00737],[92.20487,22.00925],[92.20157,22.00817],[92.20236,22.01857],[92.19572,22.0187],[92.19264,22.02479],[92.19086,22.02396],[92.18284,22.02685],[92.18216,22.0289],[92.17746,22.02435],[92.1732,22.03542],[92.17077,22.03443],[92.17109,22.03769],[92.16628,22.04295],[92.16131,22.04363],[92.16877,22.04863],[92.1688,22.05283],[92.175,22.05728],[92.17645,22.06395],[92.17035,22.06665],[92.16445,22.06715],[92.16384,22.07069],[92.16104,22.06972],[92.15869,22.07111],[92.15551,22.06941],[92.15626,22.0746],[92.16221,22.07938],[92.16405,22.08429],[92.15753,22.08683],[92.15408,22.08531],[92.14971,22.08827],[92.14465,22.08806],[92.144,22.09068],[92.14117,22.09167],[92.14255,22.09345],[92.14507,22.09301],[92.14792,22.09692],[92.1481,22.09504],[92.15033,22.09367],[92.15575,22.09535],[92.15755,22.1004],[92.16088,22.10015],[92.16374,22.10339],[92.16994,22.10451],[92.17323,22.11288],[92.1706,22.11634],[92.17099,22.11791],[92.16682,22.11912],[92.16741,22.12229],[92.16205,22.12309],[92.16009,22.1284],[92.16071,22.13026],[92.16456,22.13145],[92.16522,22.13415],[92.16946,22.13727],[92.17103,22.14063],[92.16967,22.1421],[92.17075,22.14456],[92.16888,22.14684],[92.16443,22.14604],[92.16219,22.1475],[92.16121,22.15976],[92.15561,22.16519],[92.15639,22.16808],[92.15904,22.16926],[92.16331,22.17496],[92.16177,22.17813],[92.16431,22.18215],[92.15663,22.19258],[92.15169,22.19486],[92.15111,22.20137],[92.14602,22.20573],[92.1451,22.20844],[92.14697,22.21857],[92.14945,22.22084],[92.1442,22.22466],[92.14239,22.22939],[92.13763,22.23447],[92.14142,22.24019],[92.14077,22.24265],[92.14258,22.24719],[92.14124,22.25245],[92.14338,22.2587],[92.1378,22.26649],[92.13991,22.28006],[92.13743,22.28609],[92.14835,22.29684],[92.14859,22.30329],[92.15102,22.31068],[92.15014,22.31592],[92.15214,22.3144],[92.15116,22.31693],[92.15307,22.31861],[92.15203,22.32064],[92.15277,22.32276],[92.15407,22.32186],[92.15474,22.32286],[92.15166,22.3334],[92.15113,22.33176],[92.14374,22.33274],[92.14573,22.33427],[92.14594,22.34774]]]]}},{"type":"Feature","properties":{"ADM2_EN":"Chuadanga","ADM1_EN":"Khulna"},"geometry":{"type":"Polygon","coordinates":[[[89.01726,23.70874],[89.00758,23.72278],[89.00952,23.73741],[89.00633,23.74792],[89.00407,23.7496],[88.98957,23.75221],[88.99424,23.75806],[88.99938,23.77182],[89.00407,23.77796],[89.00546,23.78721],[89.00226,23.78686],[88.99964,23.78199],[88.99427,23.78505],[88.98826,23.78626],[88.9857,23.78528],[88.98487,23.78813],[88.98311,23.78884],[88.97666,23.78901],[88.97527,23.79057],[88.97656,23.792],[88.97478,23.79241],[88.97579,23.79916],[88.97417,23.80154],[88.96637,23.80786],[88.95761,23.80896],[88.95329,23.80708],[88.94746,23.80109],[88.93762,23.80402],[88.9389,23.79639],[88.93328,23.79812],[88.92994,23.79152],[88.92617,23.78896],[88.91847,23.78495],[88.9111,23.78391],[88.9098,23.78478],[88.91006,23.78757],[88.91451,23.80194],[88.92223,23.8164],[88.91867,23.82403],[88.91543,23.82697],[88.91092,23.82831],[88.90727,23.83791],[88.90322,23.83975],[88.89671,23.82882],[88.89288,23.82734],[88.87854,23.83339],[88.87304,23.83365],[88.86396,23.82944],[88.85896,23.83266],[88.84901,23.83181],[88.8458,23.82878],[88.84365,23.82045],[88.83212,23.81428],[88.83074,23.80632],[88.82334,23.79287],[88.8177,23.77097],[88.8159,23.77091],[88.81377,23.77359],[88.79696,23.76864],[88.79497,23.76986],[88.79503,23.7721],[88.79311,23.77265],[88.78848,23.76749],[88.78742,23.75761],[88.78509,23.75214],[88.7865,23.74234],[88.78375,23.73846],[88.78073,23.73843],[88.77884,23.73256],[88.77897,23.72179],[88.78271,23.72137],[88.78214,23.71861],[88.78411,23.71739],[88.78121,23.71417],[88.78183,23.71158],[88.78005,23.71072],[88.78104,23.70944],[88.77601,23.70529],[88.77378,23.69977],[88.74652,23.69488],[88.73798,23.68403],[88.73453,23.68397],[88.72625,23.67795],[88.70707,23.66842],[88.69694,23.66525],[88.69615,23.65873],[88.69364,23.65924],[88.69287,23.65802],[88.69362,23.65476],[88.6865,23.65967],[88.68309,23.65105],[88.67993,23.64811],[88.67443,23.64762],[88.67168,23.64984],[88.66819,23.64549],[88.66001,23.64934],[88.65418,23.65039],[88.65189,23.64325],[88.64773,23.64259],[88.6448,23.63935],[88.64793,23.6392],[88.64904,23.63653],[88.64405,23.63273],[88.64547,23.63084],[88.6427,23.63076],[88.64255,23.62458],[88.64705,23.62453],[88.64849,23.62326],[88.64392,23.61871],[88.63878,23.6178],[88.63897,23.6155],[88.63725,23.61693],[88.63492,23.61516],[88.63807,23.61041],[88.63981,23.6113],[88.64064,23.60922],[88.646,23.60813],[88.64343,23.60705],[88.64276,23.60208],[88.63824,23.59764],[88.63873,23.59086],[88.64508,23.59123],[88.64568,23.58955],[88.64368,23.58956],[88.65067,23.58465],[88.64812,23.58051],[88.65489,23.5632],[88.65348,23.55889],[88.6542,23.55668],[88.65976,23.55285],[88.65967,23.54922],[88.66682,23.54658],[88.6739,23.54829],[88.68286,23.5417],[88.68591,23.5376],[88.68438,23.52986],[88.68879,23.53183],[88.69122,23.53086],[88.69161,23.52452],[88.69616,23.52549],[88.69522,23.51869],[88.69823,23.51595],[88.70596,23.51697],[88.71249,23.50947],[88.71506,23.50851],[88.71856,23.51179],[88.72407,23.5126],[88.73054,23.50264],[88.72952,23.49653],[88.73083,23.49502],[88.7319,23.49601],[88.74264,23.48674],[88.74436,23.48314],[88.74137,23.47978],[88.74356,23.48137],[88.74346,23.47902],[88.74484,23.48297],[88.74665,23.4837],[88.75379,23.47915],[88.76082,23.47865],[88.76099,23.48158],[88.75727,23.48422],[88.75604,23.48763],[88.76169,23.49085],[88.76707,23.48171],[88.77154,23.47997],[88.77489,23.48037],[88.77159,23.48668],[88.76778,23.48812],[88.77049,23.49713],[88.78329,23.50254],[88.78655,23.50739],[88.78333,23.50033],[88.78447,23.4973],[88.78705,23.49756],[88.78968,23.50203],[88.79185,23.50286],[88.7947,23.50231],[88.80042,23.49764],[88.79791,23.49564],[88.79922,23.49122],[88.79454,23.4858],[88.80138,23.48636],[88.79948,23.48527],[88.79962,23.48282],[88.79407,23.48114],[88.78972,23.47176],[88.78725,23.46958],[88.78757,23.46743],[88.78954,23.4668],[88.78828,23.46558],[88.78986,23.46586],[88.78919,23.46441],[88.791,23.46474],[88.79186,23.46308],[88.79046,23.46031],[88.79316,23.46096],[88.78941,23.4596],[88.79012,23.45679],[88.79279,23.45548],[88.79039,23.45342],[88.7915,23.45116],[88.79036,23.45058],[88.79178,23.44778],[88.79443,23.44758],[88.79541,23.4436],[88.79328,23.44426],[88.79299,23.44231],[88.79101,23.44456],[88.78989,23.4414],[88.78681,23.44233],[88.78934,23.44278],[88.7893,23.44436],[88.78505,23.44492],[88.78315,23.44196],[88.78474,23.43901],[88.78228,23.44049],[88.78112,23.43837],[88.78277,23.43731],[88.78081,23.43757],[88.7804,23.43896],[88.77864,23.43744],[88.77839,23.43874],[88.78221,23.44195],[88.77493,23.44516],[88.77434,23.444],[88.77208,23.44635],[88.77321,23.449],[88.77075,23.44648],[88.76809,23.44917],[88.76283,23.44697],[88.76408,23.4454],[88.76107,23.43347],[88.76216,23.4312],[88.75995,23.42986],[88.76018,23.42426],[88.75867,23.42552],[88.75645,23.42279],[88.75454,23.41432],[88.75844,23.41324],[88.76115,23.40891],[88.75704,23.40465],[88.75113,23.40287],[88.74877,23.39815],[88.75433,23.3952],[88.75291,23.38926],[88.75636,23.38855],[88.75687,23.38633],[88.75957,23.38471],[88.76024,23.38686],[88.76284,23.38735],[88.76128,23.3864],[88.7624,23.38453],[88.75869,23.3786],[88.76032,23.37596],[88.75912,23.37537],[88.75961,23.37357],[88.76481,23.37043],[88.76628,23.36844],[88.76823,23.36898],[88.77557,23.37556],[88.77717,23.37524],[88.77805,23.37377],[88.77216,23.36275],[88.77784,23.36925],[88.78233,23.37928],[88.78422,23.38065],[88.78978,23.37814],[88.79118,23.37512],[88.79056,23.37191],[88.79372,23.37006],[88.79731,23.37082],[88.80652,23.37892],[88.80794,23.38681],[88.81201,23.38667],[88.81162,23.38758],[88.81468,23.38888],[88.81683,23.3873],[88.81686,23.38417],[88.82713,23.37462],[88.82788,23.3778],[88.8329,23.3845],[88.834,23.39066],[88.83613,23.38485],[88.84119,23.37929],[88.84741,23.37909],[88.85255,23.37507],[88.85597,23.38319],[88.85764,23.38157],[88.85511,23.37459],[88.8616,23.37706],[88.8629,23.38164],[88.86065,23.37938],[88.86251,23.38379],[88.86595,23.3864],[88.86884,23.38511],[88.8701,23.38675],[88.86834,23.38839],[88.87283,23.38923],[88.87279,23.39139],[88.87587,23.39249],[88.87463,23.39787],[88.87584,23.39834],[88.8759,23.4046],[88.87757,23.40672],[88.88355,23.40807],[88.88339,23.40632],[88.88911,23.4058],[88.89047,23.40875],[88.89167,23.40798],[88.89261,23.40912],[88.89384,23.40778],[88.89583,23.4103],[88.90036,23.40934],[88.90491,23.40584],[88.91654,23.40594],[88.91879,23.40759],[88.91839,23.41223],[88.91036,23.41345],[88.91082,23.41554],[88.91517,23.41943],[88.91787,23.41862],[88.92111,23.41278],[88.93487,23.41305],[88.93645,23.41668],[88.93282,23.42215],[88.93499,23.42866],[88.93393,23.43148],[88.9356,23.43332],[88.94122,23.43036],[88.94406,23.43124],[88.94585,23.43773],[88.94452,23.44025],[88.93635,23.44413],[88.92693,23.44298],[88.91916,23.43888],[88.9182,23.44127],[88.91984,23.44393],[88.9304,23.448],[88.92945,23.46158],[88.93627,23.46158],[88.93683,23.46695],[88.93518,23.46945],[88.94107,23.47406],[88.94516,23.48192],[88.94376,23.48943],[88.94455,23.49797],[88.94312,23.50207],[88.94694,23.51273],[88.94462,23.51861],[88.93904,23.52578],[88.93589,23.52733],[88.93386,23.53223],[88.93451,23.53674],[88.941,23.54388],[88.94155,23.54628],[88.94036,23.5472],[88.94728,23.55195],[88.95498,23.55094],[88.95958,23.55287],[88.96528,23.54942],[88.96899,23.55018],[88.97415,23.54597],[88.97782,23.54602],[88.97639,23.55744],[88.98093,23.56005],[88.98297,23.56721],[88.98764,23.57059],[88.98691,23.57243],[88.98327,23.5739],[88.9844,23.58142],[88.98848,23.58818],[89.00346,23.60324],[89.00625,23.62064],[89.01033,23.62626],[89.00866,23.63542],[89.00405,23.64163],[89.00519,23.64268],[89.00869,23.64115],[89.01193,23.65599],[89.00608,23.66884],[89.00828,23.6761],[89.00787,23.6802],[89.00648,23.68101],[89.00797,23.6884],[89.00689,23.6915],[89.01083,23.70704],[89.01296,23.70874],[89.01726,23.70874]]]}},{"type":"Feature","properties":{"ADM2_EN":"Comilla","ADM1_EN":"Chittagong"},"geometry":{"type":"Polygon","coordinates":[[[90.74114,23.69262],[90.73844,23.68091],[90.73276,23.66708],[90.73022,23.6645],[90.72157,23.66173],[90.70875,23.66238],[90.69787,23.66605],[90.67651,23.68003],[90.67098,23.67906],[90.66801,23.67769],[90.66532,23.67353],[90.65842,23.67173],[90.6403,23.67483],[90.63797,23.67036],[90.63799,23.64911],[90.62995,23.62082],[90.64,23.61724],[90.64878,23.61838],[90.65305,23.6204],[90.65552,23.61726],[90.6591,23.60805],[90.66617,23.59633],[90.66672,23.58926],[90.65346,23.59083],[90.64728,23.58915],[90.64586,23.5856],[90.647,23.57599],[90.65245,23.57299],[90.66937,23.57106],[90.67673,23.56672],[90.68728,23.55737],[90.68981,23.54626],[90.70055,23.52516],[90.70811,23.51948],[90.71083,23.51567],[90.71066,23.50782],[90.70733,23.5027],[90.70208,23.49873],[90.68775,23.49248],[90.69316,23.4846],[90.69822,23.47017],[90.70959,23.45474],[90.71079,23.43522],[90.71565,23.43381],[90.72087,23.42917],[90.7284,23.42687],[90.73114,23.41855],[90.73634,23.41486],[90.73787,23.41532],[90.73833,23.41754],[90.733,23.42399],[90.73344,23.42594],[90.73651,23.42761],[90.74994,23.42279],[90.75237,23.41546],[90.75668,23.41603],[90.75748,23.42093],[90.7613,23.42239],[90.76284,23.4253],[90.76083,23.42817],[90.76498,23.42904],[90.7667,23.43344],[90.77004,23.43681],[90.76964,23.44115],[90.77128,23.44426],[90.76982,23.44693],[90.77104,23.44928],[90.77472,23.44489],[90.77796,23.44559],[90.77664,23.44218],[90.77976,23.44389],[90.78272,23.44276],[90.78167,23.44074],[90.78355,23.4387],[90.79261,23.43895],[90.79283,23.43719],[90.78787,23.43715],[90.78644,23.43586],[90.78686,23.43469],[90.78946,23.43542],[90.79115,23.4339],[90.79428,23.43353],[90.7968,23.4368],[90.79769,23.44026],[90.79945,23.44114],[90.79896,23.44591],[90.80034,23.44742],[90.80476,23.44797],[90.81061,23.443],[90.81202,23.44755],[90.81714,23.44746],[90.81734,23.45017],[90.81939,23.45083],[90.81721,23.45454],[90.81753,23.46279],[90.82392,23.46446],[90.83288,23.46366],[90.83214,23.46961],[90.83554,23.47115],[90.84156,23.47122],[90.83897,23.47418],[90.84015,23.47549],[90.84267,23.47541],[90.84276,23.47257],[90.84633,23.47219],[90.84839,23.47071],[90.84919,23.46737],[90.85086,23.46734],[90.85238,23.46454],[90.851,23.45921],[90.85704,23.45957],[90.86124,23.45564],[90.86212,23.45266],[90.8697,23.45393],[90.87318,23.45244],[90.87701,23.45442],[90.87834,23.44875],[90.88248,23.44539],[90.8829,23.4377],[90.89043,23.40817],[90.89755,23.40898],[90.89877,23.40794],[90.89809,23.39598],[90.90176,23.39424],[90.90846,23.39565],[90.90909,23.39356],[90.91131,23.393],[90.90995,23.3901],[90.91124,23.38737],[90.91323,23.38673],[90.91836,23.38835],[90.91965,23.38489],[90.9216,23.38488],[90.93023,23.37685],[90.93089,23.36813],[90.93381,23.36534],[90.92909,23.36271],[90.93284,23.35516],[90.93247,23.34714],[90.94401,23.34625],[90.94551,23.34237],[90.94901,23.34308],[90.95238,23.34834],[90.9559,23.34819],[90.95838,23.33915],[90.95618,23.33236],[90.95919,23.33126],[90.96296,23.32283],[90.96996,23.3218],[90.97315,23.31901],[90.97537,23.31247],[90.97508,23.30049],[90.97776,23.29801],[90.98034,23.2984],[90.98121,23.29669],[90.98067,23.28764],[90.98427,23.28638],[90.98628,23.28954],[90.99445,23.29245],[90.9951,23.28661],[90.99819,23.28261],[91.00004,23.27554],[91.0024,23.27436],[91.00401,23.26846],[91.00587,23.26797],[91.00888,23.27035],[91.01068,23.26413],[91.01235,23.2642],[91.01334,23.26233],[91.01145,23.25749],[91.01419,23.25554],[91.0141,23.24839],[91.02164,23.24776],[91.02195,23.2465],[91.02366,23.24735],[91.02537,23.24217],[91.02307,23.24198],[91.02347,23.23541],[91.03002,23.22941],[91.02869,23.22244],[91.02624,23.21855],[91.02145,23.21474],[91.01536,23.21298],[91.01552,23.2085],[91.01277,23.20573],[91.01421,23.19593],[91.01672,23.19575],[91.01701,23.19797],[91.01885,23.19526],[91.00822,23.19174],[91.00802,23.18838],[91.01158,23.18671],[91.00002,23.18172],[91.00004,23.17902],[91.00587,23.17524],[91.00365,23.17042],[91.007,23.16768],[91.00537,23.16419],[91.00668,23.16122],[91.00567,23.15484],[91.00996,23.15529],[91.01196,23.15356],[91.01135,23.15063],[91.00881,23.14838],[91.01119,23.14686],[91.00906,23.14447],[91.0095,23.14249],[90.99681,23.1403],[90.98788,23.1409],[90.98175,23.13737],[90.98075,23.1332],[90.98548,23.12777],[90.98424,23.11996],[90.98546,23.11737],[90.99628,23.11982],[90.99879,23.11863],[91.00114,23.11417],[91.01355,23.1161],[91.01455,23.114],[91.02026,23.11329],[91.0201,23.11034],[91.02324,23.10628],[91.02705,23.10706],[91.02887,23.11222],[91.03602,23.11441],[91.04299,23.09043],[91.04678,23.08932],[91.05074,23.08348],[91.06093,23.08114],[91.06485,23.07756],[91.07055,23.07867],[91.08036,23.07677],[91.07944,23.0716],[91.10987,23.0723],[91.11406,23.0755],[91.12419,23.07472],[91.12646,23.0767],[91.12931,23.07461],[91.13503,23.07678],[91.14002,23.07429],[91.14055,23.07928],[91.14955,23.08215],[91.15184,23.08076],[91.15297,23.08328],[91.1599,23.08407],[91.16411,23.08136],[91.16243,23.08007],[91.1674,23.07505],[91.16661,23.07166],[91.16778,23.0698],[91.1692,23.06881],[91.17266,23.07098],[91.17782,23.06711],[91.18075,23.06683],[91.18286,23.06161],[91.18527,23.06025],[91.1904,23.05995],[91.19294,23.06155],[91.19811,23.06057],[91.2004,23.06322],[91.20388,23.06242],[91.20469,23.06641],[91.21455,23.0667],[91.21721,23.06597],[91.21757,23.06039],[91.22145,23.0604],[91.2226,23.05792],[91.22284,23.06423],[91.22549,23.06655],[91.22685,23.06413],[91.23591,23.06598],[91.23691,23.06223],[91.23553,23.05879],[91.24648,23.0576],[91.25052,23.05558],[91.25592,23.0561],[91.25895,23.05461],[91.26481,23.05354],[91.27013,23.05592],[91.27139,23.05381],[91.27437,23.05586],[91.27393,23.05878],[91.27803,23.06035],[91.28062,23.05851],[91.28127,23.05527],[91.28553,23.05503],[91.28793,23.05164],[91.29337,23.05299],[91.29976,23.04818],[91.30837,23.04987],[91.31198,23.04859],[91.31505,23.04955],[91.31633,23.057],[91.32688,23.06225],[91.33077,23.06629],[91.33341,23.06385],[91.34281,23.06852],[91.34918,23.06683],[91.35158,23.0678],[91.36866,23.06733],[91.3719,23.06939],[91.36972,23.07052],[91.34692,23.10246],[91.34756,23.11893],[91.3418,23.11796],[91.34166,23.1289],[91.33702,23.1312],[91.33305,23.15302],[91.32332,23.15822],[91.32467,23.16878],[91.32358,23.23761],[91.31886,23.24001],[91.31863,23.24562],[91.32542,23.24729],[91.32654,23.25244],[91.31796,23.25305],[91.30972,23.27651],[91.31569,23.27957],[91.31662,23.28202],[91.30228,23.28649],[91.30019,23.29242],[91.30715,23.29991],[91.31493,23.29676],[91.31308,23.30648],[91.30947,23.314],[91.29615,23.31355],[91.2898,23.31866],[91.29611,23.341],[91.30505,23.34355],[91.31073,23.34257],[91.31101,23.35282],[91.31252,23.35405],[91.31421,23.35279],[91.3179,23.3531],[91.32002,23.36024],[91.31481,23.36108],[91.30095,23.3517],[91.29099,23.35079],[91.29484,23.36133],[91.28612,23.36328],[91.2842,23.3713],[91.29369,23.37143],[91.2943,23.37485],[91.29201,23.37825],[91.28848,23.37554],[91.28511,23.37717],[91.28205,23.376],[91.2797,23.37678],[91.27638,23.41483],[91.26339,23.42385],[91.27061,23.42994],[91.2564,23.44169],[91.25572,23.44751],[91.25148,23.45378],[91.25342,23.45814],[91.25335,23.46154],[91.25076,23.46448],[91.25217,23.48115],[91.24926,23.49031],[91.23631,23.48915],[91.23715,23.49528],[91.23436,23.49627],[91.23551,23.50192],[91.22336,23.49745],[91.21793,23.49965],[91.22351,23.51417],[91.2138,23.51389],[91.20776,23.51221],[91.20071,23.52016],[91.20063,23.52315],[91.2081,23.54319],[91.21297,23.54528],[91.2129,23.55055],[91.20971,23.54865],[91.21041,23.54666],[91.20743,23.5455],[91.20528,23.5454],[91.20193,23.55019],[91.19897,23.54747],[91.19438,23.54732],[91.1951,23.56261],[91.18721,23.57327],[91.18724,23.57766],[91.17518,23.58563],[91.17802,23.59188],[91.17704,23.59333],[91.16866,23.59273],[91.16244,23.5952],[91.1621,23.59882],[91.16368,23.60117],[91.15961,23.61144],[91.16094,23.61406],[91.15805,23.62192],[91.15866,23.62905],[91.16095,23.63135],[91.15864,23.64149],[91.16132,23.65446],[91.15643,23.6693],[91.153,23.6716],[91.14865,23.66903],[91.14197,23.66885],[91.14271,23.66575],[91.14132,23.66438],[91.13886,23.66588],[91.1336,23.66447],[91.13168,23.66797],[91.12732,23.66775],[91.12931,23.67079],[91.12604,23.67111],[91.12117,23.67432],[91.12171,23.67548],[91.12437,23.67429],[91.12779,23.68051],[91.12662,23.6819],[91.12386,23.68043],[91.12399,23.67891],[91.12227,23.67904],[91.1227,23.68096],[91.12087,23.68219],[91.1216,23.68712],[91.1191,23.68225],[91.11947,23.68997],[91.11735,23.69222],[91.11987,23.69473],[91.11797,23.69698],[91.11708,23.69564],[91.1153,23.69674],[91.11623,23.69352],[91.11404,23.69222],[91.11072,23.69479],[91.10579,23.6953],[91.11017,23.69949],[91.10961,23.70384],[91.10802,23.70123],[91.10293,23.70364],[91.10406,23.70516],[91.1076,23.70473],[91.10855,23.70651],[91.10477,23.70938],[91.10233,23.70616],[91.09899,23.70691],[91.10108,23.7084],[91.10131,23.71074],[91.10784,23.71122],[91.10964,23.71572],[91.09599,23.71368],[91.09786,23.71751],[91.0965,23.71904],[91.09239,23.7164],[91.08877,23.7169],[91.08713,23.71537],[91.08489,23.72158],[91.08233,23.72059],[91.07974,23.72333],[91.08465,23.72402],[91.08566,23.72985],[91.08259,23.72748],[91.08018,23.73029],[91.07923,23.72886],[91.08059,23.72686],[91.07909,23.72507],[91.07342,23.72846],[91.07741,23.73303],[91.07835,23.73661],[91.07496,23.73391],[91.07189,23.73389],[91.07082,23.73054],[91.06764,23.7321],[91.0665,23.7341],[91.06972,23.7355],[91.07244,23.7401],[91.06901,23.73997],[91.06578,23.73646],[91.06496,23.73964],[91.06708,23.74599],[91.06546,23.74645],[91.06249,23.7423],[91.05835,23.74585],[91.06582,23.75727],[91.05581,23.75316],[91.05577,23.75587],[91.05947,23.76184],[91.05488,23.7623],[91.052,23.75813],[91.04972,23.75971],[91.05016,23.76179],[91.05536,23.7659],[91.05448,23.76758],[91.04993,23.76589],[91.04666,23.76262],[91.04377,23.76281],[91.04268,23.76759],[91.04742,23.76699],[91.04924,23.77154],[91.04642,23.77824],[91.04479,23.77843],[91.04233,23.77434],[91.04048,23.77607],[91.03809,23.78186],[91.04091,23.78325],[91.0409,23.78501],[91.03506,23.79552],[91.02796,23.79475],[91.00336,23.78743],[91.001,23.79371],[90.99568,23.79447],[90.99872,23.78722],[90.99432,23.78546],[90.97747,23.78431],[90.97117,23.78216],[90.96749,23.78288],[90.95948,23.7793],[90.95901,23.77393],[90.95054,23.77333],[90.94631,23.77603],[90.94002,23.7727],[90.93635,23.77314],[90.93184,23.77007],[90.92721,23.77007],[90.92197,23.76691],[90.91423,23.76481],[90.91254,23.76773],[90.90117,23.76647],[90.89881,23.75955],[90.89289,23.75958],[90.89137,23.75675],[90.8848,23.75293],[90.88732,23.73677],[90.88445,23.72908],[90.88329,23.72651],[90.8708,23.71865],[90.86785,23.72299],[90.85683,23.72287],[90.85011,23.72734],[90.83677,23.72492],[90.83561,23.72417],[90.83654,23.72185],[90.82877,23.72826],[90.82631,23.73421],[90.81704,23.73356],[90.81112,23.73712],[90.80848,23.74334],[90.7991,23.74628],[90.79653,23.74189],[90.79411,23.74203],[90.78788,23.73636],[90.7797,23.73329],[90.78085,23.72677],[90.77487,23.71423],[90.77582,23.70688],[90.78216,23.70366],[90.78706,23.69578],[90.78716,23.68945],[90.78388,23.6853],[90.77632,23.68298],[90.77006,23.68473],[90.76726,23.68869],[90.76574,23.69672],[90.76283,23.6991],[90.75992,23.69892],[90.75501,23.69518],[90.74114,23.69262]]]}},{"type":"Feature","properties":{"ADM2_EN":"Cox's Bazar","ADM1_EN":"Chittagong"},"geometry":{"type":"MultiPolygon","coordinates":[[[[92.32719,20.63543],[92.32308,20.63563],[92.31843,20.63373],[92.31505,20.62814],[92.32495,20.61825],[92.32668,20.60356],[92.32394,20.60006],[92.32456,20.59456],[92.32694,20.59075],[92.33029,20.59061],[92.33172,20.59121],[92.33205,20.60105],[92.32619,20.61776],[92.32719,20.63543]]],[[[92.2867,20.90449],[92.28537,20.91053],[92.27956,20.9204],[92.27288,20.92589],[92.27181,20.92242],[92.27453,20.91717],[92.28181,20.90728],[92.2867,20.90449]]],[[[92.26635,20.98197],[92.26631,20.98795],[92.26379,20.99348],[92.26345,20.9878],[92.26635,20.98197]]],[[[91.97142,21.50223],[91.97258,21.50301],[91.97169,21.50524],[91.9657,21.50409],[91.96728,21.50185],[91.97142,21.50223]]],[[[91.85107,21.52348],[91.84701,21.52926],[91.8465,21.52525],[91.85107,21.52348]]],[[[91.84132,21.52774],[91.84169,21.53878],[91.84055,21.53979],[91.83796,21.53488],[91.84132,21.52774]]],[[[91.99209,21.59401],[91.99827,21.60072],[91.99642,21.60758],[91.99184,21.60123],[91.99094,21.5956],[91.99209,21.59401]]],[[[91.86333,21.60062],[91.86596,21.62248],[91.85448,21.61563],[91.85069,21.61142],[91.84664,21.61007],[91.84915,21.59877],[91.85217,21.5994],[91.85292,21.59801],[91.85223,21.58363],[91.85072,21.58174],[91.85604,21.58225],[91.85992,21.58574],[91.86186,21.58974],[91.86333,21.60062]]],[[[92.0064,21.60163],[92.00875,21.60499],[92.00838,21.61164],[92.00042,21.62368],[92.00528,21.60145],[92.0064,21.60163]]],[[[91.88316,21.64353],[91.88595,21.64601],[91.8817,21.64354],[91.88316,21.64353]]],[[[91.87017,21.92309],[91.86414,21.91956],[91.85673,21.90726],[91.84633,21.89935],[91.84747,21.88046],[91.84259,21.87535],[91.84084,21.85869],[91.84722,21.84491],[91.85176,21.82789],[91.84849,21.81617],[91.84213,21.80511],[91.84472,21.7754],[91.83312,21.76028],[91.82943,21.74272],[91.82938,21.72323],[91.83361,21.72115],[91.84337,21.72211],[91.84572,21.72429],[91.84658,21.72979],[91.84523,21.74056],[91.85072,21.74508],[91.87732,21.82144],[91.88626,21.8393],[91.89463,21.86081],[91.89566,21.8844],[91.89266,21.89581],[91.8798,21.92115],[91.87376,21.92341],[91.87017,21.92309]]],[[[92.06005,21.9078],[92.05717,21.92405],[92.05258,21.92215],[92.05102,21.91819],[92.04041,21.92387],[92.03932,21.92235],[92.04193,21.91914],[92.04132,21.91591],[92.04293,21.91262],[92.03796,21.91097],[92.03841,21.90661],[92.03625,21.90402],[92.03316,21.90673],[92.03134,21.90535],[92.02773,21.90548],[92.02637,21.90388],[92.01659,21.90411],[92.01314,21.90271],[92.00919,21.90409],[92.00803,21.90664],[92.00152,21.90654],[91.99879,21.90799],[91.99442,21.90417],[91.98996,21.90514],[91.99153,21.90407],[91.98663,21.90159],[91.97998,21.901],[91.97839,21.90271],[91.97194,21.90434],[91.97043,21.89737],[91.96586,21.892],[91.9665,21.89034],[91.97007,21.88956],[91.9661,21.88394],[91.96169,21.88235],[91.95872,21.88371],[91.96021,21.89008],[91.95759,21.8921],[91.95394,21.88945],[91.95099,21.88341],[91.94452,21.88497],[91.94302,21.88129],[91.93882,21.8778],[91.9287,21.87858],[91.9241,21.87729],[91.92189,21.87301],[91.92517,21.86598],[91.92493,21.86123],[91.9214,21.858],[91.91657,21.85842],[91.91502,21.83984],[91.90894,21.8164],[91.88594,21.76773],[91.87175,21.71895],[91.85903,21.69988],[91.85823,21.69702],[91.85965,21.69615],[91.85967,21.69361],[91.85573,21.6862],[91.85542,21.67765],[91.85701,21.67027],[91.86385,21.66597],[91.86334,21.6621],[91.86874,21.65817],[91.87735,21.64832],[91.88248,21.64726],[91.88589,21.65002],[91.88791,21.64942],[91.88843,21.65372],[91.87767,21.6742],[91.8787,21.68642],[91.886,21.69384],[91.90424,21.6998],[91.90532,21.69858],[91.89767,21.69428],[91.8837,21.69009],[91.87979,21.68368],[91.87915,21.67786],[91.88067,21.67263],[91.88715,21.66434],[91.89174,21.6553],[91.89201,21.64479],[91.88952,21.63832],[91.88583,21.63363],[91.8875,21.63261],[91.88484,21.62869],[91.88634,21.62588],[91.88291,21.62721],[91.88202,21.63009],[91.88025,21.62366],[91.87248,21.62152],[91.86899,21.61496],[91.8694,21.60543],[91.8654,21.59522],[91.86614,21.59306],[91.86858,21.59239],[91.876,21.60306],[91.87884,21.60303],[91.88169,21.61009],[91.88239,21.61689],[91.88345,21.61609],[91.88355,21.612],[91.8794,21.599],[91.88259,21.59703],[91.88233,21.59417],[91.87515,21.59038],[91.87193,21.58439],[91.8711,21.57644],[91.87436,21.57411],[91.87335,21.57248],[91.86149,21.57454],[91.85921,21.56654],[91.86485,21.55845],[91.86986,21.56033],[91.87123,21.55408],[91.87577,21.55245],[91.88199,21.54757],[91.8907,21.54533],[91.89007,21.54411],[91.88434,21.54547],[91.88608,21.54366],[91.88408,21.54311],[91.88518,21.53965],[91.88215,21.54184],[91.8746,21.54214],[91.87312,21.53993],[91.86282,21.54327],[91.85826,21.54031],[91.85739,21.53781],[91.85049,21.53165],[91.85102,21.52864],[91.85754,21.52312],[91.86547,21.52016],[91.86189,21.51826],[91.85317,21.52252],[91.85598,21.51769],[91.85602,21.51447],[91.86012,21.51331],[91.86263,21.50573],[91.86626,21.50588],[91.86829,21.50108],[91.87221,21.50008],[91.87921,21.49245],[91.89018,21.48425],[91.89268,21.47997],[91.89473,21.48033],[91.90344,21.47521],[91.90473,21.47606],[91.90991,21.47399],[91.91461,21.4779],[91.91457,21.4747],[91.91115,21.47101],[91.91425,21.4695],[91.91681,21.46999],[91.91858,21.47322],[91.91816,21.47566],[91.92015,21.47593],[91.9217,21.4815],[91.92475,21.48405],[91.92991,21.48389],[91.93142,21.48235],[91.93768,21.48834],[91.93406,21.48929],[91.92726,21.48822],[91.91931,21.48994],[91.91384,21.49306],[91.9125,21.4958],[91.90339,21.5025],[91.90514,21.50339],[91.92183,21.49096],[91.92428,21.49103],[91.9263,21.49344],[91.93942,21.49171],[91.94128,21.49355],[91.9414,21.49671],[91.93834,21.50312],[91.9532,21.50331],[91.95668,21.50542],[91.9719,21.50674],[91.97677,21.50963],[91.98173,21.54422],[91.98103,21.55221],[91.98489,21.59608],[91.98765,21.61091],[91.99011,21.61552],[91.98897,21.60287],[91.99231,21.6044],[91.99332,21.60683],[91.98903,21.62963],[91.98298,21.64337],[91.97771,21.65069],[91.96384,21.66391],[91.96053,21.66925],[91.94667,21.71018],[91.94582,21.71573],[91.94741,21.71586],[91.96307,21.66948],[91.9687,21.66272],[91.97873,21.65553],[91.98682,21.64564],[91.99396,21.63351],[91.99767,21.63179],[92.00886,21.61302],[92.00988,21.60541],[92.00741,21.60042],[92.01529,21.60119],[92.01852,21.6054],[92.01586,21.61241],[92.01044,21.61984],[92.01053,21.62246],[92.0179,21.61272],[92.01997,21.6071],[92.01717,21.60054],[92.01177,21.59755],[92.00573,21.59714],[92.0016,21.59375],[91.99323,21.57646],[91.99223,21.57002],[91.99726,21.5495],[92.00088,21.51918],[92.00514,21.51794],[92.00921,21.51197],[92.0101,21.5076],[92.0089,21.50093],[92.01586,21.50114],[92.02034,21.49786],[92.01912,21.49722],[92.01635,21.50012],[92.00983,21.49912],[92.0071,21.50071],[92.00656,21.50287],[92.00874,21.50822],[92.00487,21.51448],[92.0017,21.51601],[91.98793,21.4872],[91.97955,21.47404],[91.97599,21.47491],[91.97416,21.47392],[91.97466,21.46896],[91.96982,21.4579],[91.96811,21.45822],[91.96885,21.4615],[91.97281,21.47077],[91.96969,21.47648],[91.96248,21.47417],[91.95248,21.46683],[91.94885,21.45932],[91.95716,21.44255],[91.97583,21.42278],[91.98296,21.41806],[91.98827,21.40715],[92.00029,21.39358],[92.01739,21.36823],[92.03491,21.3286],[92.03502,21.31478],[92.04133,21.30983],[92.04008,21.30798],[92.04248,21.30461],[92.0429,21.29839],[92.04799,21.28624],[92.04583,21.27804],[92.04731,21.26972],[92.04377,21.2345],[92.04674,21.22356],[92.04548,21.21344],[92.04778,21.20328],[92.04618,21.18457],[92.05378,21.17084],[92.05444,21.16703],[92.05922,21.16039],[92.11576,21.09317],[92.16014,21.04344],[92.18237,21.01533],[92.1882,21.00486],[92.20208,20.95898],[92.20974,20.94623],[92.21746,20.92668],[92.22359,20.91676],[92.22389,20.91343],[92.24943,20.87953],[92.27444,20.84004],[92.28899,20.81253],[92.30231,20.78226],[92.31159,20.76674],[92.32041,20.75598],[92.3311,20.74651],[92.34402,20.74001],[92.34987,20.74049],[92.35221,20.74199],[92.35186,20.7432],[92.3468,20.74207],[92.34033,20.74677],[92.34263,20.75038],[92.34203,20.75812],[92.33802,20.76044],[92.34041,20.76686],[92.33677,20.77692],[92.33507,20.7916],[92.32278,20.81887],[92.32036,20.83776],[92.31337,20.85812],[92.29927,20.88939],[92.2836,20.90097],[92.27201,20.9157],[92.26346,20.94446],[92.26124,20.96218],[92.2634,20.97837],[92.25843,20.99253],[92.25752,21.01016],[92.2523,21.02033],[92.25123,21.0256],[92.25744,21.05027],[92.26338,21.05624],[92.26502,21.06224],[92.25833,21.07879],[92.2335,21.09676],[92.22372,21.1199],[92.21739,21.12262],[92.207,21.1189],[92.20044,21.12437],[92.19755,21.13929],[92.20325,21.15017],[92.19933,21.16129],[92.19239,21.1634],[92.18033,21.15887],[92.17581,21.15998],[92.17258,21.17078],[92.1725,21.18123],[92.1764,21.18435],[92.17381,21.18537],[92.1738,21.18758],[92.17128,21.18998],[92.17324,21.19557],[92.17467,21.196],[92.17449,21.19876],[92.17079,21.20085],[92.17032,21.20684],[92.16722,21.21021],[92.16944,21.21452],[92.16554,21.21603],[92.16851,21.21821],[92.16624,21.22101],[92.16946,21.22363],[92.17019,21.22845],[92.1796,21.2348],[92.17877,21.23979],[92.18312,21.25029],[92.18203,21.25273],[92.18541,21.25516],[92.18602,21.25753],[92.19083,21.25963],[92.19128,21.26303],[92.18941,21.26541],[92.19207,21.26528],[92.1927,21.26663],[92.19049,21.27173],[92.18204,21.26956],[92.17971,21.27165],[92.17915,21.27374],[92.18086,21.27566],[92.17599,21.28206],[92.17767,21.28515],[92.17157,21.28918],[92.17104,21.2987],[92.16738,21.29883],[92.16032,21.31172],[92.15779,21.31247],[92.1583,21.3182],[92.15678,21.32074],[92.15387,21.32297],[92.15186,21.32176],[92.15297,21.32566],[92.15247,21.33065],[92.15021,21.33427],[92.15147,21.33712],[92.14969,21.34378],[92.14511,21.35031],[92.14312,21.34877],[92.14247,21.3541],[92.13941,21.3602],[92.1394,21.36687],[92.13555,21.37558],[92.13129,21.38036],[92.13123,21.3871],[92.12834,21.39338],[92.1291,21.39678],[92.12646,21.40069],[92.13665,21.40349],[92.14011,21.39913],[92.14352,21.39998],[92.14611,21.40643],[92.1524,21.40908],[92.156,21.41251],[92.15402,21.41596],[92.15598,21.41856],[92.15566,21.42488],[92.16398,21.43193],[92.16724,21.42967],[92.1766,21.43009],[92.17899,21.43179],[92.18269,21.42406],[92.18779,21.42648],[92.18948,21.42418],[92.1895,21.42066],[92.19148,21.41886],[92.19196,21.41376],[92.19625,21.40694],[92.19553,21.40593],[92.19893,21.40279],[92.19813,21.39769],[92.20188,21.39053],[92.20621,21.39328],[92.21404,21.39499],[92.22005,21.40079],[92.22567,21.39884],[92.22972,21.4003],[92.23571,21.39783],[92.24562,21.40127],[92.24698,21.40302],[92.24691,21.40832],[92.23774,21.41398],[92.24161,21.42619],[92.23342,21.42959],[92.2345,21.43283],[92.23281,21.43453],[92.23292,21.44039],[92.22937,21.44634],[92.23061,21.44775],[92.2352,21.44749],[92.23514,21.45323],[92.24225,21.45213],[92.23845,21.45705],[92.24032,21.46051],[92.23764,21.46773],[92.23982,21.47266],[92.23812,21.47603],[92.23244,21.47871],[92.23222,21.48204],[92.22984,21.4824],[92.22684,21.47888],[92.22427,21.48341],[92.22164,21.4832],[92.22289,21.49466],[92.21674,21.49863],[92.21714,21.50383],[92.20797,21.50593],[92.20431,21.50251],[92.20262,21.50325],[92.20143,21.51407],[92.19724,21.51364],[92.19368,21.51504],[92.19135,21.51139],[92.18622,21.51024],[92.18564,21.50098],[92.18222,21.50731],[92.18279,21.51217],[92.17522,21.50734],[92.16923,21.51373],[92.17041,21.51934],[92.16624,21.52212],[92.16386,21.5283],[92.15954,21.53318],[92.15901,21.54105],[92.16296,21.543],[92.16598,21.54875],[92.17728,21.55493],[92.18468,21.56851],[92.17854,21.57232],[92.17505,21.57845],[92.17569,21.58071],[92.17211,21.58387],[92.17288,21.58664],[92.16863,21.58806],[92.16901,21.59001],[92.17293,21.59186],[92.17368,21.59978],[92.16758,21.60536],[92.16151,21.60569],[92.15965,21.60113],[92.1475,21.59566],[92.14651,21.59967],[92.14189,21.60081],[92.14469,21.60757],[92.14056,21.61833],[92.12899,21.62498],[92.12423,21.63109],[92.11215,21.63397],[92.10726,21.6413],[92.0988,21.64391],[92.10279,21.64432],[92.10685,21.64852],[92.11096,21.64784],[92.11438,21.65077],[92.11295,21.65617],[92.1016,21.65863],[92.10749,21.66106],[92.1083,21.66564],[92.11221,21.66603],[92.10703,21.67063],[92.10656,21.67365],[92.10014,21.6732],[92.10327,21.67588],[92.10072,21.68427],[92.09924,21.6854],[92.09816,21.68383],[92.0923,21.68865],[92.09913,21.695],[92.10171,21.69417],[92.10361,21.69621],[92.10187,21.70171],[92.10416,21.70487],[92.10848,21.70745],[92.11421,21.7057],[92.1134,21.71152],[92.10696,21.71899],[92.10759,21.71986],[92.11072,21.71723],[92.11595,21.71634],[92.11876,21.71821],[92.11735,21.72274],[92.11461,21.72442],[92.11488,21.72704],[92.11159,21.72836],[92.10957,21.73104],[92.11242,21.73444],[92.12141,21.7327],[92.12155,21.73502],[92.11659,21.73749],[92.1158,21.74111],[92.12257,21.7387],[92.13886,21.73649],[92.13829,21.73416],[92.13978,21.73289],[92.14581,21.73597],[92.1582,21.73459],[92.16159,21.73856],[92.16024,21.74229],[92.1573,21.74166],[92.1551,21.74546],[92.15707,21.74645],[92.15577,21.74854],[92.16089,21.76199],[92.16086,21.76936],[92.1662,21.77287],[92.16806,21.77871],[92.17513,21.78261],[92.17643,21.78917],[92.18067,21.78916],[92.18085,21.7786],[92.18869,21.77385],[92.1921,21.77454],[92.19223,21.78011],[92.19435,21.78519],[92.19839,21.78632],[92.1995,21.78392],[92.20238,21.78459],[92.20393,21.78333],[92.21092,21.78475],[92.21236,21.78654],[92.20735,21.79336],[92.20665,21.79854],[92.20349,21.80452],[92.20429,21.81237],[92.20569,21.81387],[92.20463,21.81673],[92.20264,21.81646],[92.20035,21.81851],[92.19771,21.82456],[92.19594,21.8253],[92.19399,21.82396],[92.19152,21.82443],[92.18973,21.82005],[92.18658,21.8192],[92.18497,21.82923],[92.18165,21.83018],[92.1791,21.83347],[92.1792,21.83534],[92.18299,21.83281],[92.18445,21.83966],[92.18238,21.84199],[92.18322,21.84519],[92.18032,21.84777],[92.17683,21.84621],[92.17288,21.84723],[92.16873,21.8452],[92.16976,21.84127],[92.1672,21.84034],[92.1717,21.83257],[92.17084,21.83094],[92.17518,21.82856],[92.17776,21.82245],[92.17987,21.82154],[92.17894,21.81836],[92.18019,21.81623],[92.17848,21.81342],[92.18084,21.81022],[92.1802,21.80493],[92.18495,21.80181],[92.18561,21.79993],[92.18526,21.79541],[92.18855,21.78963],[92.19033,21.781],[92.18966,21.77623],[92.18249,21.77882],[92.18229,21.78924],[92.17966,21.79139],[92.17466,21.78961],[92.17409,21.7836],[92.16684,21.77993],[92.16533,21.7746],[92.1596,21.77717],[92.15761,21.77979],[92.15468,21.78002],[92.15154,21.77706],[92.15071,21.77808],[92.14813,21.77727],[92.14295,21.77954],[92.14059,21.78683],[92.13067,21.79994],[92.12849,21.7995],[92.12851,21.79718],[92.12432,21.79677],[92.12396,21.79431],[92.1212,21.79534],[92.11032,21.79478],[92.10814,21.79249],[92.10588,21.79781],[92.10314,21.80031],[92.10193,21.80455],[92.10286,21.80828],[92.0992,21.80829],[92.0974,21.80634],[92.0907,21.80933],[92.08943,21.80819],[92.08052,21.80993],[92.07656,21.81733],[92.08052,21.82369],[92.07751,21.82452],[92.07779,21.82574],[92.08141,21.83206],[92.08699,21.83355],[92.0898,21.84015],[92.08569,21.8483],[92.08528,21.85393],[92.08194,21.85781],[92.08265,21.86069],[92.08511,21.86238],[92.08173,21.87275],[92.08336,21.87675],[92.07952,21.87692],[92.08045,21.88947],[92.07593,21.89024],[92.07628,21.8941],[92.07173,21.89615],[92.0709,21.90082],[92.06871,21.90236],[92.06546,21.90318],[92.05969,21.90199],[92.06005,21.9078]]]]}},{"type":"Feature","properties":{"ADM2_EN":"Dhaka","ADM1_EN":"Dhaka"},"geometry":{"type":"Polygon","coordinates":[[[90.14755,24.03354],[90.12889,24.03324],[90.12457,24.03103],[90.1237,24.02868],[90.12064,24.02855],[90.12016,24.02536],[90.10994,24.02653],[90.10967,24.01881],[90.10818,24.01757],[90.10215,24.01904],[90.09618,24.02699],[90.09406,24.02735],[90.08984,24.03503],[90.08445,24.03537],[90.08165,24.04067],[90.07508,24.04115],[90.07384,24.04065],[90.07449,24.03382],[90.0698,24.03237],[90.06595,24.03744],[90.06473,24.0354],[90.06542,24.03167],[90.0636,24.02926],[90.06009,24.03041],[90.04074,24.02839],[90.0247,24.02104],[90.02203,24.02391],[90.02061,24.02358],[90.01964,24.02874],[90.02197,24.02788],[90.02609,24.02962],[90.02718,24.03394],[90.01743,24.03612],[90.01653,24.04432],[90.01454,24.04253],[90.01202,24.04252],[90.01042,24.03325],[90.01235,24.03064],[90.01727,24.03131],[90.01944,24.02573],[90.01743,24.02521],[90.01825,24.02174],[90.01389,24.01756],[90.00491,24.01746],[90.00463,24.01619],[90.00717,24.0149],[90.00759,24.01136],[90.01348,24.00761],[90.01343,24.01242],[90.01971,24.00969],[90.01982,24.01426],[90.02213,24.01482],[90.02398,24.01176],[90.02305,24.00754],[90.02487,24.00541],[90.0297,24.00365],[90.03141,24.00606],[90.04297,24.00455],[90.04419,24.00317],[90.04338,23.99806],[90.04506,23.99599],[90.04795,23.99628],[90.05106,23.99927],[90.05643,23.99956],[90.05607,23.99697],[90.0521,23.99359],[90.05018,23.989],[90.04395,23.98655],[90.03884,23.98259],[90.03907,23.97775],[90.04433,23.97357],[90.03801,23.97172],[90.04698,23.96243],[90.05061,23.96062],[90.06043,23.95769],[90.06642,23.96048],[90.07424,23.95984],[90.07372,23.95766],[90.06896,23.95401],[90.06481,23.95295],[90.06352,23.95095],[90.06765,23.94164],[90.06597,23.93348],[90.06688,23.92847],[90.06915,23.9267],[90.07367,23.92701],[90.07472,23.92582],[90.07401,23.92326],[90.06664,23.91686],[90.06833,23.90826],[90.07241,23.90518],[90.07596,23.90638],[90.08038,23.91088],[90.08576,23.91138],[90.09323,23.90488],[90.09312,23.90117],[90.09784,23.90201],[90.108,23.89578],[90.11288,23.88856],[90.11267,23.88518],[90.11605,23.87558],[90.11798,23.8735],[90.12156,23.87354],[90.12756,23.86539],[90.13044,23.86455],[90.14627,23.84448],[90.15093,23.83423],[90.15088,23.82795],[90.15431,23.82879],[90.15568,23.83298],[90.16083,23.833],[90.16629,23.82866],[90.17188,23.8278],[90.17194,23.81794],[90.17371,23.81798],[90.17532,23.82212],[90.181,23.82131],[90.18541,23.8183],[90.19731,23.82388],[90.19719,23.8303],[90.20383,23.8306],[90.20355,23.83798],[90.20638,23.83571],[90.21259,23.83945],[90.21868,23.84017],[90.22741,23.8353],[90.2396,23.83212],[90.2454,23.83895],[90.24766,23.80973],[90.24114,23.77817],[90.23654,23.77974],[90.22623,23.76428],[90.22464,23.75802],[90.21973,23.75212],[90.21856,23.74831],[90.21981,23.74399],[90.22364,23.73924],[90.23791,23.73575],[90.24083,23.73134],[90.25107,23.72488],[90.25418,23.72174],[90.25568,23.71559],[90.25365,23.71469],[90.23673,23.71567],[90.23603,23.71325],[90.22633,23.70928],[90.22385,23.70953],[90.21795,23.7118],[90.21194,23.72155],[90.20532,23.72606],[90.20364,23.72533],[90.20294,23.72239],[90.19801,23.72351],[90.1934,23.7218],[90.19091,23.72233],[90.1884,23.71656],[90.18577,23.72232],[90.18283,23.72197],[90.17639,23.72625],[90.16957,23.72721],[90.16395,23.72536],[90.15899,23.72605],[90.15562,23.73322],[90.15875,23.73782],[90.15694,23.74537],[90.15437,23.74767],[90.14891,23.74643],[90.14613,23.74814],[90.14235,23.74576],[90.13732,23.74611],[90.12939,23.73468],[90.12382,23.73456],[90.12094,23.72608],[90.11674,23.72492],[90.11754,23.72079],[90.1147,23.71716],[90.10517,23.71883],[90.10476,23.72707],[90.10806,23.72808],[90.10084,23.73008],[90.08426,23.72935],[90.08183,23.72547],[90.08068,23.71691],[90.07901,23.71967],[90.07587,23.71866],[90.07444,23.72308],[90.06936,23.72433],[90.06964,23.72675],[90.0588,23.72501],[90.05598,23.72724],[90.05281,23.72653],[90.05121,23.72561],[90.0527,23.71873],[90.05108,23.713],[90.04535,23.71134],[90.04201,23.71282],[90.04307,23.70713],[90.04062,23.70582],[90.04014,23.70102],[90.03676,23.70048],[90.03986,23.69899],[90.03993,23.69581],[90.04261,23.6947],[90.0411,23.69381],[90.03667,23.69526],[90.0383,23.69029],[90.03473,23.68695],[90.03791,23.68494],[90.03711,23.68272],[90.03622,23.68195],[90.03515,23.6834],[90.03469,23.68115],[90.0307,23.68054],[90.03053,23.6764],[90.02619,23.67174],[90.02233,23.67426],[90.01829,23.671],[90.02053,23.66564],[90.01985,23.65606],[90.01653,23.65049],[90.00716,23.64471],[90.0077,23.63494],[90.03107,23.62988],[90.04476,23.62901],[90.04327,23.62311],[90.04761,23.61306],[90.03901,23.60939],[90.04054,23.5989],[90.04282,23.59522],[90.05564,23.58408],[90.04649,23.57393],[90.05714,23.57175],[90.07404,23.56549],[90.07814,23.56142],[90.10201,23.56858],[90.11381,23.56536],[90.12989,23.5651],[90.13499,23.5616],[90.13638,23.55395],[90.14792,23.54098],[90.15826,23.52215],[90.17005,23.52736],[90.17431,23.52458],[90.17645,23.52685],[90.17814,23.53664],[90.18096,23.53887],[90.18159,23.5414],[90.18045,23.54939],[90.17745,23.55147],[90.17716,23.55576],[90.18114,23.55579],[90.18576,23.56293],[90.19221,23.55938],[90.20461,23.56504],[90.2065,23.57097],[90.20613,23.57981],[90.20877,23.58916],[90.21462,23.59179],[90.21709,23.59457],[90.22125,23.59555],[90.22294,23.59924],[90.22593,23.60143],[90.2249,23.60647],[90.2262,23.61355],[90.23651,23.62139],[90.23719,23.62895],[90.24086,23.6331],[90.24528,23.63234],[90.24729,23.63349],[90.24837,23.6455],[90.24674,23.64946],[90.24961,23.65448],[90.25395,23.65367],[90.26323,23.65622],[90.26821,23.65307],[90.27351,23.66241],[90.28618,23.67386],[90.30969,23.65916],[90.33148,23.64174],[90.34526,23.63697],[90.34989,23.63719],[90.35559,23.63985],[90.36513,23.65099],[90.36826,23.65265],[90.39047,23.64986],[90.39576,23.64155],[90.40893,23.63139],[90.43019,23.60861],[90.43353,23.61032],[90.43679,23.61603],[90.44673,23.62387],[90.45425,23.62406],[90.47023,23.62925],[90.47236,23.63145],[90.47315,23.63583],[90.47198,23.63877],[90.4484,23.66532],[90.45386,23.67756],[90.45576,23.67712],[90.4586,23.67903],[90.45835,23.68035],[90.46193,23.68353],[90.46482,23.68275],[90.47009,23.68515],[90.4741,23.69022],[90.47781,23.6911],[90.47973,23.69366],[90.48572,23.696],[90.48871,23.69564],[90.48869,23.69906],[90.49147,23.70091],[90.49779,23.70149],[90.49902,23.70525],[90.50466,23.70574],[90.51279,23.70957],[90.50804,23.71469],[90.50185,23.71805],[90.49928,23.7225],[90.50047,23.72597],[90.49753,23.73062],[90.48993,23.73599],[90.49246,23.74332],[90.48571,23.7492],[90.48752,23.755],[90.48259,23.75965],[90.48244,23.77336],[90.4765,23.77936],[90.47346,23.77998],[90.47093,23.78355],[90.48053,23.79236],[90.48183,23.80285],[90.48419,23.80786],[90.4836,23.81118],[90.48538,23.81706],[90.48779,23.81764],[90.48577,23.82133],[90.48661,23.8261],[90.48427,23.82814],[90.48394,23.83158],[90.48046,23.83221],[90.47725,23.83498],[90.47175,23.84249],[90.47127,23.84731],[90.46608,23.8438],[90.46456,23.84445],[90.46376,23.84749],[90.46539,23.8531],[90.47086,23.85828],[90.47165,23.86608],[90.4596,23.87962],[90.46157,23.88337],[90.45967,23.88481],[90.4612,23.88979],[90.45989,23.89217],[90.46075,23.8932],[90.4578,23.89645],[90.4485,23.89578],[90.44617,23.89843],[90.44252,23.89855],[90.4382,23.90106],[90.41898,23.88582],[90.41541,23.88569],[90.41073,23.88247],[90.40162,23.88205],[90.39572,23.88016],[90.39239,23.88359],[90.39373,23.88836],[90.3903,23.8905],[90.39049,23.89365],[90.38579,23.89339],[90.38409,23.89419],[90.38549,23.89681],[90.37715,23.89804],[90.3728,23.8948],[90.37069,23.89578],[90.36645,23.89316],[90.36429,23.89283],[90.36318,23.8943],[90.36143,23.8935],[90.36159,23.89184],[90.35365,23.88586],[90.3555,23.88444],[90.35489,23.88209],[90.35019,23.88233],[90.34856,23.89591],[90.34449,23.90237],[90.34777,23.91157],[90.34821,23.93051],[90.34525,23.94806],[90.34084,23.95557],[90.3374,23.95557],[90.33562,23.95405],[90.33892,23.95313],[90.33972,23.95143],[90.33916,23.94872],[90.33547,23.94788],[90.33072,23.95038],[90.33042,23.95491],[90.31737,23.95752],[90.31916,23.95055],[90.30017,23.94884],[90.30029,23.95429],[90.29781,23.96187],[90.28202,23.96499],[90.28132,23.96738],[90.27511,23.96537],[90.27124,23.96246],[90.26865,23.96523],[90.26965,23.96848],[90.26013,23.97113],[90.26202,23.9754],[90.26019,23.97552],[90.25578,23.98096],[90.25614,23.98379],[90.25371,23.98362],[90.25007,23.99216],[90.25585,23.99488],[90.25448,23.9989],[90.252,24.00027],[90.25633,24.00834],[90.26025,24.01002],[90.26003,24.01483],[90.25826,24.01675],[90.25448,24.01681],[90.25233,24.01856],[90.2506,24.02295],[90.25329,24.02721],[90.24603,24.03332],[90.24223,24.03344],[90.23868,24.02969],[90.24116,24.02975],[90.24117,24.02441],[90.2397,24.02284],[90.24123,24.01228],[90.23971,24.00921],[90.22271,24.01024],[90.21596,24.00508],[90.20951,24.00989],[90.20796,24.0066],[90.20431,24.00528],[90.20307,24.00964],[90.1989,24.00957],[90.19764,24.00765],[90.19435,24.00825],[90.19178,24.01404],[90.18446,24.0106],[90.18609,24.00736],[90.18288,24.0071],[90.18114,24.00517],[90.1811,24.00387],[90.18471,24.00205],[90.17638,24.00033],[90.17084,24.0011],[90.16635,24.00938],[90.16763,24.01087],[90.16209,24.01479],[90.16154,24.01965],[90.15967,24.01947],[90.15896,24.02148],[90.156,24.02156],[90.14945,24.02572],[90.14706,24.0254],[90.14755,24.03354]]]}},{"type":"Feature","properties":{"ADM2_EN":"Dinajpur","ADM1_EN":"Rangpur"},"geometry":{"type":"Polygon","coordinates":[[[88.62676,26.05593],[88.6202,26.05847],[88.61594,26.06289],[88.61872,26.05699],[88.61429,26.05857],[88.6088,26.05126],[88.60568,26.05105],[88.60785,26.04964],[88.60872,26.04651],[88.60683,26.04131],[88.60908,26.03693],[88.60781,26.03583],[88.60919,26.03519],[88.59718,26.03091],[88.59395,26.02694],[88.59475,26.02387],[88.58933,26.0204],[88.57448,26.02125],[88.5734,26.01995],[88.56873,26.02454],[88.56942,26.02715],[88.56689,26.02564],[88.56248,26.02793],[88.55742,26.02846],[88.55573,26.02781],[88.55669,26.02599],[88.56458,26.02506],[88.5656,26.02372],[88.56279,26.02281],[88.55764,26.02384],[88.55477,26.01976],[88.55311,26.02089],[88.55536,26.02308],[88.55349,26.02336],[88.55112,26.02092],[88.55468,26.01877],[88.55386,26.01801],[88.55,26.01746],[88.54586,26.01919],[88.5452,26.01287],[88.54198,26.00798],[88.54543,25.99806],[88.5428,25.99956],[88.5401,25.99874],[88.53919,25.99792],[88.54073,25.99502],[88.53481,25.99442],[88.53054,25.99149],[88.5297,25.97706],[88.53224,25.9693],[88.53578,25.96735],[88.53791,25.96351],[88.53687,25.95189],[88.52357,25.95163],[88.52076,25.94978],[88.51818,25.94295],[88.5119,25.94133],[88.50999,25.93553],[88.50639,25.93242],[88.50993,25.92613],[88.50812,25.92547],[88.50958,25.92463],[88.50837,25.92214],[88.50991,25.92129],[88.50751,25.9197],[88.50767,25.91784],[88.50618,25.91795],[88.50696,25.92077],[88.50495,25.92194],[88.50804,25.92339],[88.50717,25.92478],[88.50466,25.92408],[88.50627,25.92609],[88.50424,25.92722],[88.50101,25.92552],[88.50112,25.92744],[88.49567,25.92792],[88.49488,25.92573],[88.49834,25.9233],[88.49987,25.92571],[88.50325,25.92435],[88.50168,25.9187],[88.50282,25.91372],[88.50449,25.91333],[88.50575,25.91616],[88.50859,25.91618],[88.50783,25.91135],[88.50368,25.91095],[88.50432,25.90966],[88.50183,25.90561],[88.49747,25.9048],[88.4946,25.9075],[88.49016,25.90519],[88.48818,25.90566],[88.48795,25.90448],[88.48124,25.90408],[88.47999,25.90271],[88.4786,25.8949],[88.48264,25.88789],[88.48064,25.88757],[88.47829,25.89082],[88.47595,25.89039],[88.47542,25.88866],[88.48299,25.88432],[88.4855,25.8852],[88.48349,25.88319],[88.48521,25.88163],[88.48278,25.88054],[88.48313,25.87519],[88.48588,25.86987],[88.48312,25.86858],[88.48426,25.8656],[88.48038,25.86634],[88.48128,25.86469],[88.47924,25.86318],[88.46973,25.86329],[88.46594,25.86857],[88.46563,25.87316],[88.46131,25.87331],[88.46169,25.86885],[88.45993,25.86576],[88.46076,25.86197],[88.45939,25.86072],[88.45461,25.86082],[88.45308,25.85841],[88.45099,25.85947],[88.45189,25.8614],[88.44459,25.86195],[88.4432,25.87138],[88.43469,25.8709],[88.43581,25.86572],[88.43412,25.86705],[88.43202,25.86638],[88.42821,25.87119],[88.42215,25.87102],[88.41751,25.86934],[88.41773,25.86727],[88.42589,25.86099],[88.42605,25.85937],[88.42244,25.85551],[88.4161,25.86234],[88.41154,25.86275],[88.41222,25.8648],[88.41099,25.86585],[88.41259,25.86684],[88.40846,25.86845],[88.40379,25.8648],[88.40408,25.85765],[88.39884,25.84191],[88.39516,25.83995],[88.38627,25.83976],[88.38519,25.83476],[88.38755,25.82952],[88.38581,25.82257],[88.39085,25.81098],[88.38539,25.80829],[88.38688,25.80343],[88.38913,25.80354],[88.38579,25.79216],[88.38274,25.79365],[88.38353,25.78745],[88.38742,25.78194],[88.38792,25.77602],[88.38494,25.77275],[88.38721,25.76861],[88.38665,25.76268],[88.39099,25.76014],[88.38884,25.75399],[88.3935,25.74944],[88.39208,25.74332],[88.39515,25.73919],[88.4006,25.7384],[88.39877,25.73399],[88.40052,25.73119],[88.4051,25.72853],[88.41015,25.7291],[88.40881,25.73244],[88.41444,25.7339],[88.4127,25.73766],[88.41523,25.73673],[88.41855,25.73298],[88.41879,25.72954],[88.42056,25.72978],[88.42211,25.73247],[88.42844,25.72866],[88.42333,25.72485],[88.42564,25.72064],[88.43412,25.71807],[88.43117,25.71529],[88.42357,25.71492],[88.42501,25.70816],[88.42703,25.70689],[88.43197,25.71044],[88.43619,25.7084],[88.43649,25.70612],[88.43468,25.70581],[88.43351,25.7014],[88.43509,25.699],[88.43367,25.69608],[88.43773,25.69225],[88.43814,25.68902],[88.43765,25.68715],[88.43533,25.68646],[88.43189,25.69059],[88.42837,25.6877],[88.42833,25.68511],[88.43057,25.68372],[88.42521,25.67857],[88.43106,25.67406],[88.42711,25.6697],[88.44008,25.66713],[88.44394,25.66508],[88.45376,25.66501],[88.45437,25.66355],[88.45385,25.65705],[88.45614,25.65265],[88.45402,25.64468],[88.45588,25.64405],[88.45456,25.62931],[88.45576,25.62868],[88.45056,25.62596],[88.44506,25.61385],[88.44695,25.61428],[88.44752,25.60578],[88.44958,25.60508],[88.44514,25.60085],[88.44431,25.59703],[88.45705,25.59898],[88.45937,25.59356],[88.46575,25.59193],[88.46471,25.58776],[88.46881,25.5873],[88.46879,25.58318],[88.47111,25.58519],[88.48107,25.58568],[88.48103,25.5821],[88.48257,25.58234],[88.48361,25.5866],[88.49148,25.58458],[88.49139,25.58306],[88.49396,25.5828],[88.49321,25.58427],[88.4999,25.58405],[88.4978,25.57009],[88.50091,25.56407],[88.5013,25.55889],[88.49894,25.55875],[88.4975,25.55572],[88.50027,25.55086],[88.50788,25.54718],[88.50939,25.54416],[88.50984,25.54586],[88.51158,25.54552],[88.51375,25.54764],[88.51901,25.54519],[88.51867,25.53841],[88.52345,25.53529],[88.52767,25.54341],[88.53308,25.5422],[88.53277,25.5323],[88.53936,25.53483],[88.5405,25.5303],[88.53941,25.52672],[88.54108,25.52617],[88.53798,25.52535],[88.53733,25.52109],[88.54036,25.51996],[88.53971,25.51408],[88.54118,25.51159],[88.53968,25.51065],[88.5399,25.50839],[88.5463,25.50843],[88.54796,25.51825],[88.55485,25.521],[88.55302,25.51545],[88.55998,25.51256],[88.56826,25.51405],[88.56778,25.51132],[88.57273,25.50905],[88.57765,25.50842],[88.58578,25.51048],[88.58671,25.50729],[88.59084,25.50946],[88.59633,25.50618],[88.60274,25.51597],[88.60906,25.51643],[88.60993,25.51155],[88.60612,25.50946],[88.61301,25.51],[88.61552,25.5054],[88.61965,25.50388],[88.62244,25.49702],[88.63974,25.49955],[88.64469,25.49875],[88.64518,25.49698],[88.64846,25.49631],[88.64843,25.49317],[88.64482,25.49401],[88.64268,25.4928],[88.64462,25.49032],[88.64635,25.47853],[88.65298,25.48153],[88.66023,25.48184],[88.66297,25.47377],[88.68823,25.47558],[88.69951,25.47131],[88.70038,25.47607],[88.70747,25.47706],[88.70638,25.47994],[88.71033,25.48071],[88.70803,25.49238],[88.70924,25.49618],[88.70751,25.49995],[88.71327,25.50009],[88.71191,25.49724],[88.71381,25.49567],[88.71334,25.49818],[88.71544,25.49895],[88.71434,25.49955],[88.72116,25.49981],[88.72149,25.50166],[88.72571,25.50203],[88.72632,25.50336],[88.74213,25.50512],[88.7439,25.49488],[88.74255,25.49541],[88.74003,25.48942],[88.74502,25.48887],[88.74627,25.49232],[88.74857,25.4937],[88.76087,25.49338],[88.76478,25.49496],[88.76893,25.49904],[88.77078,25.50523],[88.76865,25.5041],[88.76554,25.50482],[88.76303,25.50857],[88.75913,25.50971],[88.76039,25.51859],[88.75918,25.52403],[88.76162,25.52596],[88.76741,25.52526],[88.76779,25.52193],[88.77618,25.51869],[88.776,25.51653],[88.78262,25.51521],[88.78635,25.51652],[88.78497,25.5183],[88.79249,25.52098],[88.79233,25.52281],[88.80326,25.52443],[88.81059,25.5232],[88.808,25.5128],[88.81009,25.51027],[88.80922,25.49927],[88.81374,25.48799],[88.82965,25.49035],[88.83727,25.47286],[88.83542,25.4654],[88.83928,25.45868],[88.83728,25.45225],[88.82853,25.44888],[88.83181,25.44873],[88.8265,25.44486],[88.82579,25.44077],[88.82709,25.43824],[88.82803,25.43665],[88.83208,25.43704],[88.83245,25.43163],[88.83427,25.43178],[88.83442,25.42749],[88.82981,25.42769],[88.82854,25.42613],[88.83072,25.42331],[88.82995,25.41705],[88.81978,25.41548],[88.82019,25.41805],[88.81828,25.41818],[88.81748,25.41442],[88.81238,25.41051],[88.82319,25.40963],[88.82369,25.40113],[88.83714,25.40189],[88.83794,25.3974],[88.8408,25.39773],[88.84122,25.39348],[88.84018,25.39169],[88.83694,25.39092],[88.83676,25.38462],[88.84022,25.38405],[88.84166,25.38172],[88.83843,25.3815],[88.83939,25.37385],[88.83779,25.36814],[88.84009,25.36819],[88.84011,25.36387],[88.84568,25.36355],[88.84557,25.36219],[88.85478,25.36351],[88.85562,25.3543],[88.86252,25.35515],[88.86369,25.35177],[88.86888,25.35231],[88.86672,25.34281],[88.87188,25.33964],[88.87365,25.33683],[88.87566,25.3374],[88.87648,25.33327],[88.88509,25.32573],[88.88851,25.32618],[88.88574,25.33469],[88.88762,25.33721],[88.90639,25.33793],[88.90604,25.32797],[88.91029,25.32341],[88.90965,25.32123],[88.91505,25.3126],[88.92396,25.31209],[88.92476,25.31501],[88.92794,25.3153],[88.92776,25.31729],[88.92944,25.30421],[88.9341,25.30396],[88.93917,25.30077],[88.94457,25.30138],[88.94527,25.30286],[88.9475,25.30241],[88.94991,25.30387],[88.95276,25.3021],[88.95578,25.3028],[88.95791,25.30087],[88.96034,25.30152],[88.96096,25.306],[88.96438,25.30525],[88.96587,25.30269],[88.9716,25.30107],[88.97461,25.3017],[88.97587,25.30629],[88.98528,25.30601],[88.98265,25.3032],[88.98387,25.3008],[88.9866,25.30173],[88.98529,25.29879],[88.98985,25.29941],[88.99253,25.2963],[88.99518,25.29714],[88.9963,25.29579],[89.00162,25.29619],[89.00332,25.29947],[89.00629,25.29998],[89.00578,25.30297],[89.00888,25.30314],[89.00933,25.29749],[89.00616,25.27622],[89.00783,25.26766],[89.01613,25.26836],[89.01871,25.26568],[89.02451,25.27281],[89.02772,25.27191],[89.02897,25.27587],[89.0276,25.27759],[89.03299,25.27702],[89.03271,25.27503],[89.03565,25.27501],[89.03422,25.27403],[89.0383,25.27277],[89.04706,25.26658],[89.04861,25.2663],[89.04579,25.26949],[89.05095,25.26548],[89.05638,25.26502],[89.05968,25.2609],[89.06108,25.26224],[89.06569,25.26202],[89.06701,25.26521],[89.06526,25.26724],[89.07039,25.26976],[89.07099,25.26771],[89.07403,25.26666],[89.08024,25.26028],[89.08192,25.25576],[89.0839,25.2545],[89.08341,25.25215],[89.09086,25.25046],[89.09011,25.24918],[89.09222,25.24854],[89.09677,25.24062],[89.09854,25.24281],[89.10618,25.24147],[89.10875,25.24422],[89.11766,25.24188],[89.11672,25.24652],[89.1198,25.24862],[89.11988,25.25186],[89.12292,25.253],[89.1248,25.2484],[89.12976,25.24433],[89.14023,25.24673],[89.14106,25.25107],[89.13883,25.25498],[89.15081,25.25637],[89.15072,25.25426],[89.15924,25.25294],[89.15876,25.25203],[89.16136,25.25072],[89.15604,25.24707],[89.15975,25.24802],[89.16094,25.24577],[89.16429,25.24563],[89.16515,25.24227],[89.16751,25.24041],[89.17332,25.23986],[89.1746,25.2346],[89.17727,25.23708],[89.18028,25.23373],[89.18213,25.23456],[89.18142,25.23632],[89.18708,25.2357],[89.19043,25.24066],[89.19279,25.24089],[89.19677,25.23864],[89.19644,25.23082],[89.20461,25.22846],[89.20791,25.22939],[89.21055,25.23372],[89.21341,25.23379],[89.21667,25.23658],[89.2242,25.23481],[89.22523,25.231],[89.23294,25.23001],[89.23457,25.23164],[89.23749,25.22678],[89.2428,25.22602],[89.24592,25.22372],[89.25782,25.22515],[89.25943,25.22467],[89.25931,25.22297],[89.26406,25.22562],[89.26652,25.22356],[89.27415,25.22369],[89.27504,25.22468],[89.27116,25.22794],[89.27077,25.22983],[89.27241,25.23057],[89.27576,25.22838],[89.28065,25.22921],[89.28811,25.22796],[89.28831,25.22432],[89.29386,25.2223],[89.29918,25.22251],[89.30374,25.22962],[89.29769,25.23112],[89.29399,25.2395],[89.28991,25.24276],[89.29079,25.25016],[89.28712,25.25725],[89.27899,25.25968],[89.27709,25.26274],[89.27248,25.26517],[89.27457,25.26842],[89.27122,25.26936],[89.26958,25.27591],[89.26582,25.27873],[89.26659,25.28009],[89.25592,25.28516],[89.25848,25.28811],[89.27051,25.28974],[89.2708,25.29191],[89.27344,25.29182],[89.26583,25.29515],[89.26569,25.29812],[89.26842,25.30055],[89.28066,25.30135],[89.28252,25.30185],[89.27063,25.30587],[89.26869,25.31094],[89.26577,25.31309],[89.26295,25.31279],[89.26001,25.31009],[89.25678,25.31079],[89.25718,25.31277],[89.26098,25.31447],[89.26202,25.31745],[89.26538,25.31868],[89.2632,25.32319],[89.26064,25.32274],[89.25673,25.31642],[89.25474,25.31551],[89.24486,25.31874],[89.23782,25.31914],[89.23818,25.32169],[89.2357,25.3234],[89.23582,25.32602],[89.23913,25.32874],[89.2446,25.33005],[89.24543,25.33415],[89.23522,25.33304],[89.23095,25.33839],[89.22673,25.33043],[89.22127,25.33235],[89.22708,25.34404],[89.22864,25.34413],[89.23049,25.3471],[89.23007,25.34453],[89.23442,25.34068],[89.23778,25.33973],[89.23939,25.34064],[89.23869,25.34243],[89.23389,25.34538],[89.24109,25.348],[89.24617,25.35243],[89.24489,25.35301],[89.23955,25.34998],[89.23334,25.35249],[89.23211,25.35586],[89.23774,25.35767],[89.23606,25.36487],[89.23365,25.36656],[89.22991,25.366],[89.23157,25.36075],[89.22538,25.35789],[89.22202,25.35861],[89.22601,25.36245],[89.22543,25.36474],[89.21488,25.36558],[89.20969,25.36447],[89.2065,25.36808],[89.21074,25.36812],[89.21216,25.37166],[89.21637,25.37448],[89.21709,25.37666],[89.21532,25.38049],[89.21177,25.38133],[89.20661,25.38628],[89.20491,25.38869],[89.20523,25.39149],[89.2028,25.39215],[89.20205,25.3941],[89.20034,25.39437],[89.20248,25.39081],[89.20171,25.38917],[89.19303,25.39045],[89.18809,25.38646],[89.18418,25.3961],[89.1765,25.39793],[89.17635,25.40162],[89.17182,25.40522],[89.16473,25.39992],[89.16262,25.40541],[89.16053,25.4052],[89.15892,25.40204],[89.15177,25.40347],[89.1507,25.40509],[89.15222,25.40569],[89.15816,25.40365],[89.15675,25.4082],[89.15404,25.41],[89.14809,25.40839],[89.1377,25.41214],[89.13885,25.41475],[89.14511,25.41163],[89.15114,25.41291],[89.15153,25.41472],[89.14866,25.41661],[89.15191,25.42469],[89.14833,25.43102],[89.14851,25.43395],[89.13974,25.43629],[89.13797,25.4401],[89.13248,25.44103],[89.138,25.44689],[89.13409,25.44639],[89.12996,25.44821],[89.13117,25.44583],[89.12994,25.44487],[89.12524,25.45173],[89.1226,25.44978],[89.12059,25.45286],[89.11527,25.45353],[89.11589,25.45556],[89.12223,25.4581],[89.13034,25.45823],[89.12998,25.45988],[89.12502,25.46139],[89.12164,25.46052],[89.12341,25.4688],[89.12053,25.46771],[89.11899,25.46253],[89.11508,25.46136],[89.11485,25.46781],[89.11282,25.47049],[89.10633,25.47175],[89.10459,25.47443],[89.10582,25.47704],[89.11168,25.48113],[89.11002,25.48435],[89.10402,25.48441],[89.10824,25.48693],[89.10295,25.48965],[89.10314,25.49106],[89.10564,25.4906],[89.10234,25.49423],[89.10378,25.49559],[89.1039,25.49981],[89.10661,25.4981],[89.10688,25.50121],[89.11108,25.50287],[89.11046,25.50625],[89.10677,25.50653],[89.10683,25.50832],[89.10893,25.50764],[89.11101,25.50904],[89.11318,25.50642],[89.11479,25.50673],[89.11016,25.51193],[89.10705,25.50886],[89.10472,25.51177],[89.10493,25.51373],[89.11076,25.51386],[89.10388,25.51619],[89.10541,25.51948],[89.10186,25.52802],[89.1048,25.53436],[89.10016,25.53684],[89.10085,25.54336],[89.09735,25.54297],[89.09338,25.54563],[89.09499,25.55039],[89.0973,25.55065],[89.10377,25.56355],[89.10382,25.56929],[89.10227,25.57018],[89.10028,25.56721],[89.0964,25.56832],[89.08114,25.5776],[89.07798,25.57735],[89.07857,25.58281],[89.07675,25.58434],[89.07274,25.58401],[89.06091,25.58834],[89.05944,25.58659],[89.0566,25.58888],[89.05593,25.58535],[89.05412,25.58682],[89.05143,25.5865],[89.05162,25.58472],[89.04897,25.58433],[89.04784,25.58224],[89.04641,25.58423],[89.04467,25.58377],[89.04558,25.58529],[89.04381,25.58769],[89.04654,25.59195],[89.0452,25.59207],[89.04468,25.59828],[89.04006,25.60297],[89.03831,25.60398],[89.03251,25.60271],[89.02851,25.60546],[89.02409,25.60295],[89.01601,25.60251],[89.01325,25.60946],[89.01401,25.61321],[89.0098,25.6143],[89.01231,25.61662],[89.01069,25.61872],[89.00973,25.61946],[89.00505,25.61751],[89.00322,25.61987],[89.00282,25.61751],[88.9999,25.61861],[88.99919,25.62],[89.00155,25.61993],[89.00208,25.62167],[88.99812,25.62505],[88.99812,25.63013],[88.99964,25.6321],[89.00322,25.63211],[89.00297,25.63367],[88.99951,25.63608],[88.99869,25.63971],[88.99128,25.64218],[88.99493,25.64366],[88.99398,25.64767],[89.00054,25.64861],[89.00165,25.64992],[89.0018,25.6519],[88.99817,25.6519],[89,25.65361],[88.99755,25.65517],[88.99791,25.65815],[88.99578,25.65778],[88.99609,25.65946],[88.99092,25.66074],[88.98108,25.65694],[88.97625,25.65802],[88.97343,25.66167],[88.97813,25.66878],[88.97771,25.67054],[88.97463,25.6724],[88.96773,25.67226],[88.96553,25.6772],[88.96637,25.68023],[88.9644,25.68305],[88.95972,25.68345],[88.95526,25.67846],[88.95215,25.67924],[88.95071,25.68165],[88.94338,25.68404],[88.94284,25.68276],[88.94104,25.68321],[88.93898,25.68567],[88.93985,25.69054],[88.94202,25.69137],[88.93937,25.69382],[88.93867,25.69874],[88.93198,25.7062],[88.93194,25.71069],[88.93032,25.71202],[88.93194,25.71542],[88.93175,25.72179],[88.94146,25.7237],[88.94621,25.72695],[88.94608,25.73018],[88.94159,25.73136],[88.94107,25.73433],[88.93831,25.73469],[88.94012,25.73137],[88.93744,25.73353],[88.93525,25.73115],[88.93492,25.73504],[88.93389,25.73302],[88.93052,25.73398],[88.92969,25.73674],[88.92826,25.73497],[88.92499,25.74081],[88.92121,25.74095],[88.91942,25.74003],[88.92138,25.73926],[88.91612,25.73869],[88.91189,25.74154],[88.91255,25.74505],[88.90909,25.74574],[88.90708,25.74497],[88.90493,25.7378],[88.90712,25.73709],[88.91156,25.73924],[88.91581,25.73545],[88.8976,25.7353],[88.89488,25.74097],[88.89158,25.74181],[88.89394,25.74597],[88.89358,25.75119],[88.8912,25.75403],[88.89237,25.75955],[88.88987,25.76052],[88.88985,25.7708],[88.88571,25.77232],[88.88096,25.77089],[88.87349,25.77237],[88.867,25.77113],[88.86148,25.77598],[88.85661,25.77658],[88.85218,25.78513],[88.85507,25.78683],[88.85271,25.78728],[88.85258,25.78875],[88.85002,25.78873],[88.84792,25.79174],[88.8474,25.8021],[88.84684,25.80345],[88.84505,25.8031],[88.84631,25.80546],[88.84427,25.81082],[88.83955,25.81353],[88.8304,25.81206],[88.8276,25.81317],[88.82744,25.83257],[88.82247,25.84059],[88.82589,25.84487],[88.82765,25.8538],[88.82545,25.85639],[88.82243,25.85698],[88.82015,25.8555],[88.82016,25.86228],[88.81597,25.87723],[88.8131,25.88375],[88.80911,25.887],[88.80145,25.90051],[88.8004,25.90836],[88.8039,25.91483],[88.80151,25.92203],[88.77858,25.93486],[88.76691,25.93614],[88.75955,25.93895],[88.75623,25.93719],[88.75508,25.931],[88.75068,25.93577],[88.74448,25.93816],[88.74455,25.93989],[88.75145,25.94745],[88.74373,25.96497],[88.74816,25.9773],[88.74163,25.99295],[88.7375,25.99759],[88.73458,26.00921],[88.73614,26.01289],[88.73495,26.01468],[88.73007,26.01706],[88.72572,26.01625],[88.7199,26.01133],[88.71969,26.00819],[88.71553,26.00814],[88.71372,26.00662],[88.71249,26.00882],[88.70653,26.00635],[88.70032,26.00781],[88.69957,26.01571],[88.66959,26.01313],[88.66362,26.01694],[88.6615,26.02257],[88.65453,26.02928],[88.64602,26.04301],[88.62987,26.04936],[88.62676,26.05593]]]}},{"type":"Feature","properties":{"ADM2_EN":"Faridpur","ADM1_EN":"Dhaka"},"geometry":{"type":"Polygon","coordinates":[[[90.0077,23.63494],[89.99369,23.64107],[89.93809,23.65387],[89.93221,23.65728],[89.92862,23.66241],[89.92085,23.66847],[89.91033,23.67236],[89.8977,23.67369],[89.88858,23.68424],[89.8649,23.71887],[89.8524,23.71434],[89.84422,23.71303],[89.84368,23.71145],[89.84593,23.70845],[89.84538,23.70461],[89.8473,23.70267],[89.84637,23.70107],[89.84044,23.70642],[89.8406,23.70926],[89.83525,23.70952],[89.81918,23.71474],[89.81658,23.71671],[89.81401,23.72197],[89.81251,23.72196],[89.79546,23.7125],[89.79136,23.71172],[89.79271,23.70799],[89.79117,23.69092],[89.79419,23.68786],[89.78926,23.68602],[89.78984,23.68289],[89.78501,23.68237],[89.7821,23.68409],[89.77405,23.68009],[89.76304,23.68106],[89.76016,23.67875],[89.75681,23.67837],[89.75453,23.67565],[89.75573,23.66655],[89.7385,23.66626],[89.73473,23.67526],[89.7323,23.67762],[89.7282,23.67303],[89.72138,23.67268],[89.72834,23.66633],[89.72692,23.66554],[89.73042,23.65509],[89.72964,23.64548],[89.731,23.64372],[89.73023,23.6399],[89.73144,23.63645],[89.72604,23.63044],[89.72807,23.62851],[89.72843,23.61898],[89.74818,23.60634],[89.75272,23.60195],[89.75465,23.59769],[89.75229,23.59008],[89.74067,23.58958],[89.74221,23.58712],[89.74132,23.58322],[89.73208,23.58161],[89.72662,23.58255],[89.7194,23.58766],[89.71798,23.59512],[89.712,23.5968],[89.71327,23.5898],[89.71212,23.58887],[89.70696,23.59042],[89.70098,23.58781],[89.69834,23.59007],[89.69031,23.58961],[89.68436,23.58569],[89.67697,23.58452],[89.67331,23.58442],[89.67204,23.58605],[89.66976,23.58518],[89.66953,23.58899],[89.67059,23.5888],[89.67267,23.596],[89.66805,23.60741],[89.66645,23.60878],[89.65668,23.60981],[89.65474,23.60961],[89.65043,23.60508],[89.64646,23.59086],[89.64284,23.5897],[89.64156,23.59055],[89.64034,23.58869],[89.63761,23.59061],[89.63446,23.58946],[89.63123,23.59088],[89.63152,23.5884],[89.62979,23.5877],[89.62681,23.59175],[89.62337,23.59257],[89.62358,23.58854],[89.61924,23.58893],[89.61669,23.59092],[89.61126,23.59165],[89.60993,23.59479],[89.60501,23.59505],[89.60304,23.60232],[89.59767,23.60839],[89.59462,23.60786],[89.59387,23.60508],[89.59934,23.60058],[89.59886,23.59777],[89.59023,23.59377],[89.57747,23.59838],[89.57231,23.60452],[89.56332,23.60354],[89.56241,23.60238],[89.56442,23.59492],[89.56124,23.59135],[89.55584,23.59262],[89.54847,23.59133],[89.54746,23.58786],[89.54925,23.58245],[89.54674,23.58237],[89.54225,23.57679],[89.54378,23.57306],[89.54203,23.57284],[89.54306,23.57106],[89.55117,23.57087],[89.55219,23.57188],[89.55379,23.57081],[89.55252,23.56659],[89.54637,23.55995],[89.54255,23.56222],[89.54179,23.56864],[89.53722,23.56966],[89.53557,23.57172],[89.53375,23.56929],[89.52938,23.57088],[89.5244,23.57954],[89.52012,23.58204],[89.52044,23.58695],[89.51378,23.58735],[89.50838,23.59028],[89.50503,23.58372],[89.49732,23.57906],[89.50001,23.57208],[89.4981,23.56265],[89.49951,23.55778],[89.50661,23.55245],[89.52304,23.55055],[89.53536,23.54023],[89.5375,23.53606],[89.53557,23.53118],[89.53289,23.52889],[89.51861,23.52954],[89.5072,23.52484],[89.50031,23.51975],[89.49229,23.50685],[89.48973,23.49989],[89.49022,23.4826],[89.4939,23.47672],[89.49704,23.47464],[89.50762,23.47819],[89.50933,23.49395],[89.508,23.50541],[89.51002,23.50924],[89.51826,23.51303],[89.52608,23.51311],[89.5724,23.49807],[89.60064,23.47875],[89.60596,23.47269],[89.60764,23.46303],[89.60685,23.4208],[89.60851,23.41242],[89.61598,23.39664],[89.61759,23.38682],[89.61421,23.38156],[89.60636,23.38211],[89.59941,23.37916],[89.60802,23.36979],[89.60714,23.35779],[89.60361,23.34749],[89.60326,23.34129],[89.6165,23.31673],[89.62221,23.30934],[89.62992,23.30399],[89.64536,23.29855],[89.6396,23.29691],[89.63331,23.29774],[89.62101,23.30772],[89.61765,23.30444],[89.62215,23.29585],[89.63029,23.28999],[89.65286,23.2888],[89.66572,23.28284],[89.66906,23.27834],[89.66563,23.2765],[89.65805,23.27647],[89.64884,23.27303],[89.63683,23.26162],[89.63203,23.24912],[89.63325,23.23713],[89.63744,23.23334],[89.64183,23.23246],[89.64746,23.23464],[89.65496,23.24065],[89.66389,23.24274],[89.66374,23.24597],[89.66499,23.24593],[89.66497,23.24446],[89.67036,23.24425],[89.68736,23.22411],[89.68839,23.21969],[89.68429,23.21221],[89.68801,23.21039],[89.69834,23.21702],[89.70703,23.22804],[89.71568,23.23168],[89.71711,23.23429],[89.71588,23.24102],[89.73124,23.24739],[89.7327,23.25077],[89.7305,23.25703],[89.74159,23.26157],[89.74463,23.26999],[89.75131,23.27525],[89.74532,23.28507],[89.7331,23.2913],[89.7343,23.29508],[89.73189,23.29725],[89.73535,23.29724],[89.73559,23.29849],[89.7288,23.30229],[89.72874,23.30391],[89.74301,23.29675],[89.74154,23.29489],[89.74175,23.29138],[89.74386,23.2898],[89.74819,23.29156],[89.74893,23.29451],[89.74681,23.29577],[89.74717,23.2982],[89.7509,23.30128],[89.7582,23.29125],[89.75815,23.28858],[89.76461,23.28961],[89.76284,23.29425],[89.76611,23.29385],[89.76551,23.29548],[89.76778,23.29477],[89.76701,23.29696],[89.76826,23.29796],[89.76705,23.29909],[89.76857,23.29917],[89.77054,23.30293],[89.77508,23.30208],[89.77832,23.2986],[89.77944,23.30387],[89.77841,23.30576],[89.78031,23.30591],[89.78063,23.30323],[89.78189,23.30341],[89.78233,23.30565],[89.77918,23.31129],[89.78777,23.31327],[89.79201,23.31148],[89.79476,23.31251],[89.80075,23.31872],[89.80493,23.32616],[89.81571,23.33355],[89.8238,23.34585],[89.82658,23.3478],[89.83037,23.3461],[89.83249,23.33715],[89.84041,23.33145],[89.84398,23.33229],[89.84627,23.33782],[89.85028,23.34067],[89.86278,23.3389],[89.86489,23.3361],[89.86435,23.32906],[89.87077,23.32131],[89.87264,23.32242],[89.87539,23.32942],[89.88386,23.3358],[89.89711,23.34235],[89.90471,23.3422],[89.90699,23.3377],[89.91378,23.33562],[89.9168,23.33168],[89.91058,23.32653],[89.90564,23.31355],[89.91291,23.30923],[89.92051,23.30819],[89.92569,23.31017],[89.92548,23.31673],[89.92996,23.32129],[89.94582,23.32194],[89.95033,23.32053],[89.95507,23.32693],[89.96059,23.32897],[89.96319,23.33563],[89.96245,23.33795],[89.95464,23.34346],[89.95178,23.33822],[89.94867,23.33875],[89.94699,23.34161],[89.94758,23.3511],[89.94979,23.35797],[89.95191,23.36039],[89.95404,23.36041],[89.95842,23.35529],[89.95769,23.35353],[89.97277,23.34874],[89.97754,23.34226],[89.9786,23.33343],[89.98393,23.33298],[89.98582,23.32995],[89.99193,23.32571],[90.00113,23.3252],[90.00957,23.32228],[90.01899,23.32522],[90.01895,23.31857],[90.01354,23.31176],[90.00438,23.30544],[90.00377,23.30306],[90.01237,23.29699],[90.01828,23.28708],[90.02389,23.28825],[90.02527,23.29078],[90.02513,23.30456],[90.03302,23.31464],[90.03134,23.31695],[90.03269,23.33208],[90.0311,23.33753],[90.03407,23.34057],[90.04014,23.33866],[90.04546,23.33017],[90.05386,23.32507],[90.06187,23.31575],[90.06759,23.30519],[90.07567,23.30921],[90.08439,23.30602],[90.09276,23.31231],[90.09158,23.32646],[90.09555,23.32728],[90.09515,23.33102],[90.10228,23.33334],[90.09928,23.33794],[90.09944,23.34039],[90.09823,23.3403],[90.09847,23.34284],[90.09262,23.34325],[90.09188,23.34837],[90.08631,23.34707],[90.08646,23.34824],[90.08405,23.34915],[90.08915,23.36197],[90.08781,23.36692],[90.0972,23.38048],[90.10125,23.382],[90.10092,23.38342],[90.0955,23.38615],[90.09742,23.39911],[90.09562,23.40176],[90.11166,23.41118],[90.11003,23.4126],[90.10134,23.41374],[90.09772,23.41182],[90.09311,23.41215],[90.10257,23.42012],[90.10432,23.42425],[90.11093,23.43155],[90.10888,23.43507],[90.11039,23.43844],[90.10867,23.43828],[90.10848,23.43682],[90.10734,23.43861],[90.10669,23.44054],[90.10845,23.44271],[90.10575,23.4467],[90.10762,23.44684],[90.1089,23.45366],[90.11069,23.45634],[90.12205,23.45798],[90.13519,23.4652],[90.14144,23.47538],[90.15159,23.46639],[90.15462,23.46522],[90.15745,23.46632],[90.16161,23.4733],[90.16519,23.48984],[90.17194,23.4889],[90.182,23.49804],[90.16615,23.51229],[90.15826,23.52215],[90.14792,23.54098],[90.13638,23.55395],[90.13499,23.5616],[90.12989,23.5651],[90.11381,23.56536],[90.10201,23.56858],[90.07814,23.56142],[90.07404,23.56549],[90.05714,23.57175],[90.04649,23.57393],[90.05564,23.58408],[90.04282,23.59522],[90.04054,23.5989],[90.03901,23.60939],[90.04761,23.61306],[90.04327,23.62311],[90.04476,23.62901],[90.03107,23.62988],[90.0077,23.63494]]]}},{"type":"Feature","properties":{"ADM2_EN":"Feni","ADM1_EN":"Chittagong"},"geometry":{"type":"MultiPolygon","coordinates":[[[[91.45031,22.77772],[91.45123,22.76314],[91.45436,22.75689],[91.45383,22.7674],[91.45031,22.77772]]],[[[91.37947,22.77936],[91.39167,22.77514],[91.3947,22.77662],[91.39241,22.77972],[91.38818,22.78198],[91.38156,22.78448],[91.37704,22.78451],[91.37947,22.77936]]],[[[91.3311,22.8175],[91.31667,22.82177],[91.31249,22.81951],[91.31135,22.8161],[91.31345,22.80901],[91.3231,22.80316],[91.32814,22.79751],[91.32811,22.80629],[91.3311,22.8175]]],[[[91.32977,22.84708],[91.32287,22.8439],[91.3227,22.84219],[91.32571,22.84209],[91.33101,22.84506],[91.32977,22.84708]]],[[[91.46554,22.84832],[91.45995,22.84565],[91.45396,22.83495],[91.45215,22.82815],[91.44895,22.82603],[91.44187,22.82662],[91.4397,22.82877],[91.4383,22.8348],[91.43144,22.83773],[91.43057,22.82785],[91.42613,22.81756],[91.4228,22.81408],[91.4173,22.81284],[91.42202,22.80548],[91.44733,22.78452],[91.44331,22.79444],[91.44308,22.80223],[91.44569,22.80925],[91.46057,22.82642],[91.46568,22.84414],[91.46554,22.84832]]],[[[91.332,22.82066],[91.33625,22.84028],[91.33294,22.8416],[91.32603,22.83915],[91.32139,22.83911],[91.31856,22.84201],[91.32013,22.845],[91.32892,22.84831],[91.32646,22.84895],[91.3201,22.84546],[91.31203,22.84549],[91.30967,22.84087],[91.31883,22.83675],[91.32519,22.83707],[91.32523,22.827],[91.33,22.82122],[91.332,22.82066]]],[[[91.57677,22.96543],[91.57498,22.96879],[91.55718,22.9786],[91.55694,22.99674],[91.54746,22.99436],[91.54245,22.99965],[91.54813,23.01939],[91.53835,23.01936],[91.55028,23.03855],[91.53043,23.03844],[91.53621,23.05466],[91.52491,23.0555],[91.52577,23.06013],[91.53526,23.06348],[91.52505,23.08297],[91.52988,23.08588],[91.52976,23.09181],[91.51887,23.09428],[91.52228,23.10414],[91.51125,23.10434],[91.51224,23.11337],[91.52033,23.11459],[91.51917,23.11789],[91.51534,23.1178],[91.51419,23.12269],[91.51758,23.12557],[91.50375,23.12739],[91.50308,23.13064],[91.5148,23.1387],[91.51526,23.14512],[91.50976,23.14333],[91.50997,23.14053],[91.50813,23.13981],[91.50445,23.14046],[91.50158,23.14321],[91.49867,23.14263],[91.49893,23.14392],[91.49468,23.14722],[91.50716,23.1544],[91.49428,23.15236],[91.49089,23.15776],[91.49477,23.16211],[91.49817,23.17178],[91.49228,23.17209],[91.49167,23.17771],[91.4973,23.17994],[91.50667,23.18008],[91.50747,23.18384],[91.50103,23.18542],[91.50421,23.18944],[91.50314,23.19223],[91.49213,23.18896],[91.48844,23.19229],[91.48487,23.18834],[91.47069,23.19656],[91.48237,23.19857],[91.48437,23.20933],[91.47534,23.22049],[91.45856,23.21345],[91.45824,23.21575],[91.4505,23.2196],[91.4532,23.22329],[91.47024,23.22778],[91.45784,23.24613],[91.44854,23.24389],[91.45444,23.25758],[91.45414,23.26051],[91.44857,23.25999],[91.43129,23.26258],[91.42483,23.25819],[91.42468,23.25982],[91.42113,23.26193],[91.41825,23.25561],[91.41864,23.2585],[91.41533,23.26343],[91.41738,23.26462],[91.41587,23.26957],[91.41809,23.26973],[91.41956,23.27339],[91.41775,23.27633],[91.41652,23.27575],[91.41767,23.27736],[91.41553,23.27944],[91.4156,23.2829],[91.4137,23.28149],[91.40884,23.28532],[91.41123,23.25581],[91.40548,23.25673],[91.40032,23.26585],[91.39751,23.26526],[91.39723,23.25637],[91.40059,23.25623],[91.40867,23.24776],[91.39249,23.24603],[91.39704,23.24132],[91.39834,23.23602],[91.40019,23.2352],[91.40083,23.22925],[91.3864,23.22768],[91.39208,23.22016],[91.38823,23.21482],[91.3807,23.20857],[91.38768,23.20802],[91.38548,23.19198],[91.38092,23.19174],[91.37987,23.18461],[91.38296,23.18463],[91.38183,23.17515],[91.38517,23.17534],[91.38475,23.1563],[91.38922,23.15277],[91.39198,23.13958],[91.39725,23.13029],[91.39693,23.11781],[91.40337,23.11387],[91.4002,23.09658],[91.40601,23.09707],[91.40516,23.08713],[91.40805,23.08358],[91.41742,23.08299],[91.41605,23.07666],[91.41332,23.0756],[91.41313,23.06966],[91.4108,23.06618],[91.41731,23.065],[91.41592,23.06282],[91.41156,23.06246],[91.40627,23.05913],[91.39918,23.05857],[91.39868,23.05665],[91.39581,23.0562],[91.3719,23.06939],[91.36866,23.06733],[91.35158,23.0678],[91.34918,23.06683],[91.34281,23.06852],[91.33341,23.06385],[91.33077,23.06629],[91.32688,23.06225],[91.31633,23.057],[91.31505,23.04955],[91.31198,23.04859],[91.30837,23.04987],[91.29976,23.04818],[91.29337,23.05299],[91.28793,23.05164],[91.28553,23.05503],[91.28127,23.05527],[91.28062,23.05851],[91.27803,23.06035],[91.27393,23.05878],[91.27437,23.05586],[91.27139,23.05381],[91.27013,23.05592],[91.26481,23.05354],[91.25895,23.05461],[91.25556,23.03947],[91.25676,23.03756],[91.26384,23.03453],[91.2631,23.03174],[91.25812,23.03122],[91.26067,23.0306],[91.26495,23.02186],[91.26185,23.01354],[91.25873,23.01118],[91.26009,22.99538],[91.25745,22.98715],[91.25884,22.98454],[91.25798,22.97305],[91.2556,22.97019],[91.25603,22.96393],[91.25235,22.96048],[91.26007,22.95877],[91.26114,22.95261],[91.2593,22.94724],[91.26312,22.9459],[91.25902,22.92347],[91.26011,22.9099],[91.25615,22.90833],[91.25384,22.90395],[91.25004,22.90645],[91.24862,22.90557],[91.25009,22.90241],[91.24673,22.90084],[91.24796,22.89989],[91.24815,22.89422],[91.25151,22.8919],[91.25356,22.89418],[91.2575,22.88954],[91.25822,22.89112],[91.25867,22.8875],[91.26125,22.88585],[91.26106,22.88276],[91.26265,22.88406],[91.26555,22.88154],[91.26607,22.88676],[91.26912,22.89155],[91.27486,22.89061],[91.2756,22.89271],[91.27743,22.89299],[91.27635,22.89939],[91.28663,22.89688],[91.29026,22.89419],[91.29764,22.89562],[91.29983,22.89401],[91.30649,22.89966],[91.30821,22.90522],[91.31225,22.9043],[91.31326,22.90066],[91.32183,22.90227],[91.32678,22.90732],[91.32996,22.90609],[91.33116,22.90979],[91.33862,22.9092],[91.34112,22.91329],[91.34391,22.90568],[91.35086,22.90204],[91.35254,22.8956],[91.35079,22.89431],[91.34509,22.89762],[91.34358,22.89674],[91.34449,22.89183],[91.34289,22.88733],[91.34458,22.88122],[91.33599,22.88482],[91.32925,22.88313],[91.32848,22.88166],[91.33528,22.87535],[91.34299,22.87741],[91.33796,22.86849],[91.33693,22.86326],[91.3457,22.86326],[91.35198,22.86622],[91.352,22.86323],[91.34906,22.86055],[91.34781,22.8569],[91.35225,22.85293],[91.35061,22.85116],[91.3476,22.85196],[91.3415,22.85964],[91.33915,22.8602],[91.33677,22.84485],[91.33916,22.84083],[91.33599,22.82124],[91.33816,22.82081],[91.33539,22.81889],[91.33187,22.80662],[91.33247,22.79737],[91.33476,22.79391],[91.34453,22.78905],[91.35514,22.79485],[91.36555,22.79725],[91.36786,22.80175],[91.37327,22.79692],[91.37682,22.78533],[91.382,22.78569],[91.39263,22.78194],[91.40719,22.7654],[91.41713,22.76264],[91.42412,22.75739],[91.43016,22.76656],[91.43029,22.77903],[91.42161,22.78441],[91.41959,22.78744],[91.41938,22.78995],[91.42348,22.79687],[91.41344,22.79846],[91.40602,22.80584],[91.40532,22.80842],[91.40708,22.81344],[91.41284,22.8194],[91.42314,22.8244],[91.42364,22.83486],[91.42833,22.83948],[91.43537,22.83942],[91.4412,22.83521],[91.44222,22.82896],[91.44587,22.82749],[91.44936,22.82789],[91.45624,22.84547],[91.46533,22.85488],[91.46626,22.86129],[91.4722,22.86812],[91.47448,22.87563],[91.47099,22.87897],[91.46241,22.87752],[91.46114,22.89088],[91.4654,22.89585],[91.4601,22.89888],[91.45871,22.90197],[91.46655,22.9012],[91.4936,22.90367],[91.49787,22.90333],[91.50145,22.90095],[91.51213,22.9018],[91.51386,22.90707],[91.5314,22.91384],[91.53322,22.91756],[91.53077,22.92534],[91.53882,22.92991],[91.53819,22.9338],[91.53547,22.93672],[91.52514,22.94025],[91.52479,22.9433],[91.52748,22.94731],[91.53053,22.94812],[91.53631,22.94225],[91.53886,22.94193],[91.54514,22.9522],[91.53978,22.95375],[91.54293,22.9567],[91.55273,22.9515],[91.55921,22.95362],[91.56593,22.94706],[91.56666,22.95383],[91.57707,22.96074],[91.57677,22.96543]]]]}},{"type":"Feature","properties":{"ADM2_EN":"Gaibandha","ADM1_EN":"Rangpur"},"geometry":{"type":"Polygon","coordinates":[[[89.64783,25.04674],[89.65591,25.04999],[89.65531,25.06443],[89.65279,25.07003],[89.65307,25.07801],[89.64688,25.08006],[89.63856,25.09008],[89.64363,25.09714],[89.64494,25.10613],[89.64982,25.10613],[89.64992,25.11989],[89.64809,25.12079],[89.65292,25.14156],[89.6519,25.14411],[89.65939,25.15192],[89.67198,25.1697],[89.67506,25.17552],[89.67569,25.18239],[89.68617,25.20472],[89.69601,25.21846],[89.70121,25.23215],[89.7126,25.23579],[89.74102,25.23372],[89.74787,25.23508],[89.74889,25.23642],[89.75066,25.25067],[89.74866,25.26951],[89.74936,25.27112],[89.75321,25.27259],[89.75633,25.28086],[89.75214,25.28919],[89.74492,25.29866],[89.74164,25.31303],[89.74218,25.31948],[89.73915,25.32011],[89.73156,25.34403],[89.72656,25.35339],[89.7218,25.35628],[89.7338,25.36392],[89.74442,25.37399],[89.74133,25.37265],[89.74778,25.38733],[89.74651,25.38868],[89.73907,25.38914],[89.73971,25.39766],[89.73655,25.39823],[89.7296,25.39503],[89.7197,25.39447],[89.70967,25.39185],[89.70715,25.3916],[89.70572,25.39321],[89.70084,25.39011],[89.6995,25.39378],[89.69449,25.39901],[89.70134,25.40216],[89.7015,25.41163],[89.69926,25.41814],[89.69073,25.41249],[89.6866,25.41467],[89.69373,25.42332],[89.70033,25.43727],[89.70408,25.44981],[89.70334,25.45442],[89.70621,25.45959],[89.70679,25.46721],[89.70489,25.46933],[89.69643,25.47022],[89.69562,25.4674],[89.68651,25.46717],[89.68523,25.46549],[89.68338,25.46578],[89.68255,25.46729],[89.68495,25.47447],[89.67109,25.48495],[89.67003,25.48873],[89.67609,25.49323],[89.69387,25.49247],[89.6983,25.49619],[89.69599,25.50344],[89.68316,25.51156],[89.68135,25.51653],[89.68351,25.52242],[89.69227,25.52502],[89.69327,25.53026],[89.6979,25.53126],[89.69773,25.53365],[89.69135,25.5378],[89.67457,25.5349],[89.66749,25.5358],[89.65826,25.54265],[89.6458,25.54713],[89.63431,25.55985],[89.62817,25.5619],[89.6243,25.56532],[89.61851,25.56636],[89.61588,25.56918],[89.60556,25.56819],[89.60327,25.56347],[89.5966,25.55824],[89.59185,25.55645],[89.58734,25.55655],[89.5708,25.57559],[89.56649,25.58457],[89.55152,25.58486],[89.53632,25.59049],[89.53273,25.60061],[89.53908,25.60123],[89.54171,25.60931],[89.54814,25.60818],[89.54587,25.61296],[89.54894,25.62597],[89.54378,25.63878],[89.53556,25.64254],[89.53589,25.64899],[89.53098,25.64545],[89.52253,25.63395],[89.52008,25.62884],[89.52276,25.62534],[89.52186,25.62298],[89.51792,25.62276],[89.51397,25.61959],[89.5082,25.61822],[89.50339,25.61912],[89.4985,25.62333],[89.49707,25.62222],[89.50104,25.6146],[89.50305,25.61374],[89.5029,25.61154],[89.50068,25.61032],[89.49847,25.61183],[89.49757,25.6153],[89.49446,25.6147],[89.48844,25.5999],[89.49051,25.59038],[89.49825,25.58574],[89.494,25.58075],[89.49579,25.57865],[89.49406,25.57616],[89.48953,25.57686],[89.48755,25.57587],[89.48448,25.58365],[89.4784,25.58778],[89.47739,25.59019],[89.47265,25.59252],[89.47355,25.5978],[89.47101,25.59872],[89.4698,25.59863],[89.47015,25.59663],[89.46428,25.59726],[89.46308,25.59434],[89.45995,25.59524],[89.45845,25.59149],[89.45447,25.59199],[89.45436,25.58967],[89.4488,25.59015],[89.44595,25.58564],[89.44408,25.58598],[89.4428,25.5844],[89.43769,25.5852],[89.43621,25.58828],[89.43718,25.59075],[89.43434,25.59201],[89.43228,25.58764],[89.41574,25.58948],[89.41288,25.58835],[89.41303,25.57577],[89.40753,25.56951],[89.40866,25.55302],[89.40462,25.55015],[89.40761,25.54944],[89.4117,25.55146],[89.41329,25.54944],[89.40493,25.54727],[89.40589,25.54215],[89.41098,25.54269],[89.41178,25.54161],[89.40568,25.53573],[89.40525,25.5387],[89.4035,25.53893],[89.40258,25.53431],[89.4056,25.53225],[89.41218,25.53628],[89.41695,25.5343],[89.41564,25.52973],[89.41837,25.52856],[89.42021,25.52923],[89.41962,25.53149],[89.42119,25.53376],[89.42578,25.53699],[89.42827,25.53603],[89.42853,25.53161],[89.43392,25.53317],[89.43537,25.53744],[89.43792,25.53846],[89.43971,25.5303],[89.43784,25.52712],[89.43945,25.52603],[89.4412,25.52829],[89.44322,25.52763],[89.44234,25.52553],[89.43517,25.52393],[89.43404,25.5205],[89.44351,25.51843],[89.44447,25.52177],[89.45052,25.51765],[89.43979,25.5121],[89.44127,25.50663],[89.44429,25.50396],[89.43938,25.50112],[89.4421,25.48832],[89.4401,25.48672],[89.43628,25.48821],[89.43364,25.48714],[89.43013,25.47424],[89.42562,25.4759],[89.42329,25.47007],[89.41891,25.4685],[89.41835,25.46477],[89.41559,25.46451],[89.41518,25.46276],[89.40835,25.46695],[89.40507,25.46291],[89.40127,25.46522],[89.39928,25.46456],[89.39141,25.44184],[89.38034,25.44375],[89.38065,25.43826],[89.37789,25.43219],[89.38359,25.42871],[89.38089,25.42397],[89.37796,25.42426],[89.37737,25.4201],[89.37978,25.42104],[89.38174,25.41848],[89.37747,25.41711],[89.37675,25.41376],[89.37836,25.40982],[89.37687,25.40984],[89.37537,25.4065],[89.36571,25.40286],[89.36535,25.40105],[89.36783,25.39828],[89.36477,25.39552],[89.3646,25.39007],[89.36036,25.38593],[89.35574,25.38503],[89.35322,25.38017],[89.3508,25.37878],[89.35496,25.37291],[89.3447,25.37034],[89.34317,25.36687],[89.34273,25.35969],[89.34512,25.35265],[89.34029,25.34237],[89.3402,25.33697],[89.34722,25.3365],[89.34631,25.32779],[89.34423,25.32709],[89.33969,25.32902],[89.338,25.32717],[89.33377,25.32618],[89.33442,25.32381],[89.33258,25.32441],[89.33021,25.32193],[89.33401,25.31763],[89.3342,25.3151],[89.33639,25.31418],[89.34122,25.31569],[89.34196,25.31928],[89.34394,25.31976],[89.34628,25.30983],[89.34066,25.3067],[89.34276,25.3043],[89.33523,25.30361],[89.33474,25.30104],[89.32893,25.30304],[89.32644,25.30046],[89.31835,25.30275],[89.31336,25.29942],[89.30387,25.30031],[89.29227,25.29924],[89.28985,25.3019],[89.28666,25.29973],[89.28066,25.30135],[89.26842,25.30055],[89.26569,25.29812],[89.26583,25.29515],[89.27344,25.29182],[89.2708,25.29191],[89.27051,25.28974],[89.25848,25.28811],[89.25592,25.28516],[89.26659,25.28009],[89.26582,25.27873],[89.26958,25.27591],[89.27122,25.26936],[89.27457,25.26842],[89.27248,25.26517],[89.27709,25.26274],[89.27899,25.25968],[89.28712,25.25725],[89.29079,25.25016],[89.28991,25.24276],[89.29399,25.2395],[89.29769,25.23112],[89.30374,25.22962],[89.29918,25.22251],[89.29386,25.2223],[89.28831,25.22432],[89.28811,25.22796],[89.28065,25.22921],[89.27576,25.22838],[89.27241,25.23057],[89.27077,25.22983],[89.27116,25.22794],[89.27504,25.22468],[89.27415,25.22369],[89.26652,25.22356],[89.26406,25.22562],[89.25931,25.22297],[89.25943,25.22467],[89.25782,25.22515],[89.24592,25.22372],[89.2428,25.22602],[89.23749,25.22678],[89.23457,25.23164],[89.23294,25.23001],[89.22523,25.231],[89.2242,25.23481],[89.21667,25.23658],[89.21341,25.23379],[89.21055,25.23372],[89.20791,25.22939],[89.20461,25.22846],[89.20385,25.2245],[89.20062,25.22338],[89.19819,25.21915],[89.1946,25.21692],[89.19497,25.20828],[89.19219,25.20562],[89.19317,25.20174],[89.19484,25.20163],[89.19245,25.19394],[89.18395,25.18724],[89.18391,25.18454],[89.19158,25.18348],[89.19303,25.18143],[89.19522,25.18234],[89.19756,25.17837],[89.19557,25.17625],[89.19781,25.17083],[89.20377,25.17011],[89.20422,25.16647],[89.20644,25.16792],[89.21019,25.16766],[89.21288,25.1629],[89.21491,25.16279],[89.21673,25.16461],[89.21686,25.15917],[89.22327,25.15434],[89.22076,25.15363],[89.22101,25.15083],[89.21934,25.14872],[89.21584,25.14758],[89.21685,25.14502],[89.224,25.14532],[89.22331,25.14361],[89.2313,25.14443],[89.2374,25.1294],[89.24232,25.12432],[89.24535,25.11842],[89.24815,25.11776],[89.24935,25.11308],[89.24836,25.10726],[89.25163,25.09729],[89.26202,25.09612],[89.26376,25.0976],[89.26402,25.093],[89.28009,25.08763],[89.28822,25.10605],[89.29055,25.10908],[89.29508,25.11111],[89.29736,25.11698],[89.30085,25.11563],[89.30227,25.11968],[89.30729,25.11799],[89.30827,25.11591],[89.31304,25.11721],[89.31728,25.11588],[89.32233,25.12211],[89.32737,25.12133],[89.32924,25.12321],[89.33124,25.12304],[89.33445,25.11983],[89.3359,25.11218],[89.34005,25.10997],[89.33737,25.10392],[89.33064,25.10121],[89.33128,25.09989],[89.33684,25.10144],[89.33983,25.09739],[89.34497,25.10096],[89.34799,25.09559],[89.35264,25.09322],[89.35329,25.08906],[89.35974,25.08905],[89.35554,25.08142],[89.35742,25.08033],[89.35613,25.07642],[89.35903,25.07251],[89.36011,25.06645],[89.36949,25.06771],[89.36958,25.0662],[89.38081,25.0603],[89.38294,25.05575],[89.38501,25.05534],[89.3843,25.05124],[89.38758,25.05082],[89.38896,25.04706],[89.39136,25.06649],[89.39439,25.06853],[89.40056,25.06688],[89.40333,25.0676],[89.39895,25.0788],[89.40959,25.07737],[89.4132,25.08313],[89.41683,25.0805],[89.41771,25.07614],[89.42072,25.07691],[89.42262,25.07542],[89.42327,25.06839],[89.4256,25.06521],[89.42958,25.07328],[89.43719,25.07341],[89.43836,25.06925],[89.44128,25.06888],[89.44478,25.07052],[89.44141,25.07116],[89.44209,25.07343],[89.45214,25.07591],[89.45429,25.07134],[89.4491,25.06149],[89.44936,25.05915],[89.45156,25.05824],[89.45259,25.05558],[89.45453,25.05918],[89.4533,25.06547],[89.45749,25.065],[89.46034,25.06076],[89.46328,25.06206],[89.4651,25.06133],[89.46485,25.05763],[89.4609,25.05601],[89.46247,25.05454],[89.47214,25.05502],[89.4746,25.06168],[89.47835,25.06027],[89.4878,25.06171],[89.49089,25.05977],[89.49292,25.05068],[89.49975,25.04968],[89.50348,25.04483],[89.50758,25.04448],[89.50946,25.04226],[89.51514,25.0404],[89.52172,25.04053],[89.52599,25.04372],[89.52746,25.04284],[89.52757,25.04492],[89.53025,25.04628],[89.52922,25.0433],[89.53362,25.0402],[89.53989,25.04214],[89.54675,25.03947],[89.54847,25.0407],[89.55234,25.03872],[89.55626,25.03976],[89.56414,25.03792],[89.56622,25.04051],[89.57313,25.03956],[89.57165,25.04234],[89.57485,25.04499],[89.57657,25.04358],[89.57862,25.04484],[89.5798,25.04323],[89.59037,25.04477],[89.59547,25.0458],[89.60034,25.05044],[89.60989,25.05088],[89.63133,25.04035],[89.64026,25.03886],[89.64152,25.04178],[89.64783,25.04674]]]}},{"type":"Feature","properties":{"ADM2_EN":"Gazipur","ADM1_EN":"Dhaka"},"geometry":{"type":"Polygon","coordinates":[[[90.47127,23.84731],[90.47395,23.84928],[90.48318,23.8469],[90.48755,23.84869],[90.48755,23.85048],[90.49058,23.85123],[90.49138,23.85338],[90.50227,23.8579],[90.50582,23.87037],[90.50526,23.87484],[90.51187,23.87458],[90.52018,23.87642],[90.52086,23.88322],[90.51698,23.88788],[90.51865,23.89071],[90.5221,23.89213],[90.5266,23.89061],[90.52726,23.893],[90.52568,23.89651],[90.52726,23.89689],[90.52762,23.89411],[90.53025,23.89338],[90.53139,23.89084],[90.53295,23.89204],[90.5345,23.88702],[90.53794,23.88859],[90.54331,23.88656],[90.54307,23.88833],[90.5491,23.88715],[90.54937,23.88527],[90.55078,23.8868],[90.55421,23.88607],[90.55404,23.89024],[90.55566,23.89029],[90.55756,23.89323],[90.56228,23.89188],[90.56259,23.89465],[90.57067,23.89499],[90.56259,23.90236],[90.56039,23.9111],[90.56454,23.91146],[90.57037,23.91528],[90.576,23.91659],[90.59263,23.91445],[90.60815,23.92152],[90.6141,23.92809],[90.61613,23.93563],[90.61809,23.96842],[90.63006,23.97945],[90.63885,24.00368],[90.64156,24.00613],[90.65681,24.0113],[90.65797,24.01347],[90.65624,24.02077],[90.65704,24.02657],[90.65209,24.0307],[90.65031,24.03687],[90.65218,24.0387],[90.63533,24.07078],[90.63602,24.07366],[90.64106,24.07624],[90.64095,24.08931],[90.63884,24.09825],[90.63969,24.10609],[90.64285,24.10727],[90.64468,24.10043],[90.64827,24.09594],[90.65663,24.0923],[90.66813,24.09966],[90.67021,24.09862],[90.68056,24.10142],[90.69972,24.10131],[90.70296,24.10656],[90.70073,24.11297],[90.69553,24.11649],[90.68454,24.11278],[90.6763,24.11553],[90.67677,24.11879],[90.68429,24.12622],[90.68663,24.13197],[90.69346,24.13568],[90.6953,24.13996],[90.68658,24.14562],[90.685,24.15006],[90.68641,24.15738],[90.68456,24.1668],[90.68797,24.18261],[90.68634,24.18953],[90.67169,24.20484],[90.67265,24.22261],[90.68535,24.23565],[90.68539,24.23931],[90.68295,24.24435],[90.68155,24.24351],[90.67154,24.2457],[90.65742,24.25065],[90.64929,24.25799],[90.63833,24.26163],[90.63133,24.26695],[90.62183,24.26856],[90.60304,24.26282],[90.59749,24.25848],[90.58895,24.25498],[90.58523,24.2501],[90.57958,24.24651],[90.57291,24.24645],[90.56331,24.2561],[90.5542,24.259],[90.54421,24.26607],[90.54602,24.26774],[90.54627,24.2745],[90.53454,24.28229],[90.52106,24.2877],[90.52147,24.29079],[90.52935,24.30138],[90.52901,24.30329],[90.52246,24.30437],[90.51198,24.31178],[90.49628,24.31511],[90.49225,24.31352],[90.4876,24.31415],[90.48516,24.3195],[90.47874,24.32098],[90.47818,24.32321],[90.4742,24.32364],[90.47474,24.32574],[90.47203,24.32866],[90.46345,24.33272],[90.45796,24.3389],[90.45276,24.34007],[90.44688,24.33895],[90.44304,24.34114],[90.43606,24.33815],[90.42961,24.33054],[90.42643,24.33049],[90.42627,24.31825],[90.42812,24.3102],[90.42461,24.30521],[90.42267,24.30557],[90.42244,24.30837],[90.42132,24.30832],[90.40936,24.29669],[90.40751,24.29004],[90.40242,24.28269],[90.39283,24.28161],[90.38757,24.28777],[90.38264,24.28833],[90.37938,24.29053],[90.37843,24.28657],[90.37639,24.2849],[90.3625,24.281],[90.36219,24.28613],[90.35664,24.2879],[90.35885,24.29117],[90.35928,24.30014],[90.35097,24.29894],[90.34765,24.29382],[90.33751,24.29423],[90.33163,24.298],[90.32536,24.29919],[90.3206,24.29704],[90.31847,24.29374],[90.31125,24.29195],[90.29607,24.2801],[90.2905,24.27777],[90.29165,24.27645],[90.29455,24.27656],[90.29775,24.27083],[90.30028,24.27066],[90.30083,24.26936],[90.29787,24.26381],[90.29806,24.26178],[90.29967,24.2616],[90.30039,24.25439],[90.29026,24.2453],[90.28825,24.24161],[90.29002,24.22608],[90.28125,24.21991],[90.27315,24.21876],[90.26616,24.21512],[90.26465,24.20943],[90.25888,24.20704],[90.25808,24.20244],[90.2492,24.19787],[90.24852,24.18679],[90.24195,24.1843],[90.23549,24.1732],[90.22596,24.1625],[90.22584,24.15105],[90.21994,24.1427],[90.21947,24.13455],[90.21719,24.12841],[90.21863,24.12343],[90.22998,24.11399],[90.23119,24.11022],[90.23043,24.10603],[90.22245,24.10213],[90.21485,24.10096],[90.21063,24.0976],[90.20981,24.094],[90.20781,24.09488],[90.20093,24.09378],[90.1986,24.09881],[90.19074,24.09975],[90.18576,24.09799],[90.17975,24.10539],[90.17498,24.10599],[90.17336,24.10802],[90.17234,24.09633],[90.17436,24.09302],[90.17797,24.09105],[90.17914,24.08753],[90.177,24.0748],[90.17206,24.07503],[90.17133,24.07216],[90.16608,24.07094],[90.16521,24.06774],[90.15776,24.06427],[90.16184,24.05508],[90.15935,24.05296],[90.15041,24.05224],[90.15043,24.04428],[90.14748,24.0433],[90.14755,24.03354],[90.14706,24.0254],[90.14945,24.02572],[90.156,24.02156],[90.15896,24.02148],[90.15967,24.01947],[90.16154,24.01965],[90.16209,24.01479],[90.16763,24.01087],[90.16635,24.00938],[90.17084,24.0011],[90.17638,24.00033],[90.18471,24.00205],[90.1811,24.00387],[90.18114,24.00517],[90.18288,24.0071],[90.18609,24.00736],[90.18446,24.0106],[90.19178,24.01404],[90.19435,24.00825],[90.19764,24.00765],[90.1989,24.00957],[90.20307,24.00964],[90.20431,24.00528],[90.20796,24.0066],[90.20951,24.00989],[90.21596,24.00508],[90.22271,24.01024],[90.23971,24.00921],[90.24123,24.01228],[90.2397,24.02284],[90.24117,24.02441],[90.24116,24.02975],[90.23868,24.02969],[90.24223,24.03344],[90.24603,24.03332],[90.25329,24.02721],[90.2506,24.02295],[90.25233,24.01856],[90.25448,24.01681],[90.25826,24.01675],[90.26003,24.01483],[90.26025,24.01002],[90.25633,24.00834],[90.252,24.00027],[90.25448,23.9989],[90.25585,23.99488],[90.25007,23.99216],[90.25371,23.98362],[90.25614,23.98379],[90.25578,23.98096],[90.26019,23.97552],[90.26202,23.9754],[90.26013,23.97113],[90.26965,23.96848],[90.26865,23.96523],[90.27124,23.96246],[90.27511,23.96537],[90.28132,23.96738],[90.28202,23.96499],[90.29781,23.96187],[90.30029,23.95429],[90.30017,23.94884],[90.31916,23.95055],[90.31737,23.95752],[90.33042,23.95491],[90.33072,23.95038],[90.33547,23.94788],[90.33916,23.94872],[90.33972,23.95143],[90.33892,23.95313],[90.33562,23.95405],[90.3374,23.95557],[90.34084,23.95557],[90.34525,23.94806],[90.34821,23.93051],[90.34777,23.91157],[90.34449,23.90237],[90.34856,23.89591],[90.35019,23.88233],[90.35489,23.88209],[90.3555,23.88444],[90.35365,23.88586],[90.36159,23.89184],[90.36143,23.8935],[90.36318,23.8943],[90.36429,23.89283],[90.36645,23.89316],[90.37069,23.89578],[90.3728,23.8948],[90.37715,23.89804],[90.38549,23.89681],[90.38409,23.89419],[90.38579,23.89339],[90.39049,23.89365],[90.3903,23.8905],[90.39373,23.88836],[90.39239,23.88359],[90.39572,23.88016],[90.40162,23.88205],[90.41073,23.88247],[90.41541,23.88569],[90.41898,23.88582],[90.4382,23.90106],[90.44252,23.89855],[90.44617,23.89843],[90.4485,23.89578],[90.4578,23.89645],[90.46075,23.8932],[90.45989,23.89217],[90.4612,23.88979],[90.45967,23.88481],[90.46157,23.88337],[90.4596,23.87962],[90.47165,23.86608],[90.47086,23.85828],[90.46539,23.8531],[90.46376,23.84749],[90.46456,23.84445],[90.46608,23.8438],[90.47127,23.84731]]]}},{"type":"Feature","properties":{"ADM2_EN":"Gopalganj","ADM1_EN":"Dhaka"},"geometry":{"type":"Polygon","coordinates":[[[89.94378,22.85649],[89.93851,22.86254],[89.93887,22.86497],[89.94071,22.86499],[89.9419,22.86273],[89.94561,22.86258],[89.9512,22.85651],[89.95338,22.85608],[89.95394,22.8539],[89.96206,22.85293],[89.96703,22.85366],[89.97065,22.859],[89.97715,22.8588],[89.98634,22.8618],[89.98728,22.86582],[90.01267,22.86737],[90.01837,22.87104],[90.01792,22.88011],[90.02056,22.88526],[90.01926,22.88857],[90.02131,22.89195],[90.02328,22.8924],[90.02406,22.89801],[90.02259,22.89975],[90.03208,22.9167],[90.03481,22.93384],[90.05726,22.93262],[90.06086,22.94274],[90.05676,22.94923],[90.05869,22.95795],[90.05673,22.96192],[90.05824,22.97128],[90.0661,22.96973],[90.06882,22.9679],[90.07531,22.97697],[90.07487,22.97907],[90.07749,22.98277],[90.08379,22.98107],[90.08271,22.98359],[90.0854,22.98855],[90.08787,22.98879],[90.08926,22.99532],[90.09478,23.00684],[90.12667,23.0057],[90.12921,23.02307],[90.12697,23.02588],[90.13568,23.04321],[90.14262,23.04476],[90.14377,23.04784],[90.14244,23.04916],[90.13532,23.04979],[90.13309,23.04973],[90.13222,23.04717],[90.13464,23.04518],[90.13453,23.04312],[90.12616,23.02736],[90.12069,23.02709],[90.11484,23.0339],[90.11625,23.03707],[90.11589,23.04274],[90.11135,23.05395],[90.11043,23.06639],[90.11288,23.06745],[90.12418,23.06508],[90.12735,23.06933],[90.13164,23.07065],[90.12571,23.07263],[90.12013,23.07747],[90.1181,23.07726],[90.1174,23.07466],[90.11058,23.07448],[90.10838,23.07687],[90.11012,23.10284],[90.11456,23.10773],[90.1188,23.10909],[90.1186,23.11174],[90.10931,23.11285],[90.10907,23.1174],[90.10466,23.11772],[90.10422,23.11569],[90.0959,23.11348],[90.07957,23.11317],[90.07866,23.1195],[90.08194,23.12498],[90.08084,23.12602],[90.074,23.11924],[90.06212,23.12015],[90.05036,23.1065],[90.0424,23.10563],[90.04075,23.10873],[90.04088,23.11561],[90.04206,23.11873],[90.04431,23.11917],[90.04414,23.1213],[90.03253,23.12543],[90.01368,23.12922],[90.01445,23.13568],[90.01204,23.13878],[90.00041,23.13429],[89.99729,23.13118],[89.99283,23.13194],[89.98748,23.1158],[89.98422,23.11049],[89.96834,23.1098],[89.96312,23.11393],[89.95459,23.11523],[89.95288,23.11399],[89.94972,23.1161],[89.94841,23.11521],[89.94137,23.11614],[89.93613,23.11806],[89.93764,23.12437],[89.94068,23.12406],[89.94263,23.13623],[89.94073,23.14045],[89.94269,23.14358],[89.94439,23.14385],[89.94284,23.15562],[89.94388,23.15745],[89.94895,23.15767],[89.9491,23.1623],[89.9628,23.16076],[89.96658,23.16461],[89.96807,23.17412],[89.96983,23.17508],[89.97142,23.18105],[89.9773,23.1819],[89.97586,23.18759],[89.97633,23.19554],[89.97877,23.1991],[89.98152,23.19955],[89.98139,23.21109],[89.98464,23.21148],[89.98473,23.21823],[89.99061,23.21903],[89.9965,23.2168],[90.00132,23.22685],[90.00837,23.22989],[90.00933,23.2347],[90.01208,23.23459],[90.01785,23.23041],[90.02131,23.23567],[90.02343,23.24043],[90.02173,23.2461],[90.02509,23.249],[90.02364,23.2497],[90.02374,23.2516],[90.02608,23.25077],[90.02283,23.25566],[90.03129,23.26428],[90.03069,23.26636],[90.02714,23.26657],[90.02516,23.27326],[90.02123,23.27513],[90.02329,23.27826],[90.02507,23.28699],[90.02389,23.28825],[90.01828,23.28708],[90.01237,23.29699],[90.00377,23.30306],[90.00438,23.30544],[90.01354,23.31176],[90.01895,23.31857],[90.01899,23.32522],[90.00957,23.32228],[90.00113,23.3252],[89.99193,23.32571],[89.98582,23.32995],[89.98393,23.33298],[89.9786,23.33343],[89.97754,23.34226],[89.97277,23.34874],[89.95769,23.35353],[89.95842,23.35529],[89.95404,23.36041],[89.95191,23.36039],[89.94979,23.35797],[89.94758,23.3511],[89.94699,23.34161],[89.94867,23.33875],[89.95178,23.33822],[89.95464,23.34346],[89.96245,23.33795],[89.96319,23.33563],[89.96059,23.32897],[89.95507,23.32693],[89.95033,23.32053],[89.94582,23.32194],[89.92996,23.32129],[89.92548,23.31673],[89.92569,23.31017],[89.92051,23.30819],[89.91291,23.30923],[89.90564,23.31355],[89.91058,23.32653],[89.9168,23.33168],[89.91378,23.33562],[89.90699,23.3377],[89.90471,23.3422],[89.89711,23.34235],[89.88386,23.3358],[89.87539,23.32942],[89.87264,23.32242],[89.87077,23.32131],[89.86435,23.32906],[89.86489,23.3361],[89.86278,23.3389],[89.85028,23.34067],[89.84627,23.33782],[89.84398,23.33229],[89.84041,23.33145],[89.83249,23.33715],[89.83037,23.3461],[89.82658,23.3478],[89.8238,23.34585],[89.81571,23.33355],[89.80493,23.32616],[89.80075,23.31872],[89.79476,23.31251],[89.79201,23.31148],[89.78777,23.31327],[89.77918,23.31129],[89.78233,23.30565],[89.78189,23.30341],[89.78063,23.30323],[89.78031,23.30591],[89.77841,23.30576],[89.77944,23.30387],[89.77832,23.2986],[89.77508,23.30208],[89.77054,23.30293],[89.76857,23.29917],[89.76705,23.29909],[89.76826,23.29796],[89.76701,23.29696],[89.76778,23.29477],[89.76551,23.29548],[89.76611,23.29385],[89.76284,23.29425],[89.76461,23.28961],[89.75815,23.28858],[89.7582,23.29125],[89.7509,23.30128],[89.74717,23.2982],[89.74681,23.29577],[89.74893,23.29451],[89.74819,23.29156],[89.74386,23.2898],[89.74175,23.29138],[89.74154,23.29489],[89.74301,23.29675],[89.72874,23.30391],[89.7288,23.30229],[89.73559,23.29849],[89.73535,23.29724],[89.73189,23.29725],[89.7343,23.29508],[89.7331,23.2913],[89.74532,23.28507],[89.75131,23.27525],[89.74463,23.26999],[89.74159,23.26157],[89.7305,23.25703],[89.7327,23.25077],[89.73124,23.24739],[89.71588,23.24102],[89.71711,23.23429],[89.71568,23.23168],[89.70703,23.22804],[89.69834,23.21702],[89.68801,23.21039],[89.68419,23.20732],[89.67903,23.18327],[89.68622,23.16826],[89.69107,23.16262],[89.69655,23.16224],[89.70259,23.17011],[89.71329,23.17769],[89.73346,23.18645],[89.75365,23.18769],[89.75974,23.18535],[89.76481,23.17993],[89.76217,23.17491],[89.73852,23.17326],[89.73228,23.1682],[89.73018,23.15845],[89.74167,23.14229],[89.74071,23.13339],[89.73857,23.1296],[89.72952,23.12638],[89.71323,23.11607],[89.70668,23.11365],[89.69985,23.11466],[89.69506,23.1271],[89.6862,23.13276],[89.68039,23.13359],[89.67539,23.13156],[89.67285,23.12801],[89.67261,23.12314],[89.67782,23.11264],[89.69064,23.09868],[89.70489,23.08952],[89.72996,23.07861],[89.73558,23.07344],[89.73635,23.07096],[89.72881,23.06008],[89.72861,23.05539],[89.73031,23.05284],[89.73371,23.05134],[89.74443,23.05067],[89.74677,23.04864],[89.7547,23.03205],[89.75701,23.01522],[89.76219,23.00767],[89.76874,23.00455],[89.78746,23.00094],[89.79706,22.99603],[89.79335,22.98861],[89.79266,22.97946],[89.79463,22.97648],[89.80178,22.97151],[89.80552,22.96443],[89.8064,22.95919],[89.80105,22.94126],[89.80838,22.93753],[89.81671,22.93648],[89.82586,22.93017],[89.8381,22.91668],[89.85103,22.90911],[89.865,22.90307],[89.86548,22.90018],[89.86292,22.89643],[89.85324,22.89528],[89.84997,22.8936],[89.84868,22.89077],[89.8509,22.888],[89.85777,22.88637],[89.87405,22.88654],[89.89039,22.88107],[89.915,22.88196],[89.91946,22.88106],[89.92159,22.86465],[89.94378,22.85649]]]}},{"type":"Feature","properties":{"ADM2_EN":"Habiganj","ADM1_EN":"Sylhet"},"geometry":{"type":"Polygon","coordinates":[[[91.30314,23.99708],[91.30395,23.99814],[91.30514,23.9954],[91.31488,23.99057],[91.32346,23.99464],[91.32682,23.9917],[91.32999,23.99262],[91.33372,23.99079],[91.33735,23.98457],[91.34116,23.98213],[91.34746,23.98434],[91.35273,23.98184],[91.36158,23.9864],[91.3627,23.9833],[91.37356,23.97537],[91.37946,23.97545],[91.3796,23.97916],[91.37768,23.98026],[91.38008,23.9826],[91.37732,23.98272],[91.37795,23.98555],[91.37614,23.98681],[91.37651,23.98844],[91.37846,23.9887],[91.37671,23.99072],[91.37895,23.99124],[91.37822,23.99313],[91.37658,23.99279],[91.37418,23.9951],[91.37616,23.99529],[91.37649,23.99677],[91.37495,23.99606],[91.37538,23.99787],[91.37369,23.99777],[91.37517,23.99941],[91.37391,24.00093],[91.3749,24.00232],[91.37325,24.0028],[91.39081,24.02591],[91.39638,24.04247],[91.39653,24.04975],[91.37708,24.07999],[91.37453,24.1079],[91.38715,24.10736],[91.38893,24.1087],[91.39412,24.10842],[91.40147,24.1116],[91.40132,24.10976],[91.40374,24.10921],[91.4125,24.11008],[91.42558,24.10703],[91.42805,24.10859],[91.42857,24.10191],[91.42996,24.10218],[91.43075,24.10012],[91.43724,24.10287],[91.4405,24.10263],[91.44304,24.09735],[91.44954,24.1016],[91.452,24.09841],[91.45419,24.09878],[91.45476,24.09669],[91.45834,24.09766],[91.46247,24.09623],[91.4654,24.09877],[91.47123,24.09892],[91.47311,24.10191],[91.47346,24.09996],[91.47576,24.10066],[91.47745,24.09849],[91.4828,24.09797],[91.48729,24.09539],[91.49169,24.09722],[91.49494,24.09565],[91.4924,24.09102],[91.49757,24.08743],[91.50857,24.08658],[91.54416,24.07608],[91.54521,24.07435],[91.55726,24.07698],[91.57284,24.0749],[91.57239,24.07748],[91.5744,24.08015],[91.58227,24.07355],[91.58598,24.07275],[91.58733,24.07501],[91.59236,24.07572],[91.59184,24.07844],[91.59384,24.08279],[91.59843,24.08461],[91.59838,24.08678],[91.59296,24.08933],[91.59109,24.09314],[91.59529,24.09343],[91.59446,24.09665],[91.59727,24.09599],[91.59917,24.09724],[91.60028,24.09545],[91.60253,24.09674],[91.60267,24.09553],[91.60447,24.09592],[91.60351,24.09422],[91.6112,24.09182],[91.61567,24.09558],[91.61694,24.0944],[91.61972,24.09683],[91.6214,24.09535],[91.62259,24.09736],[91.62483,24.09673],[91.62571,24.09943],[91.6269,24.09898],[91.62917,24.10161],[91.63184,24.1],[91.63416,24.10232],[91.63518,24.10119],[91.63787,24.10307],[91.63672,24.1067],[91.63947,24.10864],[91.64111,24.11322],[91.63844,24.12974],[91.63436,24.13818],[91.64653,24.15676],[91.64416,24.17073],[91.64519,24.174],[91.64134,24.17658],[91.64119,24.18796],[91.63753,24.1912],[91.63657,24.19721],[91.62939,24.19918],[91.63142,24.20264],[91.62921,24.21014],[91.62548,24.21148],[91.62389,24.21748],[91.6218,24.21979],[91.61985,24.22916],[91.61538,24.23263],[91.61821,24.23954],[91.6157,24.24752],[91.61289,24.25026],[91.61441,24.25368],[91.61822,24.25488],[91.6188,24.25799],[91.61838,24.26104],[91.61607,24.26339],[91.61677,24.27747],[91.61397,24.28591],[91.6253,24.29718],[91.62586,24.30108],[91.63152,24.31119],[91.63119,24.33493],[91.6295,24.34459],[91.62308,24.35147],[91.62046,24.3605],[91.62407,24.36189],[91.62479,24.36395],[91.61898,24.36514],[91.61857,24.36152],[91.60321,24.36265],[91.60297,24.41161],[91.60164,24.41546],[91.60374,24.41714],[91.61987,24.41592],[91.62069,24.41736],[91.61804,24.42196],[91.61884,24.42715],[91.61606,24.42866],[91.61993,24.43332],[91.61787,24.43951],[91.61338,24.44063],[91.61038,24.43784],[91.60741,24.44176],[91.611,24.4519],[91.61097,24.45881],[91.61392,24.46354],[91.60965,24.47993],[91.61244,24.48971],[91.61236,24.49202],[91.61016,24.49225],[91.61296,24.49279],[91.61235,24.49375],[91.61585,24.49842],[91.61344,24.50184],[91.6229,24.51364],[91.61996,24.51575],[91.62069,24.51752],[91.62854,24.51684],[91.63098,24.51929],[91.63543,24.51978],[91.63199,24.52625],[91.63347,24.52849],[91.63491,24.52725],[91.63822,24.52825],[91.63998,24.53565],[91.63533,24.5382],[91.63526,24.54402],[91.63799,24.54526],[91.64554,24.54141],[91.64824,24.54226],[91.64769,24.54429],[91.65193,24.54426],[91.65446,24.54628],[91.65214,24.54823],[91.65265,24.55055],[91.6493,24.54965],[91.6472,24.55155],[91.64585,24.55627],[91.64117,24.55647],[91.64389,24.56621],[91.63482,24.56479],[91.63112,24.57385],[91.63152,24.5775],[91.62932,24.57649],[91.6242,24.5781],[91.62692,24.58267],[91.62982,24.58377],[91.62972,24.58742],[91.62584,24.58988],[91.62244,24.59014],[91.60983,24.58301],[91.60831,24.58591],[91.61184,24.59394],[91.61814,24.59747],[91.62121,24.60188],[91.62774,24.59754],[91.62803,24.5958],[91.62967,24.59584],[91.62947,24.58985],[91.63158,24.58849],[91.6356,24.58968],[91.6312,24.594],[91.63307,24.59526],[91.63799,24.59274],[91.64412,24.59628],[91.65414,24.59657],[91.66139,24.59242],[91.66449,24.60042],[91.66376,24.60299],[91.6676,24.60713],[91.66393,24.61354],[91.66414,24.61603],[91.66246,24.61663],[91.66092,24.62591],[91.65424,24.62879],[91.6509,24.62625],[91.64278,24.62641],[91.63611,24.62823],[91.63471,24.63065],[91.63157,24.63055],[91.63283,24.63361],[91.63516,24.6338],[91.63841,24.63769],[91.64146,24.63803],[91.64559,24.64225],[91.64631,24.64542],[91.63966,24.64824],[91.64174,24.65232],[91.64031,24.65709],[91.64812,24.66289],[91.65739,24.67935],[91.65234,24.67865],[91.64913,24.67501],[91.63692,24.67483],[91.63194,24.67211],[91.63052,24.66963],[91.63199,24.65777],[91.62714,24.65622],[91.61406,24.67527],[91.61261,24.67493],[91.61208,24.66979],[91.60025,24.67041],[91.59239,24.667],[91.58987,24.66364],[91.59231,24.6604],[91.59097,24.65889],[91.58379,24.66109],[91.58406,24.67187],[91.58289,24.6743],[91.57988,24.67495],[91.56836,24.66443],[91.56978,24.66133],[91.5747,24.66057],[91.57686,24.65807],[91.57867,24.64979],[91.57641,24.64533],[91.57318,24.65336],[91.56536,24.65856],[91.55999,24.66465],[91.55875,24.66366],[91.55939,24.65913],[91.55794,24.65823],[91.55501,24.66039],[91.55233,24.66623],[91.55004,24.66677],[91.54793,24.66442],[91.54482,24.65478],[91.53708,24.64823],[91.5357,24.6499],[91.53584,24.65766],[91.53043,24.66149],[91.52778,24.66133],[91.52664,24.65659],[91.52255,24.66421],[91.51873,24.66255],[91.51331,24.66305],[91.49583,24.66901],[91.49432,24.66859],[91.49364,24.66453],[91.48422,24.671],[91.48284,24.67077],[91.48261,24.66404],[91.47609,24.66861],[91.46742,24.66118],[91.46518,24.65747],[91.46322,24.65851],[91.46415,24.66169],[91.4627,24.66468],[91.45523,24.66692],[91.44768,24.66515],[91.44587,24.66288],[91.44727,24.65702],[91.44457,24.6521],[91.4418,24.65118],[91.44241,24.65773],[91.43805,24.66176],[91.4382,24.66919],[91.43542,24.66921],[91.43069,24.67335],[91.42849,24.66945],[91.42545,24.66988],[91.4288,24.68223],[91.416,24.6798],[91.41444,24.67746],[91.41543,24.67257],[91.41379,24.67121],[91.40901,24.67396],[91.40029,24.67066],[91.3979,24.67207],[91.3986,24.67705],[91.39499,24.67401],[91.39058,24.67391],[91.39095,24.67838],[91.38608,24.68316],[91.39178,24.68607],[91.39191,24.68766],[91.38577,24.69024],[91.38006,24.69533],[91.37163,24.69063],[91.35236,24.68979],[91.3488,24.68811],[91.34864,24.68631],[91.35756,24.68237],[91.35981,24.67931],[91.3506,24.66745],[91.3485,24.66595],[91.34556,24.66676],[91.34407,24.67324],[91.34263,24.67349],[91.33846,24.66536],[91.33104,24.66112],[91.31284,24.64653],[91.31043,24.64793],[91.30779,24.6544],[91.30508,24.6544],[91.30381,24.64763],[91.30722,24.64203],[91.30815,24.63685],[91.29962,24.61498],[91.29664,24.60206],[91.29368,24.59716],[91.2903,24.59538],[91.28376,24.59556],[91.27356,24.59823],[91.27202,24.60021],[91.27391,24.6052],[91.27267,24.60566],[91.26459,24.59287],[91.26642,24.58656],[91.26512,24.57975],[91.23396,24.56896],[91.22626,24.55447],[91.22139,24.53898],[91.21086,24.52086],[91.19098,24.50076],[91.18286,24.49494],[91.17907,24.49442],[91.1738,24.50124],[91.16878,24.50047],[91.15468,24.48769],[91.15005,24.48041],[91.15389,24.47634],[91.16025,24.48278],[91.16753,24.48553],[91.19303,24.48131],[91.19526,24.47812],[91.18785,24.47742],[91.1841,24.47144],[91.18745,24.47037],[91.19072,24.46573],[91.19904,24.46662],[91.19976,24.47411],[91.20268,24.4763],[91.20491,24.48076],[91.20799,24.48042],[91.21423,24.47585],[91.21899,24.47457],[91.21996,24.47554],[91.21504,24.48131],[91.21529,24.48353],[91.22094,24.48501],[91.22623,24.48255],[91.23246,24.47305],[91.23705,24.46072],[91.23786,24.44154],[91.24212,24.42725],[91.23931,24.42607],[91.22619,24.43459],[91.21711,24.43248],[91.21991,24.41864],[91.21526,24.40928],[91.21602,24.40769],[91.21385,24.40264],[91.21595,24.40151],[91.22099,24.40217],[91.21748,24.40715],[91.21954,24.40954],[91.22766,24.40583],[91.23126,24.40798],[91.23752,24.40679],[91.24314,24.39893],[91.24242,24.39669],[91.24374,24.39523],[91.24185,24.3936],[91.2454,24.39183],[91.24725,24.38848],[91.25441,24.38257],[91.25579,24.37934],[91.25153,24.37605],[91.24257,24.37953],[91.23795,24.37201],[91.23064,24.36602],[91.22032,24.36676],[91.21458,24.36411],[91.21274,24.36159],[91.21258,24.35875],[91.22161,24.35063],[91.23457,24.33256],[91.23736,24.32112],[91.23496,24.31604],[91.2283,24.31507],[91.19777,24.32172],[91.187,24.32216],[91.17656,24.32103],[91.17,24.3149],[91.15962,24.2929],[91.15857,24.28267],[91.18509,24.29278],[91.19593,24.2932],[91.19646,24.29031],[91.19307,24.27983],[91.17356,24.2652],[91.17783,24.25881],[91.17745,24.25687],[91.18651,24.24811],[91.19089,24.24596],[91.19488,24.23984],[91.20299,24.2396],[91.20359,24.23721],[91.20542,24.23673],[91.21008,24.23955],[91.21481,24.23655],[91.22009,24.23813],[91.22104,24.2368],[91.21892,24.23512],[91.22046,24.23434],[91.22523,24.23744],[91.22716,24.23456],[91.23427,24.234],[91.23534,24.23612],[91.2392,24.23433],[91.23891,24.23143],[91.24075,24.23386],[91.24219,24.23266],[91.2463,24.23312],[91.24905,24.22969],[91.25759,24.22865],[91.26023,24.22624],[91.26569,24.22519],[91.26695,24.22327],[91.26723,24.22737],[91.27026,24.22403],[91.27215,24.22798],[91.27319,24.22497],[91.27996,24.22491],[91.28188,24.22694],[91.28599,24.22337],[91.28608,24.23053],[91.28468,24.23154],[91.28174,24.23053],[91.28082,24.23166],[91.28418,24.24089],[91.28371,24.24487],[91.28753,24.24819],[91.28743,24.25097],[91.29167,24.25564],[91.29296,24.25949],[91.29686,24.26005],[91.30173,24.26639],[91.30706,24.26797],[91.31131,24.26717],[91.31608,24.26473],[91.32099,24.2644],[91.32064,24.26153],[91.32516,24.2604],[91.32417,24.25558],[91.32603,24.2548],[91.32571,24.24982],[91.32886,24.24947],[91.32836,24.24231],[91.32496,24.2404],[91.32336,24.23406],[91.32402,24.22954],[91.32179,24.22936],[91.32084,24.23151],[91.3207,24.22965],[91.31989,24.23112],[91.31446,24.23076],[91.31465,24.22727],[91.3087,24.22787],[91.30614,24.22037],[91.30297,24.22016],[91.29853,24.22302],[91.29813,24.21369],[91.29209,24.21385],[91.28971,24.21871],[91.2838,24.21755],[91.28473,24.21024],[91.28108,24.20898],[91.28153,24.20687],[91.27937,24.20652],[91.27942,24.20473],[91.27722,24.20307],[91.27807,24.19959],[91.28536,24.19539],[91.29115,24.19625],[91.29389,24.19978],[91.29691,24.19824],[91.29747,24.20337],[91.30522,24.19839],[91.30474,24.20275],[91.31266,24.20349],[91.31478,24.19288],[91.31316,24.18332],[91.31168,24.18348],[91.30921,24.19045],[91.30525,24.19071],[91.30131,24.18952],[91.29799,24.18587],[91.28429,24.18591],[91.28406,24.18067],[91.27721,24.18152],[91.27538,24.16872],[91.27719,24.16508],[91.27528,24.15656],[91.27146,24.15601],[91.26698,24.15814],[91.26834,24.1485],[91.26171,24.14635],[91.26324,24.14025],[91.27171,24.14102],[91.2716,24.12367],[91.28617,24.12144],[91.29247,24.1175],[91.29024,24.115],[91.28349,24.11705],[91.28417,24.11143],[91.27084,24.11254],[91.26915,24.09699],[91.26747,24.09423],[91.27503,24.09396],[91.27941,24.08887],[91.28202,24.09364],[91.29314,24.09354],[91.29237,24.08614],[91.28915,24.08625],[91.2883,24.07758],[91.28343,24.07184],[91.28416,24.06841],[91.28704,24.06639],[91.2841,24.06377],[91.28407,24.06079],[91.28538,24.05933],[91.28588,24.06073],[91.29459,24.06064],[91.29598,24.05826],[91.30079,24.05854],[91.30161,24.05647],[91.30407,24.05629],[91.30358,24.04373],[91.30622,24.0441],[91.3076,24.04124],[91.31165,24.03963],[91.31245,24.02866],[91.31039,24.02658],[91.30607,24.02751],[91.30403,24.02604],[91.3046,24.02374],[91.30686,24.02435],[91.3084,24.02259],[91.30752,24.01625],[91.30409,24.01102],[91.3012,24.01296],[91.30175,24.00956],[91.29726,24.00824],[91.29805,24.00692],[91.29525,24.00537],[91.2956,24.00139],[91.29429,24.0013],[91.29652,23.9982],[91.29987,23.99895],[91.30314,23.99708]]]}},{"type":"Feature","properties":{"ADM2_EN":"Jamalpur","ADM1_EN":"Mymensingh"},"geometry":{"type":"Polygon","coordinates":[[[89.71534,24.77735],[89.72235,24.77505],[89.72868,24.77065],[89.73286,24.77014],[89.73506,24.76565],[89.73488,24.7611],[89.74046,24.76844],[89.73924,24.77312],[89.74136,24.77457],[89.758,24.76718],[89.77166,24.77292],[89.78002,24.76523],[89.78237,24.75963],[89.78257,24.74892],[89.77714,24.74308],[89.78844,24.74022],[89.79047,24.73824],[89.79092,24.73517],[89.78822,24.73162],[89.78786,24.7283],[89.78416,24.72653],[89.78337,24.72396],[89.77871,24.72578],[89.77241,24.72399],[89.77371,24.71641],[89.7775,24.71553],[89.77894,24.71021],[89.78244,24.70878],[89.78331,24.70393],[89.78875,24.70542],[89.79249,24.70326],[89.79105,24.69866],[89.78791,24.69647],[89.78996,24.69221],[89.79288,24.69044],[89.79025,24.69003],[89.79014,24.68642],[89.79187,24.68523],[89.79677,24.68559],[89.79916,24.67998],[89.79224,24.67286],[89.78328,24.66917],[89.7855,24.66255],[89.78329,24.64065],[89.78503,24.62581],[89.76569,24.62334],[89.76503,24.61384],[89.77012,24.60614],[89.77221,24.59924],[89.78071,24.5912],[89.78327,24.57927],[89.7892,24.57536],[89.78907,24.57229],[89.79066,24.56857],[89.79282,24.56743],[89.80871,24.56772],[89.81154,24.56668],[89.8099,24.57289],[89.81323,24.57525],[89.81817,24.57584],[89.81698,24.57727],[89.8113,24.57762],[89.81292,24.58042],[89.81,24.58361],[89.81277,24.58499],[89.81587,24.58073],[89.82135,24.58746],[89.82806,24.58668],[89.82845,24.58891],[89.82373,24.59239],[89.82307,24.5952],[89.8294,24.60132],[89.83516,24.60288],[89.82886,24.6059],[89.82706,24.6086],[89.8312,24.6104],[89.83682,24.60843],[89.83612,24.61248],[89.84215,24.61471],[89.84008,24.61817],[89.84241,24.61943],[89.84184,24.62377],[89.85153,24.61844],[89.8533,24.61996],[89.85218,24.62237],[89.84523,24.62687],[89.84261,24.63141],[89.84333,24.63334],[89.84698,24.63392],[89.84788,24.63704],[89.84434,24.63921],[89.84238,24.64451],[89.84742,24.64646],[89.86027,24.64571],[89.86881,24.64901],[89.8697,24.65191],[89.86611,24.65719],[89.86545,24.66148],[89.87806,24.67904],[89.88382,24.67475],[89.89124,24.67426],[89.89461,24.67551],[89.89707,24.68071],[89.89941,24.68149],[89.8941,24.69629],[89.87999,24.70827],[89.8793,24.7142],[89.88073,24.72243],[89.87827,24.72736],[89.87823,24.73152],[89.88108,24.73725],[89.88435,24.73887],[89.88048,24.74033],[89.88035,24.74155],[89.88866,24.74186],[89.88948,24.73908],[89.89263,24.73701],[89.89945,24.73644],[89.90274,24.73467],[89.9024,24.73862],[89.89992,24.74024],[89.90179,24.742],[89.90743,24.73448],[89.90945,24.73627],[89.91159,24.73613],[89.913,24.74179],[89.91649,24.74369],[89.9171,24.74619],[89.92747,24.74427],[89.92502,24.74865],[89.92641,24.75007],[89.92905,24.74955],[89.92887,24.75123],[89.92402,24.75181],[89.92127,24.75415],[89.92156,24.75647],[89.9264,24.75446],[89.93577,24.75719],[89.93544,24.7555],[89.94126,24.75151],[89.94021,24.74856],[89.94129,24.74352],[89.94489,24.74559],[89.94852,24.74439],[89.95463,24.74568],[89.95796,24.74428],[89.96055,24.73583],[89.9624,24.73526],[89.95767,24.73331],[89.95744,24.73135],[89.96122,24.73226],[89.96457,24.72764],[89.97174,24.72419],[89.97899,24.7257],[89.98134,24.72489],[89.98572,24.72862],[89.9883,24.72723],[89.99258,24.72834],[89.99215,24.73692],[89.99585,24.73818],[89.99557,24.74075],[89.99816,24.7407],[90.00202,24.74454],[90.00835,24.74575],[90.01085,24.74959],[90.01037,24.75108],[90.01451,24.75106],[90.01533,24.75437],[90.02045,24.75475],[90.0232,24.76468],[90.02228,24.7701],[90.02665,24.77398],[90.03215,24.77702],[90.0377,24.77707],[90.04879,24.77396],[90.05534,24.77908],[90.06937,24.78112],[90.07276,24.7865],[90.07578,24.78787],[90.08911,24.78996],[90.10305,24.78252],[90.10947,24.78517],[90.11208,24.78385],[90.11246,24.78729],[90.11391,24.78819],[90.11897,24.78626],[90.12248,24.79003],[90.12711,24.7872],[90.12904,24.78398],[90.13454,24.78267],[90.13613,24.77863],[90.13986,24.77964],[90.1392,24.78309],[90.14135,24.78383],[90.14112,24.78715],[90.14314,24.78941],[90.14878,24.79248],[90.15802,24.79222],[90.15957,24.79712],[90.15814,24.80256],[90.16085,24.80796],[90.15882,24.81277],[90.16432,24.81803],[90.16175,24.81832],[90.16196,24.81965],[90.16956,24.82725],[90.17205,24.82769],[90.17581,24.82602],[90.18022,24.82808],[90.1854,24.82519],[90.18944,24.82833],[90.18379,24.83026],[90.1845,24.83211],[90.18264,24.83302],[90.18024,24.83983],[90.18681,24.84211],[90.18754,24.84351],[90.18834,24.85164],[90.18599,24.85452],[90.19058,24.85538],[90.19218,24.85789],[90.19874,24.85802],[90.20016,24.8592],[90.19556,24.86036],[90.19785,24.86544],[90.19208,24.86361],[90.18253,24.86363],[90.18227,24.86503],[90.18289,24.86655],[90.18999,24.86557],[90.19351,24.8732],[90.20077,24.87485],[90.1999,24.87829],[90.20165,24.87895],[90.19499,24.8818],[90.19493,24.88526],[90.18258,24.88917],[90.17079,24.8884],[90.16897,24.89179],[90.15875,24.8929],[90.15686,24.89523],[90.15886,24.90096],[90.15454,24.90486],[90.14802,24.90308],[90.14343,24.89906],[90.14041,24.90147],[90.13267,24.89889],[90.12471,24.90229],[90.12111,24.90211],[90.11687,24.9055],[90.10867,24.90848],[90.09117,24.90602],[90.08102,24.909],[90.06664,24.90596],[90.05407,24.90984],[90.04949,24.91301],[90.04657,24.91288],[90.0461,24.91078],[90.03269,24.90963],[90.03218,24.91175],[90.03807,24.91877],[90.02905,24.91415],[90.02807,24.90879],[90.00554,24.91297],[90.00188,24.91561],[90.00093,24.92024],[89.99637,24.92291],[89.98686,24.92143],[89.98138,24.9169],[89.97119,24.92103],[89.95601,24.92437],[89.94787,24.92955],[89.94445,24.93372],[89.94486,24.9402],[89.94275,24.94484],[89.9425,24.95114],[89.93769,24.95954],[89.93181,24.96138],[89.92099,24.95992],[89.90834,24.95484],[89.90394,24.95802],[89.90347,24.96374],[89.90563,24.96403],[89.90452,24.98556],[89.90301,24.98871],[89.8999,24.9906],[89.89313,24.98764],[89.89256,24.98884],[89.89594,24.99459],[89.89031,25.00791],[89.89245,25.01876],[89.87983,25.01989],[89.88223,25.02807],[89.88186,25.03504],[89.90179,25.03523],[89.90493,25.03381],[89.90658,25.04011],[89.90479,25.04384],[89.91579,25.05218],[89.92522,25.06277],[89.91745,25.06405],[89.91665,25.06769],[89.91131,25.07223],[89.91114,25.07433],[89.91354,25.07693],[89.91273,25.07928],[89.91509,25.08226],[89.91463,25.08924],[89.90516,25.09914],[89.89994,25.1092],[89.89636,25.11061],[89.8948,25.11326],[89.89473,25.11647],[89.89649,25.11741],[89.89533,25.1198],[89.89637,25.12331],[89.89428,25.12594],[89.89506,25.12767],[89.89329,25.13194],[89.89968,25.13464],[89.89838,25.13939],[89.90125,25.1437],[89.89904,25.1468],[89.90245,25.15808],[89.90067,25.15877],[89.90118,25.16231],[89.90367,25.16721],[89.91045,25.17169],[89.90203,25.18074],[89.89494,25.18017],[89.88716,25.18221],[89.88469,25.18706],[89.88797,25.19144],[89.89074,25.21167],[89.88935,25.21426],[89.8935,25.21788],[89.89342,25.22151],[89.89942,25.22617],[89.89927,25.2326],[89.90196,25.23831],[89.90189,25.24713],[89.90324,25.24893],[89.90259,25.25932],[89.90473,25.25996],[89.90491,25.26437],[89.90622,25.26604],[89.91458,25.26675],[89.91769,25.26519],[89.92086,25.26001],[89.93129,25.26069],[89.92972,25.27096],[89.93374,25.27923],[89.93094,25.28275],[89.9317,25.28604],[89.93617,25.29005],[89.94191,25.28984],[89.9482,25.29366],[89.94559,25.30295],[89.94384,25.30445],[89.93893,25.29913],[89.92702,25.30143],[89.92345,25.30436],[89.90907,25.30818],[89.89994,25.30542],[89.8952,25.29922],[89.89262,25.29821],[89.89002,25.29208],[89.88688,25.29175],[89.88511,25.2881],[89.87653,25.28545],[89.8631,25.28803],[89.85924,25.28616],[89.85387,25.28953],[89.84849,25.28949],[89.84824,25.29097],[89.84477,25.29249],[89.83161,25.29566],[89.83765,25.30247],[89.83719,25.30542],[89.84155,25.30826],[89.84136,25.31416],[89.8405,25.31903],[89.833,25.3309],[89.82675,25.34688],[89.82332,25.34827],[89.82137,25.35563],[89.82116,25.3745],[89.81958,25.38079],[89.82701,25.40163],[89.82728,25.40634],[89.82531,25.40782],[89.82562,25.41522],[89.82161,25.41556],[89.82206,25.4177],[89.81822,25.41483],[89.79934,25.41978],[89.79019,25.42433],[89.78649,25.42848],[89.76692,25.43274],[89.76764,25.42776],[89.77335,25.42647],[89.77439,25.42335],[89.77158,25.41526],[89.77502,25.41467],[89.77852,25.4164],[89.78246,25.41275],[89.7806,25.41514],[89.78106,25.41726],[89.78407,25.41299],[89.78419,25.40692],[89.78027,25.38796],[89.77755,25.38453],[89.77049,25.38151],[89.74869,25.3791],[89.74442,25.37399],[89.7338,25.36392],[89.7218,25.35628],[89.72656,25.35339],[89.73156,25.34403],[89.73915,25.32011],[89.74218,25.31948],[89.74164,25.31303],[89.74492,25.29866],[89.75214,25.28919],[89.75633,25.28086],[89.75321,25.27259],[89.74936,25.27112],[89.74866,25.26951],[89.75066,25.25067],[89.74889,25.23642],[89.74787,25.23508],[89.74102,25.23372],[89.7126,25.23579],[89.70121,25.23215],[89.69601,25.21846],[89.68617,25.20472],[89.67569,25.18239],[89.67506,25.17552],[89.67198,25.1697],[89.65939,25.15192],[89.6519,25.14411],[89.65292,25.14156],[89.64809,25.12079],[89.64992,25.11989],[89.64982,25.10613],[89.64494,25.10613],[89.64363,25.09714],[89.63856,25.09008],[89.64688,25.08006],[89.65307,25.07801],[89.65279,25.07003],[89.65531,25.06443],[89.65591,25.04999],[89.64783,25.04674],[89.64949,25.03764],[89.66091,25.00783],[89.66134,24.98735],[89.6726,24.97533],[89.67651,24.96577],[89.67827,24.94579],[89.67356,24.93631],[89.67236,24.9285],[89.67624,24.9178],[89.67894,24.91603],[89.68339,24.91565],[89.68606,24.90285],[89.67813,24.90301],[89.67796,24.9001],[89.67585,24.89928],[89.67372,24.89426],[89.66079,24.88807],[89.66649,24.87978],[89.66849,24.86499],[89.67913,24.84674],[89.68109,24.8351],[89.68495,24.82841],[89.69952,24.81456],[89.70997,24.80702],[89.73032,24.79838],[89.72344,24.78662],[89.71534,24.77735]]]}},{"type":"Feature","properties":{"ADM2_EN":"Jessore","ADM1_EN":"Khulna"},"geometry":{"type":"Polygon","coordinates":[[[89.25808,23.3705],[89.25476,23.36658],[89.25464,23.3623],[89.25038,23.35953],[89.25078,23.35249],[89.25315,23.34838],[89.25137,23.3448],[89.25379,23.34387],[89.24378,23.34215],[89.24019,23.34484],[89.23526,23.34422],[89.23816,23.33935],[89.24206,23.33888],[89.24499,23.33533],[89.24283,23.32887],[89.23572,23.32703],[89.23066,23.32389],[89.22685,23.32633],[89.22695,23.32435],[89.22239,23.32371],[89.22005,23.32032],[89.21843,23.3211],[89.2134,23.31782],[89.21012,23.32591],[89.20377,23.31023],[89.20657,23.30746],[89.20723,23.30238],[89.2031,23.29831],[89.20063,23.29219],[89.1874,23.2889],[89.1708,23.2906],[89.1689,23.28429],[89.16054,23.28299],[89.14641,23.28686],[89.14447,23.27613],[89.13306,23.27766],[89.13041,23.27402],[89.11637,23.27919],[89.10677,23.28533],[89.10815,23.28887],[89.1078,23.29507],[89.10474,23.29818],[89.10419,23.29544],[89.10117,23.29458],[89.09155,23.30337],[89.07834,23.30978],[89.06865,23.30868],[89.05886,23.30473],[89.04739,23.29348],[89.04344,23.29752],[89.05401,23.30711],[89.06486,23.31269],[89.06204,23.32789],[89.05441,23.33189],[89.05277,23.33636],[89.05594,23.34249],[89.05942,23.3427],[89.06096,23.34547],[89.06318,23.34448],[89.06684,23.34541],[89.07045,23.35303],[89.06853,23.3541],[89.06891,23.3555],[89.06571,23.35554],[89.06695,23.35951],[89.06551,23.36174],[89.05978,23.35908],[89.0559,23.35989],[89.05384,23.35689],[89.05361,23.35872],[89.05151,23.35735],[89.04357,23.36029],[89.04218,23.3595],[89.03972,23.36035],[89.03913,23.36254],[89.04156,23.36912],[89.04119,23.37208],[89.03431,23.37128],[89.03368,23.37338],[89.03126,23.37448],[89.024,23.37368],[89.02458,23.3709],[89.02274,23.37183],[89.02106,23.36907],[89.0149,23.36923],[89.01271,23.36731],[89.01696,23.36281],[89.02371,23.36171],[89.02669,23.35592],[89.03468,23.35448],[89.03349,23.35043],[89.0192,23.34673],[89.00952,23.34014],[89.00798,23.34037],[89.00754,23.34217],[89.00506,23.34196],[89.00464,23.34411],[88.9849,23.34207],[88.9796,23.34351],[88.97835,23.34088],[88.96537,23.33037],[88.96054,23.32922],[88.96156,23.32317],[88.96506,23.32011],[88.96543,23.3147],[88.96752,23.31046],[88.96653,23.30781],[88.96123,23.30391],[88.96205,23.30269],[88.96502,23.30291],[88.96396,23.30087],[88.96673,23.29812],[88.9658,23.29541],[88.96736,23.29371],[88.96515,23.28921],[88.96179,23.28888],[88.95945,23.28639],[88.95803,23.28671],[88.95763,23.28508],[88.95413,23.28655],[88.95273,23.28456],[88.94992,23.28667],[88.94685,23.28526],[88.94615,23.2869],[88.94441,23.28541],[88.93916,23.28743],[88.93873,23.28563],[88.9335,23.28716],[88.93222,23.28106],[88.92104,23.27692],[88.91564,23.28024],[88.89964,23.27854],[88.90054,23.27537],[88.90355,23.27806],[88.90944,23.27576],[88.90804,23.2746],[88.91111,23.27639],[88.91217,23.27309],[88.91558,23.27135],[88.91657,23.26855],[88.91426,23.26165],[88.91181,23.26335],[88.90852,23.25879],[88.90745,23.26107],[88.90557,23.26032],[88.90505,23.25429],[88.90696,23.25511],[88.90921,23.25395],[88.91285,23.25089],[88.91255,23.24972],[88.9074,23.24616],[88.89641,23.2473],[88.89049,23.24476],[88.89175,23.24064],[88.89037,23.2311],[88.8924,23.23247],[88.89489,23.23104],[88.89615,23.23299],[88.89862,23.2319],[88.90485,23.23613],[88.90516,23.23433],[88.90678,23.2361],[88.91092,23.23463],[88.91492,23.22896],[88.9148,23.22378],[88.9166,23.22276],[88.91387,23.21498],[88.91479,23.21323],[88.91753,23.21247],[88.92093,23.21613],[88.92118,23.21811],[88.91667,23.21968],[88.92302,23.21817],[88.92273,23.21618],[88.92479,23.21584],[88.92637,23.21804],[88.92695,23.21681],[88.93024,23.21692],[88.92856,23.21505],[88.92929,23.21146],[88.94222,23.20636],[88.94746,23.20659],[88.95257,23.21134],[88.964,23.21477],[88.96467,23.2174],[88.96949,23.22041],[88.97062,23.22268],[88.97317,23.22252],[88.97783,23.21462],[88.97894,23.21574],[88.97427,23.2222],[88.97554,23.22457],[88.98111,23.22262],[88.97961,23.21563],[88.98312,23.22194],[88.98882,23.21648],[88.995,23.21571],[88.996,23.2145],[88.99061,23.21257],[88.98484,23.21572],[88.97967,23.21265],[88.98039,23.21014],[88.98627,23.20793],[88.98714,23.20573],[88.98609,23.20476],[88.98769,23.20279],[88.98561,23.20269],[88.9853,23.19997],[88.98005,23.19386],[88.98145,23.19263],[88.9782,23.18865],[88.97828,23.18702],[88.97956,23.18707],[88.97871,23.1867],[88.97872,23.18349],[88.98036,23.18266],[88.97861,23.18309],[88.9782,23.18392],[88.97602,23.18198],[88.9753,23.19249],[88.9618,23.19322],[88.96122,23.19129],[88.95827,23.18976],[88.95715,23.18217],[88.95095,23.18226],[88.95095,23.18119],[88.94618,23.1807],[88.94349,23.17796],[88.94413,23.17632],[88.93901,23.17692],[88.93771,23.17276],[88.93528,23.1725],[88.93346,23.16877],[88.93265,23.16557],[88.9341,23.16469],[88.93401,23.16192],[88.92784,23.16318],[88.93013,23.16243],[88.92806,23.16275],[88.92781,23.16086],[88.93114,23.16009],[88.93055,23.15783],[88.93227,23.15622],[88.93082,23.14333],[88.92324,23.14526],[88.92076,23.14329],[88.91787,23.12922],[88.91027,23.1299],[88.91023,23.12762],[88.9059,23.12522],[88.90569,23.12202],[88.90402,23.11884],[88.90274,23.11904],[88.89977,23.11219],[88.89601,23.11128],[88.89163,23.10782],[88.88298,23.11124],[88.88127,23.10917],[88.88357,23.10468],[88.87919,23.10501],[88.87801,23.10326],[88.87715,23.10445],[88.87518,23.10252],[88.86839,23.10118],[88.87003,23.09788],[88.86903,23.09749],[88.87344,23.09567],[88.87459,23.08992],[88.87066,23.08901],[88.87157,23.08688],[88.87025,23.08611],[88.86617,23.08622],[88.86597,23.08191],[88.86363,23.07959],[88.86529,23.07754],[88.8613,23.07888],[88.86099,23.07745],[88.86767,23.07335],[88.86816,23.07184],[88.86693,23.07298],[88.86673,23.07158],[88.86946,23.06777],[88.87378,23.06626],[88.87323,23.06219],[88.87503,23.06173],[88.87495,23.04442],[88.87992,23.04116],[88.88409,23.04055],[88.88442,23.03717],[88.88214,23.03712],[88.88004,23.03199],[88.88089,23.02549],[88.87901,23.02604],[88.87963,23.02463],[88.87806,23.02427],[88.87848,23.02612],[88.87721,23.02619],[88.87688,23.02291],[88.87474,23.02208],[88.87223,23.01769],[88.87451,23.01443],[88.8743,23.01017],[88.87843,23.01005],[88.88018,23.00847],[88.87786,23.0034],[88.86817,23.00602],[88.85742,23.00645],[88.84712,23.01104],[88.84497,23.01054],[88.84563,23.00767],[88.85205,23.00209],[88.86051,23.00287],[88.86558,23.00038],[88.86395,22.9948],[88.86488,22.98647],[88.86732,22.98144],[88.87108,22.97875],[88.86633,22.97474],[88.85846,22.97148],[88.85698,22.96884],[88.85498,22.95913],[88.8589,22.94375],[88.86076,22.9424],[88.86206,22.94556],[88.86885,22.95158],[88.87585,22.94854],[88.87952,22.95427],[88.89406,22.95248],[88.89241,22.94608],[88.8929,22.93797],[88.88688,22.93374],[88.8906,22.92741],[88.90575,22.92243],[88.90859,22.91916],[88.91862,22.92473],[88.91946,22.92207],[88.91577,22.91632],[88.9178,22.91531],[88.91803,22.91319],[88.92475,22.91475],[88.92898,22.91991],[88.93134,22.91778],[88.92914,22.91616],[88.93415,22.91415],[88.93633,22.91532],[88.93596,22.91195],[88.9391,22.91488],[88.94187,22.91247],[88.94514,22.91783],[88.94427,22.91994],[88.94882,22.9223],[88.95256,22.918],[88.95618,22.917],[88.95436,22.91464],[88.95545,22.91341],[88.96079,22.91547],[88.96314,22.91912],[88.97019,22.92127],[88.97426,22.91627],[88.97564,22.92208],[88.98234,22.92127],[88.992,22.91607],[88.99113,22.91921],[88.98836,22.92004],[88.98903,22.9215],[88.99198,22.92201],[88.98916,22.92752],[88.99097,22.933],[88.98627,22.93774],[88.9857,22.94159],[88.99014,22.94559],[88.99249,22.94467],[89.01282,22.94682],[89.01547,22.94615],[89.02235,22.93868],[89.03438,22.93026],[89.03671,22.93072],[89.04065,22.93753],[89.04017,22.94059],[89.04246,22.94193],[89.04556,22.94126],[89.04512,22.93418],[89.04978,22.93026],[89.05245,22.93411],[89.05747,22.93593],[89.06193,22.93372],[89.07163,22.93274],[89.0754,22.93766],[89.07831,22.93889],[89.08063,22.93388],[89.08543,22.92945],[89.09632,22.92327],[89.10142,22.92271],[89.10683,22.92615],[89.10758,22.9308],[89.10076,22.93839],[89.10842,22.94289],[89.11387,22.9443],[89.11489,22.94248],[89.10942,22.93742],[89.11158,22.93319],[89.11712,22.92939],[89.12542,22.92792],[89.14159,22.89841],[89.14048,22.89153],[89.13756,22.89054],[89.11734,22.90388],[89.11052,22.89356],[89.11134,22.88832],[89.1252,22.87678],[89.12877,22.87078],[89.12893,22.86784],[89.12283,22.85342],[89.12543,22.84168],[89.13218,22.83149],[89.13716,22.82749],[89.14515,22.82673],[89.14574,22.83496],[89.14772,22.836],[89.15424,22.83201],[89.15831,22.82573],[89.15824,22.81219],[89.15491,22.80872],[89.14266,22.80573],[89.14198,22.80094],[89.14435,22.79746],[89.14796,22.79528],[89.15066,22.79552],[89.1632,22.80226],[89.16829,22.81677],[89.17206,22.82018],[89.17505,22.81885],[89.17876,22.81262],[89.18056,22.81231],[89.18191,22.81576],[89.18635,22.81596],[89.19043,22.81248],[89.19682,22.81101],[89.20146,22.81241],[89.20661,22.81825],[89.21147,22.81753],[89.21449,22.82137],[89.21784,22.82068],[89.21987,22.82271],[89.22397,22.82143],[89.22767,22.82525],[89.23241,22.82497],[89.2336,22.827],[89.23144,22.83039],[89.2348,22.83173],[89.23585,22.8339],[89.24674,22.83564],[89.2474,22.83988],[89.24949,22.84143],[89.25106,22.84591],[89.25408,22.84638],[89.25526,22.848],[89.25848,22.8442],[89.26669,22.84126],[89.26875,22.84446],[89.26708,22.84651],[89.26688,22.85161],[89.27337,22.85069],[89.27658,22.85316],[89.28512,22.84953],[89.28861,22.86221],[89.29222,22.86072],[89.29666,22.85391],[89.30964,22.85241],[89.30439,22.84755],[89.29594,22.84665],[89.29628,22.8428],[89.32891,22.83791],[89.32919,22.83216],[89.32187,22.83026],[89.32235,22.82779],[89.32855,22.82731],[89.348,22.83074],[89.35273,22.83462],[89.35345,22.83697],[89.35152,22.83944],[89.35134,22.84392],[89.35298,22.84872],[89.35059,22.8534],[89.35676,22.85719],[89.3574,22.86294],[89.34485,22.86787],[89.34705,22.87449],[89.35231,22.8736],[89.35526,22.87643],[89.35599,22.88474],[89.35104,22.88913],[89.35224,22.89462],[89.34757,22.90245],[89.34609,22.90801],[89.33937,22.90952],[89.341,22.92028],[89.36357,22.92399],[89.36383,22.92819],[89.366,22.93172],[89.37267,22.93482],[89.38495,22.93184],[89.39565,22.93349],[89.39205,22.93899],[89.39503,22.94286],[89.40079,22.94428],[89.40633,22.95683],[89.42708,22.96203],[89.42773,22.9696],[89.43036,22.97603],[89.43001,22.99465],[89.43408,22.9967],[89.4372,23.00132],[89.43881,23.00778],[89.4521,23.01018],[89.45661,23.00985],[89.46023,23.00773],[89.46455,22.99464],[89.47757,22.97751],[89.48187,22.96752],[89.48268,22.95274],[89.49215,22.94274],[89.51374,22.92755],[89.51878,22.93021],[89.52044,22.93947],[89.52268,22.94309],[89.52882,22.94604],[89.53593,22.94676],[89.5442,22.95107],[89.55622,22.96269],[89.55685,22.96573],[89.5628,22.97073],[89.56055,22.98385],[89.55208,22.97728],[89.54565,22.97703],[89.54353,22.98141],[89.53711,22.98431],[89.53473,22.99669],[89.53291,22.99814],[89.53026,22.99626],[89.53082,23.00143],[89.52809,23.00277],[89.52954,23.00682],[89.52086,23.0084],[89.52012,23.00985],[89.52225,23.01071],[89.52196,23.01244],[89.50972,23.01586],[89.50595,23.02706],[89.50122,23.0331],[89.48962,23.03772],[89.48266,23.03522],[89.47511,23.03558],[89.472,23.03305],[89.46745,23.03272],[89.46215,23.03486],[89.45743,23.04091],[89.45442,23.05399],[89.44908,23.05027],[89.44399,23.05474],[89.44389,23.06655],[89.45326,23.06812],[89.45197,23.07003],[89.44556,23.07091],[89.44049,23.07355],[89.44364,23.09101],[89.44243,23.10345],[89.44351,23.1121],[89.44231,23.11455],[89.43868,23.11188],[89.436,23.10654],[89.43133,23.1043],[89.42804,23.09643],[89.42676,23.09667],[89.42502,23.09349],[89.4192,23.08919],[89.41663,23.08307],[89.39916,23.08427],[89.3971,23.08237],[89.40045,23.07786],[89.39982,23.07684],[89.39675,23.07976],[89.38487,23.08577],[89.3896,23.10648],[89.38275,23.12895],[89.37822,23.13557],[89.38654,23.13867],[89.38638,23.14024],[89.38817,23.13989],[89.39052,23.14188],[89.39208,23.14073],[89.39376,23.14277],[89.39158,23.14355],[89.39267,23.14471],[89.39735,23.14211],[89.3989,23.14292],[89.39881,23.14033],[89.40137,23.14061],[89.40237,23.13899],[89.4085,23.14188],[89.41307,23.14007],[89.4193,23.14036],[89.42014,23.14644],[89.40883,23.15343],[89.40974,23.15825],[89.41504,23.15854],[89.4147,23.16463],[89.41294,23.16335],[89.41208,23.16761],[89.41803,23.16758],[89.41865,23.16926],[89.41599,23.17399],[89.41928,23.17574],[89.41977,23.17966],[89.42211,23.18065],[89.42191,23.18382],[89.42335,23.18367],[89.42079,23.19073],[89.42038,23.19777],[89.42233,23.20151],[89.42248,23.20777],[89.41966,23.21855],[89.42347,23.21609],[89.42019,23.22396],[89.42097,23.22486],[89.41913,23.22583],[89.41712,23.22424],[89.41776,23.22974],[89.42074,23.23168],[89.42642,23.23078],[89.42769,23.23311],[89.43098,23.23207],[89.43356,23.23337],[89.42613,23.23906],[89.42431,23.24351],[89.42258,23.25226],[89.42557,23.25872],[89.42076,23.26623],[89.41842,23.26621],[89.4184,23.2679],[89.41521,23.26754],[89.41459,23.2694],[89.40922,23.26887],[89.4094,23.27217],[89.39973,23.27597],[89.39759,23.28005],[89.39438,23.28048],[89.39368,23.28251],[89.38601,23.28447],[89.38196,23.28827],[89.37747,23.28801],[89.37743,23.28949],[89.37954,23.28938],[89.3789,23.29029],[89.37363,23.28956],[89.37251,23.29979],[89.36852,23.30224],[89.36642,23.30211],[89.36326,23.29611],[89.3585,23.29675],[89.35704,23.29199],[89.35212,23.28915],[89.34815,23.28449],[89.34362,23.28388],[89.34227,23.29347],[89.33673,23.30352],[89.32579,23.29827],[89.32227,23.29953],[89.32191,23.30334],[89.32465,23.30977],[89.31866,23.32396],[89.31558,23.32561],[89.31325,23.325],[89.31079,23.318],[89.30812,23.31821],[89.3073,23.32081],[89.30497,23.32205],[89.30643,23.3228],[89.3048,23.32364],[89.30481,23.32549],[89.30172,23.32663],[89.30052,23.33025],[89.2954,23.33104],[89.29168,23.33453],[89.28907,23.3351],[89.2847,23.34046],[89.28271,23.34022],[89.28441,23.34938],[89.28168,23.3487],[89.27292,23.35579],[89.27392,23.36178],[89.27762,23.36393],[89.27506,23.3683],[89.2742,23.36736],[89.26771,23.36944],[89.2647,23.37249],[89.26109,23.37274],[89.25808,23.3705]]]}},{"type":"Feature","properties":{"ADM2_EN":"Jhalokati","ADM1_EN":"Barisal"},"geometry":{"type":"Polygon","coordinates":[[[90.19049,22.47953],[90.19718,22.49039],[90.20682,22.49985],[90.22751,22.50571],[90.24268,22.51849],[90.25754,22.52713],[90.26986,22.54065],[90.2732,22.54246],[90.27906,22.54262],[90.28464,22.55124],[90.28418,22.55496],[90.28106,22.55773],[90.28286,22.56122],[90.29225,22.56515],[90.29727,22.56431],[90.30312,22.55921],[90.30481,22.55924],[90.30882,22.56626],[90.3112,22.57832],[90.31773,22.57566],[90.32488,22.58174],[90.33218,22.58298],[90.34182,22.57664],[90.34694,22.57589],[90.34899,22.56846],[90.35107,22.56702],[90.35684,22.575],[90.36345,22.58056],[90.35902,22.59068],[90.35399,22.59674],[90.34967,22.6006],[90.33909,22.60601],[90.34632,22.61341],[90.34989,22.61362],[90.3574,22.60699],[90.36189,22.60061],[90.37472,22.59298],[90.38052,22.59194],[90.3839,22.5941],[90.3849,22.59663],[90.38355,22.60475],[90.37973,22.60977],[90.35472,22.62658],[90.34384,22.62939],[90.35427,22.6367],[90.36907,22.63141],[90.37469,22.64126],[90.37446,22.64614],[90.37163,22.65032],[90.36437,22.6521],[90.3563,22.65006],[90.34982,22.65166],[90.33617,22.65922],[90.32712,22.65934],[90.32462,22.656],[90.32609,22.64691],[90.32256,22.64627],[90.3172,22.65277],[90.31518,22.66024],[90.32052,22.66354],[90.32158,22.67076],[90.31989,22.67336],[90.29941,22.68559],[90.28993,22.68006],[90.27388,22.69006],[90.27315,22.70152],[90.27193,22.7052],[90.26991,22.70573],[90.26786,22.71473],[90.27266,22.71943],[90.27051,22.73177],[90.26427,22.73638],[90.26255,22.7437],[90.25511,22.75274],[90.24128,22.75567],[90.23103,22.75088],[90.22793,22.75354],[90.22393,22.75354],[90.22127,22.75541],[90.22218,22.75774],[90.21639,22.76136],[90.21786,22.77017],[90.21562,22.77065],[90.21438,22.76908],[90.21204,22.77002],[90.21131,22.77396],[90.20529,22.77295],[90.20492,22.77634],[90.20299,22.77594],[90.20104,22.77792],[90.20236,22.78088],[90.19959,22.7824],[90.19941,22.78493],[90.19525,22.78455],[90.19218,22.78653],[90.18884,22.78435],[90.19036,22.78256],[90.18982,22.78022],[90.18485,22.78018],[90.18111,22.77587],[90.18082,22.76617],[90.18548,22.7653],[90.18001,22.75795],[90.17661,22.75787],[90.17715,22.75268],[90.18331,22.7458],[90.18844,22.74511],[90.18862,22.74395],[90.1862,22.74311],[90.18771,22.74195],[90.18183,22.73928],[90.17946,22.73508],[90.17271,22.73116],[90.17238,22.72935],[90.1656,22.72787],[90.16467,22.72349],[90.16204,22.72073],[90.15814,22.71962],[90.15674,22.71552],[90.15786,22.71242],[90.15532,22.70483],[90.15156,22.70401],[90.14933,22.69348],[90.14296,22.68666],[90.14227,22.68072],[90.13893,22.67753],[90.13823,22.67361],[90.11703,22.66617],[90.111,22.66272],[90.10773,22.65902],[90.10114,22.65804],[90.09721,22.65561],[90.09933,22.65188],[90.09648,22.64619],[90.0965,22.6396],[90.10129,22.63752],[90.10039,22.62625],[90.10637,22.62112],[90.11011,22.60977],[90.10736,22.60697],[90.10817,22.60543],[90.10236,22.59631],[90.09217,22.59063],[90.07883,22.58784],[90.07435,22.58844],[90.06429,22.59485],[90.05904,22.58286],[90.05594,22.57983],[90.05976,22.57318],[90.06052,22.56071],[90.06569,22.55276],[90.06426,22.53448],[90.06739,22.52924],[90.06487,22.52829],[90.06687,22.51818],[90.06288,22.50508],[90.07277,22.51156],[90.07497,22.50743],[90.07038,22.50062],[90.0715,22.49876],[90.07435,22.49872],[90.07482,22.49728],[90.07897,22.49562],[90.0774,22.49229],[90.07908,22.48755],[90.08526,22.48793],[90.08895,22.4922],[90.08894,22.49541],[90.09881,22.49682],[90.10093,22.49964],[90.10916,22.49534],[90.1096,22.49388],[90.1137,22.49357],[90.11594,22.49539],[90.11364,22.49955],[90.11685,22.503],[90.12341,22.49806],[90.12256,22.49594],[90.12486,22.4899],[90.12693,22.49136],[90.1313,22.49136],[90.13399,22.4869],[90.13085,22.47965],[90.12584,22.47697],[90.1245,22.47003],[90.12234,22.46704],[90.11039,22.45871],[90.10566,22.46192],[90.10545,22.45389],[90.10071,22.44466],[90.09225,22.44479],[90.0903,22.44419],[90.09018,22.44195],[90.08325,22.442],[90.08136,22.43929],[90.07722,22.43994],[90.07417,22.4521],[90.0697,22.45238],[90.06923,22.45401],[90.06799,22.45316],[90.06772,22.45611],[90.06517,22.45762],[90.0656,22.46201],[90.06359,22.46523],[90.06084,22.46144],[90.05791,22.46125],[90.05635,22.45597],[90.05641,22.45347],[90.06066,22.45103],[90.06168,22.4453],[90.05998,22.44317],[90.05547,22.44169],[90.04259,22.44376],[90.03631,22.44862],[90.02729,22.44417],[90.03053,22.43708],[90.03032,22.43325],[90.02749,22.42798],[90.02849,22.42021],[90.03213,22.41827],[90.03444,22.40802],[90.03879,22.40228],[90.03117,22.39626],[90.02544,22.39607],[90.02284,22.39447],[90.02362,22.38692],[90.019,22.37183],[90.02353,22.36806],[90.03095,22.36732],[90.0337,22.36312],[90.03542,22.36496],[90.03596,22.3752],[90.04024,22.36813],[90.04476,22.36439],[90.04631,22.36035],[90.05168,22.35979],[90.05586,22.35681],[90.05086,22.33691],[90.05468,22.33815],[90.06143,22.34359],[90.0672,22.34171],[90.06996,22.34222],[90.07926,22.35263],[90.08671,22.34576],[90.09291,22.34454],[90.10121,22.35605],[90.11563,22.36415],[90.12297,22.37902],[90.14083,22.40449],[90.15347,22.41311],[90.15462,22.4158],[90.16719,22.42323],[90.17529,22.43098],[90.17696,22.43838],[90.17481,22.45738],[90.17994,22.46886],[90.18616,22.47805],[90.18809,22.48017],[90.19049,22.47953]]]}},{"type":"Feature","properties":{"ADM2_EN":"Jhenaidah","ADM1_EN":"Khulna"},"geometry":{"type":"Polygon","coordinates":[[[88.76481,23.37043],[88.76549,23.36767],[88.75888,23.36031],[88.74763,23.36239],[88.74575,23.35943],[88.74587,23.35626],[88.74357,23.35419],[88.74639,23.35123],[88.74604,23.34897],[88.74089,23.34962],[88.73438,23.35332],[88.73219,23.35264],[88.73286,23.3476],[88.73787,23.34561],[88.73908,23.34328],[88.7353,23.33816],[88.73281,23.32791],[88.74373,23.32809],[88.74599,23.32391],[88.74982,23.32136],[88.74608,23.31495],[88.74501,23.30712],[88.74177,23.30521],[88.73753,23.30508],[88.73009,23.30963],[88.72868,23.31332],[88.73146,23.31779],[88.73056,23.31986],[88.72501,23.31812],[88.72709,23.31436],[88.72756,23.30285],[88.72695,23.29983],[88.72494,23.29833],[88.7192,23.29791],[88.71998,23.30372],[88.71452,23.30594],[88.70644,23.30413],[88.70751,23.30868],[88.71279,23.3109],[88.71073,23.31301],[88.70856,23.3128],[88.69624,23.30223],[88.69764,23.29178],[88.7076,23.29095],[88.71179,23.28559],[88.71145,23.27818],[88.71448,23.27526],[88.72314,23.27349],[88.72444,23.2719],[88.71881,23.25487],[88.72467,23.25372],[88.73292,23.24841],[88.74513,23.2449],[88.7539,23.24026],[88.75904,23.24192],[88.7605,23.24635],[88.76947,23.24496],[88.77127,23.2415],[88.77425,23.24066],[88.77296,23.23935],[88.77623,23.23822],[88.77609,23.23641],[88.77797,23.23518],[88.77434,23.2344],[88.77649,23.23094],[88.77322,23.23114],[88.77437,23.22456],[88.77727,23.22405],[88.77851,23.22109],[88.78234,23.22121],[88.78332,23.2229],[88.78777,23.22196],[88.79105,23.21829],[88.79145,23.22168],[88.79767,23.21919],[88.8042,23.2188],[88.8114,23.22167],[88.80848,23.22497],[88.80922,23.22865],[88.8065,23.23159],[88.80589,23.2381],[88.81043,23.24836],[88.80864,23.24951],[88.81095,23.25621],[88.81279,23.25552],[88.8136,23.25217],[88.82822,23.24519],[88.82309,23.2374],[88.82423,23.23375],[88.83316,23.23948],[88.83682,23.24381],[88.84011,23.23722],[88.84466,23.23328],[88.84485,23.23069],[88.85005,23.23054],[88.85133,23.23409],[88.85364,23.23425],[88.85374,23.23646],[88.85913,23.23509],[88.86122,23.23207],[88.8621,23.23438],[88.87465,23.23428],[88.87549,23.23229],[88.88475,23.22951],[88.88628,23.2261],[88.88673,23.23142],[88.89037,23.2311],[88.89175,23.24064],[88.89049,23.24476],[88.89641,23.2473],[88.9074,23.24616],[88.91255,23.24972],[88.91285,23.25089],[88.90921,23.25395],[88.90696,23.25511],[88.90505,23.25429],[88.90557,23.26032],[88.90745,23.26107],[88.90852,23.25879],[88.91181,23.26335],[88.91426,23.26165],[88.91657,23.26855],[88.91558,23.27135],[88.91217,23.27309],[88.91111,23.27639],[88.90804,23.2746],[88.90944,23.27576],[88.90355,23.27806],[88.90054,23.27537],[88.89964,23.27854],[88.91564,23.28024],[88.92104,23.27692],[88.93222,23.28106],[88.9335,23.28716],[88.93873,23.28563],[88.93916,23.28743],[88.94441,23.28541],[88.94615,23.2869],[88.94685,23.28526],[88.94992,23.28667],[88.95273,23.28456],[88.95413,23.28655],[88.95763,23.28508],[88.95803,23.28671],[88.95945,23.28639],[88.96179,23.28888],[88.96515,23.28921],[88.96736,23.29371],[88.9658,23.29541],[88.96673,23.29812],[88.96396,23.30087],[88.96502,23.30291],[88.96205,23.30269],[88.96123,23.30391],[88.96653,23.30781],[88.96752,23.31046],[88.96543,23.3147],[88.96506,23.32011],[88.96156,23.32317],[88.96054,23.32922],[88.96537,23.33037],[88.97835,23.34088],[88.9796,23.34351],[88.9849,23.34207],[89.00464,23.34411],[89.00506,23.34196],[89.00754,23.34217],[89.00798,23.34037],[89.00952,23.34014],[89.0192,23.34673],[89.03349,23.35043],[89.03468,23.35448],[89.02669,23.35592],[89.02371,23.36171],[89.01696,23.36281],[89.01271,23.36731],[89.0149,23.36923],[89.02106,23.36907],[89.02274,23.37183],[89.02458,23.3709],[89.024,23.37368],[89.03126,23.37448],[89.03368,23.37338],[89.03431,23.37128],[89.04119,23.37208],[89.04156,23.36912],[89.03913,23.36254],[89.03972,23.36035],[89.04218,23.3595],[89.04357,23.36029],[89.05151,23.35735],[89.05361,23.35872],[89.05384,23.35689],[89.0559,23.35989],[89.05978,23.35908],[89.06551,23.36174],[89.06695,23.35951],[89.06571,23.35554],[89.06891,23.3555],[89.06853,23.3541],[89.07045,23.35303],[89.06684,23.34541],[89.06318,23.34448],[89.06096,23.34547],[89.05942,23.3427],[89.05594,23.34249],[89.05277,23.33636],[89.05441,23.33189],[89.06204,23.32789],[89.06486,23.31269],[89.05401,23.30711],[89.04344,23.29752],[89.04739,23.29348],[89.05886,23.30473],[89.06865,23.30868],[89.07834,23.30978],[89.09155,23.30337],[89.10117,23.29458],[89.10419,23.29544],[89.10474,23.29818],[89.1078,23.29507],[89.10815,23.28887],[89.10677,23.28533],[89.11637,23.27919],[89.13041,23.27402],[89.13306,23.27766],[89.14447,23.27613],[89.14641,23.28686],[89.16054,23.28299],[89.1689,23.28429],[89.1708,23.2906],[89.1874,23.2889],[89.20063,23.29219],[89.2031,23.29831],[89.20723,23.30238],[89.20657,23.30746],[89.20377,23.31023],[89.21012,23.32591],[89.2134,23.31782],[89.21843,23.3211],[89.22005,23.32032],[89.22239,23.32371],[89.22695,23.32435],[89.22685,23.32633],[89.23066,23.32389],[89.23572,23.32703],[89.24283,23.32887],[89.24499,23.33533],[89.24206,23.33888],[89.23816,23.33935],[89.23526,23.34422],[89.24019,23.34484],[89.24378,23.34215],[89.25379,23.34387],[89.25137,23.3448],[89.25315,23.34838],[89.25078,23.35249],[89.25038,23.35953],[89.25464,23.3623],[89.25476,23.36658],[89.25808,23.3705],[89.25121,23.37636],[89.24555,23.37608],[89.24403,23.37723],[89.24425,23.37961],[89.25037,23.38255],[89.24596,23.39254],[89.25237,23.39553],[89.2523,23.39784],[89.24925,23.40076],[89.2498,23.40364],[89.25292,23.40462],[89.25697,23.40382],[89.26089,23.40907],[89.25533,23.41296],[89.25506,23.41469],[89.25722,23.41528],[89.26053,23.42055],[89.26783,23.42347],[89.2712,23.42822],[89.26414,23.42981],[89.26368,23.43324],[89.25605,23.43371],[89.25615,23.44009],[89.25681,23.44108],[89.26371,23.4407],[89.26464,23.43926],[89.27516,23.43615],[89.27736,23.4387],[89.28003,23.43723],[89.28115,23.43908],[89.28281,23.43802],[89.29046,23.44675],[89.29562,23.44799],[89.29365,23.44895],[89.29718,23.45055],[89.29697,23.45224],[89.30074,23.45139],[89.29814,23.45521],[89.29995,23.4542],[89.303,23.45503],[89.30267,23.46408],[89.30123,23.46551],[89.30248,23.46815],[89.30624,23.46925],[89.30696,23.48234],[89.30406,23.49444],[89.29969,23.49541],[89.29805,23.49755],[89.30107,23.50383],[89.30679,23.50226],[89.30916,23.50665],[89.30317,23.5124],[89.30699,23.5178],[89.30647,23.5207],[89.30394,23.52278],[89.30336,23.52693],[89.3065,23.53757],[89.3054,23.54017],[89.31066,23.54097],[89.31193,23.54402],[89.31426,23.54482],[89.31395,23.55324],[89.31798,23.55552],[89.32312,23.56515],[89.32506,23.56637],[89.3272,23.56494],[89.33443,23.56894],[89.33793,23.56804],[89.34498,23.57857],[89.34511,23.58659],[89.34093,23.58889],[89.34387,23.59777],[89.34582,23.59913],[89.34758,23.61441],[89.35012,23.61408],[89.35062,23.61628],[89.35262,23.61695],[89.35527,23.63038],[89.35731,23.63274],[89.35669,23.63636],[89.35458,23.63672],[89.35498,23.639],[89.35704,23.63876],[89.36231,23.64757],[89.36618,23.6466],[89.36923,23.65354],[89.37192,23.65467],[89.37179,23.65652],[89.37673,23.6635],[89.37289,23.66426],[89.36605,23.66129],[89.36649,23.66412],[89.36595,23.66796],[89.36038,23.67089],[89.35269,23.66987],[89.34915,23.6711],[89.35006,23.67842],[89.348,23.68277],[89.33408,23.69116],[89.33035,23.69705],[89.32498,23.69946],[89.32171,23.70279],[89.32132,23.70636],[89.32349,23.7098],[89.32255,23.71316],[89.31939,23.7153],[89.31472,23.71591],[89.31165,23.7192],[89.31224,23.72756],[89.31098,23.73107],[89.30654,23.73445],[89.29816,23.73602],[89.28452,23.73602],[89.27549,23.7412],[89.27012,23.74116],[89.26635,23.7429],[89.25838,23.75618],[89.25092,23.76375],[89.24382,23.76439],[89.24301,23.76138],[89.24102,23.76195],[89.23986,23.76012],[89.23572,23.76075],[89.23191,23.7563],[89.22321,23.76086],[89.21641,23.75988],[89.21306,23.75707],[89.21376,23.7539],[89.20854,23.75303],[89.2032,23.74672],[89.19702,23.74403],[89.18879,23.74536],[89.18409,23.74917],[89.18127,23.74829],[89.17986,23.75005],[89.1785,23.74657],[89.17433,23.74527],[89.17339,23.74098],[89.16662,23.7403],[89.16746,23.73675],[89.15878,23.73561],[89.15994,23.73092],[89.15806,23.72232],[89.1455,23.7224],[89.14477,23.72438],[89.14054,23.72523],[89.13692,23.72219],[89.12804,23.72172],[89.12898,23.71811],[89.12789,23.7167],[89.12095,23.71282],[89.12379,23.70271],[89.11846,23.69383],[89.1145,23.69937],[89.11177,23.70856],[89.11331,23.71596],[89.11846,23.72509],[89.11866,23.7298],[89.11639,23.73415],[89.11103,23.73501],[89.10512,23.72742],[89.10084,23.7254],[89.09852,23.72599],[89.09676,23.72796],[89.09468,23.74157],[89.08402,23.74361],[89.08284,23.74489],[89.08275,23.75805],[89.06874,23.75624],[89.0704,23.7702],[89.0689,23.77157],[89.06491,23.77162],[89.0605,23.77044],[89.05458,23.76623],[89.05171,23.76171],[89.05179,23.75819],[89.05931,23.74773],[89.0646,23.73424],[89.07397,23.72973],[89.07558,23.72669],[89.05989,23.71887],[89.05402,23.72124],[89.04724,23.72792],[89.0435,23.72767],[89.03741,23.72298],[89.03815,23.72067],[89.04541,23.7186],[89.05197,23.71454],[89.04285,23.69861],[89.03745,23.69218],[89.03092,23.69224],[89.02479,23.69558],[89.01902,23.70198],[89.01726,23.70874],[89.01296,23.70874],[89.01083,23.70704],[89.00689,23.6915],[89.00797,23.6884],[89.00648,23.68101],[89.00787,23.6802],[89.00828,23.6761],[89.00608,23.66884],[89.01193,23.65599],[89.00869,23.64115],[89.00519,23.64268],[89.00405,23.64163],[89.00866,23.63542],[89.01033,23.62626],[89.00625,23.62064],[89.00346,23.60324],[88.98848,23.58818],[88.9844,23.58142],[88.98327,23.5739],[88.98691,23.57243],[88.98764,23.57059],[88.98297,23.56721],[88.98093,23.56005],[88.97639,23.55744],[88.97782,23.54602],[88.97415,23.54597],[88.96899,23.55018],[88.96528,23.54942],[88.95958,23.55287],[88.95498,23.55094],[88.94728,23.55195],[88.94036,23.5472],[88.94155,23.54628],[88.941,23.54388],[88.93451,23.53674],[88.93386,23.53223],[88.93589,23.52733],[88.93904,23.52578],[88.94462,23.51861],[88.94694,23.51273],[88.94312,23.50207],[88.94455,23.49797],[88.94376,23.48943],[88.94516,23.48192],[88.94107,23.47406],[88.93518,23.46945],[88.93683,23.46695],[88.93627,23.46158],[88.92945,23.46158],[88.9304,23.448],[88.91984,23.44393],[88.9182,23.44127],[88.91916,23.43888],[88.92693,23.44298],[88.93635,23.44413],[88.94452,23.44025],[88.94585,23.43773],[88.94406,23.43124],[88.94122,23.43036],[88.9356,23.43332],[88.93393,23.43148],[88.93499,23.42866],[88.93282,23.42215],[88.93645,23.41668],[88.93487,23.41305],[88.92111,23.41278],[88.91787,23.41862],[88.91517,23.41943],[88.91082,23.41554],[88.91036,23.41345],[88.91839,23.41223],[88.91879,23.40759],[88.91654,23.40594],[88.90491,23.40584],[88.90036,23.40934],[88.89583,23.4103],[88.89384,23.40778],[88.89261,23.40912],[88.89167,23.40798],[88.89047,23.40875],[88.88911,23.4058],[88.88339,23.40632],[88.88355,23.40807],[88.87757,23.40672],[88.8759,23.4046],[88.87584,23.39834],[88.87463,23.39787],[88.87587,23.39249],[88.87279,23.39139],[88.87283,23.38923],[88.86834,23.38839],[88.8701,23.38675],[88.86884,23.38511],[88.86595,23.3864],[88.86251,23.38379],[88.86065,23.37938],[88.8629,23.38164],[88.8616,23.37706],[88.85511,23.37459],[88.85764,23.38157],[88.85597,23.38319],[88.85255,23.37507],[88.84741,23.37909],[88.84119,23.37929],[88.83613,23.38485],[88.834,23.39066],[88.8329,23.3845],[88.82788,23.3778],[88.82713,23.37462],[88.81686,23.38417],[88.81683,23.3873],[88.81468,23.38888],[88.81162,23.38758],[88.81201,23.38667],[88.80794,23.38681],[88.80652,23.37892],[88.79731,23.37082],[88.79372,23.37006],[88.79056,23.37191],[88.79118,23.37512],[88.78978,23.37814],[88.78422,23.38065],[88.78233,23.37928],[88.77784,23.36925],[88.77216,23.36275],[88.77805,23.37377],[88.77717,23.37524],[88.77557,23.37556],[88.76823,23.36898],[88.76628,23.36844],[88.76481,23.37043]]]}},{"type":"Feature","properties":{"ADM2_EN":"Joypurhat","ADM1_EN":"Rajshani"},"geometry":{"type":"Polygon","coordinates":[[[89.28009,25.08763],[89.26402,25.093],[89.26376,25.0976],[89.26202,25.09612],[89.25163,25.09729],[89.24836,25.10726],[89.24935,25.11308],[89.24815,25.11776],[89.24535,25.11842],[89.24232,25.12432],[89.2374,25.1294],[89.2313,25.14443],[89.22331,25.14361],[89.224,25.14532],[89.21685,25.14502],[89.21584,25.14758],[89.21934,25.14872],[89.22101,25.15083],[89.22076,25.15363],[89.22327,25.15434],[89.21686,25.15917],[89.21673,25.16461],[89.21491,25.16279],[89.21288,25.1629],[89.21019,25.16766],[89.20644,25.16792],[89.20422,25.16647],[89.20377,25.17011],[89.19781,25.17083],[89.19557,25.17625],[89.19756,25.17837],[89.19522,25.18234],[89.19303,25.18143],[89.19158,25.18348],[89.18391,25.18454],[89.18395,25.18724],[89.19245,25.19394],[89.19484,25.20163],[89.19317,25.20174],[89.19219,25.20562],[89.19497,25.20828],[89.1946,25.21692],[89.19819,25.21915],[89.20062,25.22338],[89.20385,25.2245],[89.20461,25.22846],[89.19644,25.23082],[89.19677,25.23864],[89.19279,25.24089],[89.19043,25.24066],[89.18708,25.2357],[89.18142,25.23632],[89.18213,25.23456],[89.18028,25.23373],[89.17727,25.23708],[89.1746,25.2346],[89.17332,25.23986],[89.16751,25.24041],[89.16515,25.24227],[89.16429,25.24563],[89.16094,25.24577],[89.15975,25.24802],[89.15604,25.24707],[89.16136,25.25072],[89.15876,25.25203],[89.15924,25.25294],[89.15072,25.25426],[89.15081,25.25637],[89.13883,25.25498],[89.14106,25.25107],[89.14023,25.24673],[89.12976,25.24433],[89.1248,25.2484],[89.12292,25.253],[89.11988,25.25186],[89.1198,25.24862],[89.11672,25.24652],[89.11766,25.24188],[89.10875,25.24422],[89.10618,25.24147],[89.09854,25.24281],[89.09677,25.24062],[89.09222,25.24854],[89.09011,25.24918],[89.09086,25.25046],[89.08341,25.25215],[89.0839,25.2545],[89.08192,25.25576],[89.08024,25.26028],[89.07403,25.26666],[89.07099,25.26771],[89.07039,25.26976],[89.06526,25.26724],[89.06701,25.26521],[89.06569,25.26202],[89.06108,25.26224],[89.05968,25.2609],[89.05638,25.26502],[89.05095,25.26548],[89.04579,25.26949],[89.04861,25.2663],[89.04706,25.26658],[89.0383,25.27277],[89.03422,25.27403],[89.03565,25.27501],[89.03271,25.27503],[89.03299,25.27702],[89.0276,25.27759],[89.02897,25.27587],[89.02772,25.27191],[89.02451,25.27281],[89.01871,25.26568],[89.01613,25.26836],[89.00783,25.26766],[89.00759,25.26374],[89.00542,25.26387],[89.00424,25.26539],[89.00524,25.26913],[88.99313,25.2702],[88.99232,25.27379],[88.98676,25.27457],[88.98388,25.26838],[88.98223,25.26869],[88.98141,25.26725],[88.98222,25.26499],[88.98135,25.26559],[88.9798,25.26374],[88.97582,25.26416],[88.97458,25.26022],[88.97071,25.26048],[88.96973,25.258],[88.95897,25.25445],[88.95625,25.25516],[88.95484,25.25001],[88.95059,25.24407],[88.95431,25.23718],[88.95164,25.23229],[88.95201,25.22988],[88.95773,25.22324],[88.95799,25.21451],[88.96171,25.20916],[88.95937,25.20814],[88.95783,25.20919],[88.95458,25.20672],[88.95195,25.20779],[88.95067,25.20642],[88.94435,25.20623],[88.94126,25.21033],[88.93923,25.2102],[88.93797,25.21185],[88.9364,25.21063],[88.93689,25.20271],[88.93383,25.1999],[88.93782,25.19361],[88.94369,25.19319],[88.9475,25.19455],[88.94777,25.18747],[88.9435,25.18314],[88.94959,25.18129],[88.94841,25.17643],[88.94583,25.17683],[88.94322,25.17358],[88.94102,25.17361],[88.94124,25.17602],[88.93926,25.17644],[88.93892,25.17929],[88.93328,25.18135],[88.92769,25.1762],[88.92899,25.17467],[88.92711,25.17467],[88.92407,25.17186],[88.92302,25.16501],[88.92516,25.15459],[88.92307,25.14892],[88.91957,25.1463],[88.92426,25.1453],[88.92832,25.14232],[88.92877,25.14032],[88.92718,25.1388],[88.92474,25.13898],[88.92354,25.13323],[88.92109,25.13185],[88.9282,25.12447],[88.93629,25.11975],[88.94031,25.11416],[88.9394,25.11193],[88.9415,25.09785],[88.93106,25.07214],[88.93775,25.05786],[88.94459,25.05753],[88.94564,25.05149],[88.94084,25.04148],[88.94287,25.0396],[88.94889,25.0387],[88.94907,25.03338],[88.95335,25.02887],[88.9557,25.02888],[88.95646,25.03204],[88.95182,25.03674],[88.95215,25.03998],[88.95477,25.04151],[88.9553,25.04588],[88.95696,25.04707],[88.95463,25.04849],[88.95353,25.05564],[88.95864,25.05508],[88.96169,25.05296],[88.9636,25.05496],[88.96844,25.05342],[88.97439,25.05461],[88.97808,25.05289],[88.98224,25.05565],[88.98569,25.04869],[88.99357,25.04857],[88.99676,25.0456],[88.99879,25.05055],[89.00165,25.05148],[89.00436,25.04964],[89.01233,25.0496],[89.01653,25.04729],[89.01345,25.03945],[89.00953,25.03634],[89.00976,25.03282],[89.0138,25.03176],[89.0187,25.02624],[89.01567,25.02322],[89.01305,25.02371],[89.00926,25.02123],[89.01032,25.01943],[89.01783,25.01796],[89.01489,25.01711],[89.01627,25.01501],[89.01494,25.01045],[89.01169,25.01147],[89.00928,25.0081],[89.00925,25.00584],[89.01139,25.00434],[89.00857,25.00027],[89.0087,24.99179],[89.00939,24.9897],[89.01306,24.98931],[89.01207,24.98229],[89.01013,24.97814],[89.0024,24.9779],[89.00002,24.97272],[89.00373,24.96933],[89.00375,24.95796],[88.99936,24.95376],[89.00116,24.94146],[89.00359,24.94022],[89.00266,24.93202],[89.00427,24.93087],[89.00095,24.92503],[89.00028,24.91966],[89.00152,24.91716],[88.99978,24.90974],[89.00213,24.90876],[89.00375,24.90125],[89.00752,24.89921],[89.00357,24.89066],[89.0006,24.88877],[89.00023,24.88499],[88.99053,24.87845],[88.99012,24.87274],[88.99452,24.86822],[88.99003,24.85944],[88.99981,24.85677],[89.00951,24.85862],[89.01056,24.85039],[89.01159,24.8495],[89.01245,24.8508],[89.01508,24.84887],[89.0163,24.85261],[89.02052,24.8571],[89.02997,24.85561],[89.03179,24.85678],[89.03538,24.85637],[89.0364,24.85928],[89.03952,24.85965],[89.03927,24.86333],[89.04454,24.86459],[89.04694,24.86246],[89.04996,24.86445],[89.0517,24.86149],[89.05416,24.86073],[89.05727,24.86361],[89.05764,24.86762],[89.06348,24.86832],[89.06573,24.87294],[89.06832,24.87093],[89.07723,24.8688],[89.08044,24.87119],[89.0806,24.87323],[89.08482,24.87297],[89.08971,24.87514],[89.08892,24.87756],[89.08245,24.87662],[89.07997,24.88448],[89.07625,24.88413],[89.07557,24.88517],[89.08082,24.89317],[89.08992,24.88763],[89.09268,24.88767],[89.09494,24.89063],[89.09799,24.89139],[89.09717,24.89735],[89.10055,24.90336],[89.0946,24.90412],[89.09367,24.9129],[89.08931,24.91399],[89.08822,24.9238],[89.08474,24.92447],[89.08346,24.92781],[89.08566,24.92927],[89.08406,24.93153],[89.08475,24.93391],[89.08737,24.93433],[89.08993,24.9399],[89.09354,24.941],[89.09542,24.94381],[89.09456,24.94705],[89.09156,24.94669],[89.09113,24.95426],[89.0883,24.95757],[89.08811,24.96069],[89.09757,24.96141],[89.09997,24.96275],[89.10331,24.97088],[89.1087,24.9698],[89.11007,24.966],[89.11399,24.96662],[89.11533,24.96881],[89.11811,24.96799],[89.11899,24.96432],[89.12751,24.96237],[89.12623,24.95696],[89.12195,24.94979],[89.12738,24.94939],[89.13101,24.95119],[89.13686,24.94991],[89.1417,24.95105],[89.14877,24.95013],[89.15439,24.95192],[89.15675,24.95062],[89.17905,24.95302],[89.18289,24.94454],[89.18506,24.94475],[89.18624,24.9422],[89.18923,24.94301],[89.19019,24.94553],[89.18739,24.94551],[89.18691,24.94696],[89.18795,24.95504],[89.18541,24.95761],[89.18713,24.96221],[89.18627,24.96362],[89.18443,24.96334],[89.18349,24.96652],[89.18082,24.96535],[89.18082,24.96974],[89.17778,24.96957],[89.17804,24.97273],[89.18163,24.97274],[89.18112,24.97619],[89.18476,24.97738],[89.18635,24.98267],[89.1916,24.98444],[89.19572,24.98363],[89.19824,24.9854],[89.19523,24.98658],[89.19415,24.98931],[89.19141,24.98971],[89.19214,24.99196],[89.19045,24.99331],[89.19057,24.99541],[89.19596,24.99761],[89.20582,24.99675],[89.20461,25.00021],[89.19754,25.00027],[89.19823,25.00181],[89.20057,25.00164],[89.20606,25.00569],[89.20612,25.00844],[89.20922,25.01089],[89.20917,25.01506],[89.21739,25.01803],[89.21822,25.02154],[89.22048,25.023],[89.21809,25.02419],[89.21373,25.02374],[89.21476,25.02909],[89.22904,25.01848],[89.23047,25.02],[89.23618,25.02044],[89.23621,25.02264],[89.24291,25.02976],[89.24176,25.03693],[89.24449,25.04824],[89.2477,25.05186],[89.25098,25.05196],[89.24644,25.06515],[89.25053,25.06836],[89.25443,25.06773],[89.26014,25.07523],[89.26985,25.08331],[89.27428,25.0855],[89.27956,25.08584],[89.28009,25.08763]]]}},{"type":"Feature","properties":{"ADM2_EN":"Khagrachhari","ADM1_EN":"Chittagong"},"geometry":{"type":"Polygon","coordinates":[[[91.92755,22.68871],[91.93693,22.68759],[91.94529,22.69005],[91.95364,22.68962],[91.96254,22.69104],[91.96664,22.71779],[91.98995,22.71917],[91.99557,22.72134],[92.00141,22.72681],[91.9958,22.74413],[91.97595,22.78643],[91.9746,22.79643],[91.97566,22.81346],[91.97812,22.82865],[91.98066,22.83433],[91.99275,22.83701],[92.00067,22.84235],[92.00592,22.85175],[92.01151,22.87102],[92.01887,22.88401],[92.03016,22.88321],[92.03996,22.88437],[92.04772,22.88878],[92.05377,22.89432],[92.05927,22.90341],[92.06375,22.92385],[92.07007,22.93349],[92.08241,22.94137],[92.11277,22.95457],[92.11831,22.95861],[92.10471,23.0036],[92.07174,23.07269],[92.0804,23.07532],[92.11535,23.08015],[92.13849,23.09554],[92.14115,23.09387],[92.14083,23.08989],[92.14255,23.08926],[92.1511,23.0922],[92.16871,23.09531],[92.18108,23.10195],[92.15471,23.15084],[92.14816,23.17308],[92.1395,23.18805],[92.13393,23.20507],[92.13017,23.22447],[92.12666,23.26527],[92.12507,23.31899],[92.10906,23.32807],[92.07263,23.35231],[92.04839,23.36567],[92.07055,23.38133],[92.09074,23.39798],[92.12019,23.41296],[92.13233,23.42348],[92.13697,23.43043],[92.12406,23.52564],[92.11565,23.55599],[92.09248,23.61136],[92.07379,23.64759],[92.06907,23.64828],[92.06336,23.64511],[92.05763,23.64855],[92.05064,23.64946],[92.04603,23.64683],[92.0403,23.64879],[92.03926,23.65135],[92.03408,23.65361],[92.0296,23.65846],[92.02635,23.65874],[92.02459,23.65737],[92.02214,23.65822],[92.0242,23.66134],[92.02318,23.66298],[92.01987,23.66294],[92.0159,23.65991],[92.01292,23.66363],[92.00842,23.66373],[92.00633,23.67088],[91.99996,23.67133],[91.99914,23.67816],[91.99669,23.67991],[91.99503,23.68749],[91.99383,23.68774],[91.9939,23.69293],[91.98876,23.70118],[91.98892,23.70489],[91.98513,23.71651],[91.98514,23.72304],[91.98402,23.7241],[91.98043,23.72366],[91.97806,23.73334],[91.96714,23.72964],[91.96596,23.73384],[91.95686,23.73417],[91.95705,23.73244],[91.95407,23.73081],[91.95404,23.7264],[91.95037,23.72622],[91.95089,23.72131],[91.95452,23.72122],[91.95386,23.71947],[91.94812,23.71392],[91.94993,23.71097],[91.9494,23.7066],[91.95225,23.70473],[91.95057,23.70199],[91.95196,23.69881],[91.95714,23.6975],[91.95731,23.69398],[91.94104,23.69345],[91.94066,23.68856],[91.9365,23.68805],[91.93395,23.68444],[91.9396,23.67528],[91.93855,23.67337],[91.94198,23.66954],[91.94066,23.66821],[91.94049,23.66042],[91.93913,23.65952],[91.94101,23.65657],[91.93979,23.65534],[91.94334,23.65247],[91.94649,23.64608],[91.94487,23.64352],[91.94681,23.63779],[91.94218,23.63495],[91.94496,23.62893],[91.94682,23.62889],[91.94768,23.62584],[91.9465,23.62301],[91.95173,23.61698],[91.95225,23.61156],[91.95404,23.60977],[91.95337,23.6027],[91.95179,23.60067],[91.95542,23.58995],[91.95408,23.58693],[91.95661,23.58214],[91.95537,23.57563],[91.95862,23.57161],[91.9572,23.56769],[91.95942,23.56408],[91.95648,23.55853],[91.95875,23.5529],[91.95678,23.55132],[91.96451,23.53537],[91.96348,23.53332],[91.95885,23.53237],[91.95623,23.52584],[91.96007,23.51855],[91.96443,23.51893],[91.96319,23.51746],[91.96617,23.51519],[91.96463,23.5128],[91.9677,23.51069],[91.97097,23.50266],[91.96853,23.49936],[91.97263,23.4926],[91.97082,23.49213],[91.96861,23.48766],[91.97023,23.4825],[91.96911,23.4765],[91.96726,23.4781],[91.95819,23.47966],[91.95867,23.47306],[91.95641,23.47588],[91.95472,23.47543],[91.94765,23.46971],[91.94777,23.46678],[91.94558,23.46596],[91.94464,23.46778],[91.94144,23.46616],[91.9366,23.46651],[91.93846,23.46354],[91.93789,23.45922],[91.94086,23.45057],[91.9401,23.44742],[91.94257,23.44063],[91.94273,23.43525],[91.94052,23.43548],[91.93737,23.43252],[91.9342,23.43369],[91.9348,23.43529],[91.93309,23.43602],[91.93125,23.43455],[91.924,23.43376],[91.92176,23.43809],[91.91841,23.43974],[91.91435,23.43712],[91.90932,23.43671],[91.89964,23.44072],[91.89895,23.436],[91.89519,23.43152],[91.89138,23.43368],[91.88735,23.43311],[91.88865,23.42946],[91.88687,23.42698],[91.87638,23.42242],[91.87402,23.41927],[91.87355,23.41419],[91.8672,23.41261],[91.86054,23.40531],[91.8568,23.40529],[91.85474,23.40681],[91.85085,23.40421],[91.84504,23.40477],[91.84529,23.40072],[91.84071,23.39897],[91.84186,23.38848],[91.8362,23.38661],[91.83762,23.37091],[91.83243,23.36991],[91.83157,23.36524],[91.83048,23.36422],[91.82848,23.36626],[91.82556,23.36329],[91.82505,23.35245],[91.8192,23.35123],[91.81797,23.3465],[91.81539,23.3441],[91.81311,23.34598],[91.80947,23.34414],[91.80962,23.34219],[91.80674,23.33995],[91.80819,23.33721],[91.80523,23.3329],[91.79969,23.33308],[91.79335,23.32995],[91.79168,23.32654],[91.78318,23.32448],[91.77935,23.31769],[91.77327,23.31598],[91.77131,23.31166],[91.76992,23.31251],[91.7661,23.30915],[91.76426,23.30937],[91.76515,23.30511],[91.76235,23.3031],[91.76193,23.30007],[91.76345,23.29475],[91.76279,23.29235],[91.76054,23.29139],[91.76194,23.28972],[91.76055,23.28684],[91.76213,23.28506],[91.75978,23.28377],[91.76097,23.28127],[91.76269,23.28111],[91.76131,23.27719],[91.7633,23.27729],[91.76341,23.27454],[91.76585,23.27373],[91.7649,23.27275],[91.76659,23.2716],[91.76849,23.27175],[91.76756,23.27287],[91.76888,23.27334],[91.77187,23.27021],[91.77699,23.26937],[91.7767,23.26358],[91.77528,23.26206],[91.77741,23.25979],[91.77689,23.25752],[91.77488,23.25695],[91.77691,23.25519],[91.77808,23.2566],[91.77972,23.25385],[91.77841,23.25192],[91.78035,23.24712],[91.77606,23.24339],[91.77958,23.23944],[91.78121,23.24156],[91.78043,23.24341],[91.78348,23.24343],[91.78534,23.23917],[91.78418,23.23899],[91.7847,23.23388],[91.78436,23.23229],[91.78832,23.22885],[91.78765,23.22773],[91.79102,23.22694],[91.78979,23.2252],[91.79112,23.22579],[91.79163,23.22361],[91.79015,23.22139],[91.79185,23.21828],[91.78833,23.2169],[91.78783,23.21529],[91.79155,23.21253],[91.79113,23.20954],[91.79257,23.20942],[91.79157,23.20779],[91.78852,23.20792],[91.78884,23.2045],[91.79883,23.19372],[91.79819,23.18951],[91.79457,23.18686],[91.79669,23.18675],[91.79744,23.18419],[91.80085,23.18402],[91.80619,23.17926],[91.80312,23.17699],[91.80411,23.1746],[91.80507,23.17586],[91.80667,23.17536],[91.80503,23.17428],[91.80689,23.1719],[91.80569,23.17232],[91.80624,23.17042],[91.80463,23.16836],[91.81,23.16522],[91.80686,23.16256],[91.80603,23.15745],[91.81048,23.15372],[91.81003,23.15037],[91.81416,23.14529],[91.81303,23.14384],[91.81099,23.14474],[91.80811,23.13918],[91.8092,23.13652],[91.80803,23.13579],[91.81034,23.13382],[91.81102,23.13707],[91.81165,23.13424],[91.81464,23.13359],[91.81473,23.13158],[91.81229,23.13085],[91.81382,23.12896],[91.81147,23.12521],[91.81257,23.12276],[91.81085,23.12187],[91.8129,23.11929],[91.81557,23.11919],[91.81802,23.11215],[91.81627,23.11021],[91.81775,23.10845],[91.81753,23.10211],[91.81337,23.09935],[91.82065,23.09748],[91.82093,23.09987],[91.82502,23.09906],[91.83112,23.09687],[91.83204,23.09486],[91.83368,23.09561],[91.83574,23.09319],[91.833,23.09269],[91.83341,23.09112],[91.83153,23.09109],[91.83132,23.08989],[91.82924,23.0917],[91.8279,23.08888],[91.8227,23.08674],[91.82436,23.08376],[91.81974,23.07998],[91.81821,23.08314],[91.81469,23.08072],[91.81721,23.0791],[91.81781,23.07595],[91.81584,23.07481],[91.81833,23.07295],[91.81595,23.072],[91.81311,23.07365],[91.81242,23.07227],[91.81378,23.07073],[91.81151,23.06965],[91.81232,23.06643],[91.80593,23.06711],[91.80598,23.06316],[91.7991,23.0651],[91.79401,23.06243],[91.79352,23.06501],[91.79572,23.06749],[91.79366,23.06918],[91.78976,23.06887],[91.78953,23.0718],[91.78803,23.07004],[91.78889,23.06735],[91.78585,23.0685],[91.78474,23.07162],[91.77446,23.06972],[91.77341,23.06675],[91.77906,23.06085],[91.77914,23.0579],[91.77717,23.05648],[91.7824,23.04859],[91.78191,23.04496],[91.78353,23.04147],[91.78392,23.03746],[91.78195,23.03428],[91.77888,23.03665],[91.78051,23.02922],[91.77424,23.02725],[91.77278,23.03225],[91.77436,23.03864],[91.77146,23.04145],[91.76849,23.04111],[91.76769,23.03957],[91.77186,23.0332],[91.76814,23.0344],[91.76103,23.02999],[91.76141,23.02635],[91.75331,23.02223],[91.7453,23.01118],[91.74384,23.00659],[91.72614,22.99915],[91.72053,22.98755],[91.71697,22.98679],[91.71311,22.98869],[91.71188,22.98639],[91.71527,22.98368],[91.71813,22.96727],[91.72333,22.95758],[91.72847,22.95594],[91.72635,22.95324],[91.72583,22.94818],[91.72773,22.94542],[91.72575,22.94215],[91.72976,22.94172],[91.73064,22.94022],[91.72572,22.93837],[91.72699,22.93701],[91.72494,22.93474],[91.72225,22.92356],[91.7232,22.92005],[91.72089,22.9144],[91.72323,22.90981],[91.72284,22.90619],[91.72523,22.90682],[91.71752,22.89378],[91.71642,22.88694],[91.71867,22.88313],[91.72119,22.8826],[91.72664,22.87788],[91.7293,22.87775],[91.72808,22.87303],[91.73356,22.87101],[91.73726,22.87307],[91.74005,22.87158],[91.74516,22.87215],[91.74843,22.86601],[91.75475,22.86209],[91.75691,22.85341],[91.75531,22.85037],[91.7554,22.8436],[91.75956,22.83924],[91.76112,22.83462],[91.76524,22.83181],[91.76349,22.82815],[91.76584,22.81651],[91.7685,22.8158],[91.76881,22.81127],[91.77229,22.8073],[91.77549,22.79401],[91.78315,22.78547],[91.78728,22.78517],[91.79023,22.78328],[91.78839,22.77791],[91.79399,22.77382],[91.79288,22.76882],[91.79466,22.76839],[91.79803,22.77204],[91.79741,22.77776],[91.80038,22.77974],[91.80311,22.77957],[91.80389,22.7859],[91.80657,22.79108],[91.81202,22.79329],[91.81849,22.79284],[91.8223,22.7896],[91.83475,22.79032],[91.83418,22.78756],[91.83057,22.78441],[91.83031,22.77774],[91.83263,22.77558],[91.83584,22.77692],[91.83773,22.78221],[91.83883,22.77906],[91.84181,22.77832],[91.84604,22.7732],[91.85226,22.76986],[91.85104,22.77385],[91.85362,22.77486],[91.85476,22.77826],[91.85681,22.77771],[91.85683,22.77303],[91.86025,22.76946],[91.85474,22.76216],[91.85645,22.75699],[91.86877,22.76289],[91.8749,22.76761],[91.87641,22.76661],[91.87866,22.76818],[91.88206,22.76605],[91.88695,22.76583],[91.88918,22.76329],[91.88801,22.75937],[91.88933,22.75644],[91.89386,22.75486],[91.89538,22.75254],[91.89377,22.74975],[91.89111,22.75009],[91.88752,22.75376],[91.88476,22.75353],[91.8836,22.75166],[91.87677,22.71777],[91.8833,22.69724],[91.88449,22.69628],[91.89111,22.69731],[91.89774,22.69233],[91.90354,22.69437],[91.90896,22.69927],[91.91331,22.69641],[91.9212,22.70027],[91.92788,22.69553],[91.9288,22.6919],[91.92755,22.68871]]]}},{"type":"Feature","properties":{"ADM2_EN":"Khulna","ADM1_EN":"Khulna"},"geometry":{"type":"MultiPolygon","coordinates":[[[[89.34011,21.69628],[89.34598,21.69941],[89.3489,21.70402],[89.34209,21.71129],[89.33867,21.71773],[89.33675,21.71832],[89.33035,21.70139],[89.33429,21.69661],[89.34011,21.69628]]],[[[89.3842,21.87287],[89.38425,21.8775],[89.38157,21.87774],[89.37876,21.8695],[89.36473,21.84698],[89.36257,21.83153],[89.35176,21.8153],[89.34845,21.80563],[89.35057,21.80061],[89.35489,21.7969],[89.35398,21.79403],[89.35529,21.79265],[89.35521,21.78844],[89.35654,21.78778],[89.35805,21.77727],[89.35719,21.77406],[89.35842,21.77378],[89.35818,21.76407],[89.36083,21.7551],[89.36553,21.75553],[89.37947,21.76454],[89.38179,21.77177],[89.38696,21.78001],[89.38605,21.78929],[89.39468,21.79831],[89.38631,21.78864],[89.38802,21.78061],[89.3799,21.76256],[89.36625,21.75467],[89.36118,21.75373],[89.36007,21.75179],[89.36554,21.74287],[89.36892,21.74145],[89.37173,21.74347],[89.3741,21.73406],[89.37718,21.73134],[89.38349,21.72711],[89.38707,21.72713],[89.39249,21.72279],[89.39787,21.72148],[89.40513,21.72241],[89.40892,21.72668],[89.40975,21.72453],[89.41435,21.72579],[89.42641,21.73597],[89.42495,21.74353],[89.41147,21.75045],[89.40648,21.7555],[89.42651,21.74418],[89.4333,21.74627],[89.43815,21.75002],[89.44475,21.75773],[89.44716,21.76807],[89.45176,21.76483],[89.45482,21.7659],[89.47275,21.78952],[89.47402,21.79345],[89.47213,21.7999],[89.47333,21.80779],[89.46871,21.81571],[89.46373,21.81819],[89.45552,21.81728],[89.44705,21.81081],[89.43669,21.80776],[89.43214,21.81059],[89.43103,21.8177],[89.42244,21.81523],[89.41534,21.81648],[89.41598,21.81925],[89.41673,21.81667],[89.42121,21.81584],[89.43134,21.8192],[89.43336,21.81752],[89.43259,21.81174],[89.43615,21.8088],[89.44322,21.81125],[89.45541,21.81829],[89.46355,21.81885],[89.45737,21.83001],[89.45931,21.83169],[89.45659,21.83374],[89.45766,21.83489],[89.45602,21.84191],[89.44845,21.84753],[89.42353,21.84601],[89.41441,21.84876],[89.4062,21.84796],[89.40113,21.85004],[89.39317,21.85784],[89.39066,21.86285],[89.39182,21.86566],[89.39753,21.8684],[89.39592,21.87423],[89.3867,21.87157],[89.38458,21.87142],[89.3842,21.87287]]],[[[89.3358,21.78955],[89.33708,21.79428],[89.33627,21.80236],[89.33426,21.80546],[89.33733,21.81706],[89.35025,21.83432],[89.35711,21.86456],[89.3656,21.87693],[89.36404,21.88362],[89.35678,21.88038],[89.33347,21.86437],[89.32565,21.86052],[89.3145,21.85758],[89.31096,21.85271],[89.30933,21.84143],[89.31284,21.83581],[89.31422,21.82806],[89.32001,21.81986],[89.33277,21.79078],[89.3358,21.78955]]],[[[89.32177,21.86153],[89.33866,21.8691],[89.35556,21.88102],[89.35739,21.88366],[89.33353,21.87587],[89.31864,21.8629],[89.32177,21.86153]]],[[[89.40363,21.92172],[89.40821,21.92817],[89.40779,21.92985],[89.39603,21.92751],[89.38954,21.92222],[89.38571,21.92141],[89.3814,21.92244],[89.38532,21.90409],[89.38445,21.88822],[89.38199,21.879],[89.38597,21.87868],[89.38657,21.87337],[89.3948,21.87538],[89.39714,21.8738],[89.3985,21.8688],[89.39756,21.86705],[89.3919,21.86443],[89.39177,21.86209],[89.40357,21.85019],[89.41236,21.85019],[89.42346,21.84785],[89.41835,21.85613],[89.42022,21.86268],[89.42395,21.86518],[89.4456,21.86903],[89.44969,21.87168],[89.45014,21.87421],[89.4282,21.88485],[89.42023,21.8907],[89.41144,21.90395],[89.40253,21.91411],[89.40363,21.92172]]],[[[89.41545,21.98614],[89.41056,21.98689],[89.40392,21.98378],[89.40102,21.98076],[89.40363,21.97016],[89.40212,21.96431],[89.39177,21.95927],[89.38848,21.95907],[89.3808,21.96405],[89.37563,21.95731],[89.37459,21.95298],[89.39693,21.94475],[89.4,21.93923],[89.38921,21.93206],[89.39385,21.9286],[89.40152,21.93205],[89.40843,21.93115],[89.40887,21.9265],[89.40322,21.91782],[89.40337,21.91593],[89.41348,21.90522],[89.41979,21.89361],[89.42446,21.88995],[89.44769,21.87855],[89.45144,21.8746],[89.45074,21.87096],[89.44573,21.86736],[89.43867,21.8649],[89.42183,21.86226],[89.42105,21.85418],[89.42224,21.85084],[89.42842,21.84933],[89.45642,21.85239],[89.45973,21.85589],[89.46007,21.86029],[89.46151,21.86039],[89.46177,21.85795],[89.46352,21.85681],[89.46685,21.85644],[89.46772,21.85754],[89.46798,21.86265],[89.46524,21.87484],[89.4661,21.87967],[89.4643,21.88043],[89.4645,21.88215],[89.46706,21.8833],[89.46747,21.88909],[89.47153,21.88494],[89.46987,21.88996],[89.47174,21.89928],[89.4683,21.89985],[89.47131,21.90244],[89.45452,21.90195],[89.4499,21.90394],[89.44614,21.90794],[89.44502,21.91406],[89.44669,21.91937],[89.45691,21.93422],[89.43866,21.9409],[89.43101,21.94642],[89.42763,21.95071],[89.42391,21.95978],[89.41832,21.96526],[89.41692,21.96994],[89.41815,21.97563],[89.42447,21.9846],[89.42252,21.98617],[89.41545,21.98614]]],[[[89.48897,21.99797],[89.4877,22.00801],[89.47347,22.02922],[89.47116,22.04631],[89.46192,22.04757],[89.45429,22.05062],[89.44226,22.0624],[89.43311,22.0526],[89.43048,22.04303],[89.43876,21.99006],[89.43364,21.98206],[89.42334,21.9749],[89.42193,21.97016],[89.43756,21.95004],[89.4556,21.94399],[89.46079,21.9387],[89.46204,21.92785],[89.45284,21.91539],[89.45173,21.91113],[89.45378,21.90894],[89.45883,21.90824],[89.46625,21.91036],[89.47796,21.91064],[89.48627,21.90866],[89.49348,21.91203],[89.49858,21.91032],[89.50293,21.91225],[89.50435,21.91498],[89.50843,21.92904],[89.49955,21.92773],[89.48687,21.93338],[89.47698,21.93425],[89.46886,21.94149],[89.47325,21.94723],[89.47269,21.94844],[89.45951,21.94813],[89.45564,21.94965],[89.46052,21.95693],[89.46769,21.96158],[89.46417,21.966],[89.46875,21.96123],[89.46247,21.95732],[89.45689,21.94982],[89.47394,21.94897],[89.47385,21.94629],[89.47061,21.94115],[89.47644,21.93731],[89.48363,21.94115],[89.48232,21.94647],[89.48422,21.95496],[89.48199,21.9582],[89.48612,21.95254],[89.48427,21.94795],[89.4849,21.94132],[89.47718,21.93535],[89.48794,21.93462],[89.50133,21.92921],[89.50749,21.9344],[89.50988,21.93918],[89.50988,21.94669],[89.50839,21.95696],[89.50601,21.96217],[89.50314,21.96638],[89.47346,21.9872],[89.46536,21.99639],[89.50204,21.96861],[89.49297,21.98426],[89.48897,21.99797]]],[[[89.39016,22.05571],[89.38363,22.06083],[89.37663,22.06347],[89.36771,22.04653],[89.35366,22.03224],[89.35594,22.00473],[89.36048,21.99328],[89.36369,21.97758],[89.36428,21.97056],[89.36259,21.95965],[89.38148,21.92932],[89.38273,21.92436],[89.38553,21.92327],[89.39142,21.92684],[89.38781,21.93047],[89.38897,21.93474],[89.3967,21.93801],[89.39797,21.94011],[89.3929,21.94409],[89.37552,21.94985],[89.37226,21.95342],[89.37275,21.95592],[89.37979,21.96532],[89.38388,21.96471],[89.38999,21.96044],[89.39222,21.96095],[89.4001,21.96452],[89.40233,21.97079],[89.40003,21.97945],[89.3947,21.98188],[89.39194,21.98546],[89.39288,21.99533],[89.38808,21.99653],[89.38418,21.99944],[89.3847,22.00585],[89.3852,22.00003],[89.39485,21.99496],[89.39546,21.99271],[89.39301,21.98805],[89.39555,21.9841],[89.39908,21.98248],[89.40566,21.98724],[89.41134,21.98927],[89.41512,21.99348],[89.41001,21.99923],[89.40963,22.00323],[89.41942,22.01676],[89.41612,22.01792],[89.40834,22.01591],[89.40878,22.01716],[89.41758,22.01908],[89.4205,22.01776],[89.42053,22.01559],[89.41087,22.00341],[89.41589,21.99415],[89.41449,21.9905],[89.41192,21.98863],[89.42351,21.98775],[89.42721,21.98571],[89.43276,21.98883],[89.42733,22.01477],[89.42734,22.02651],[89.416,22.03598],[89.4117,22.04625],[89.40184,22.0545],[89.39016,22.05571]]],[[[89.49581,22.03014],[89.50998,22.0476],[89.51696,22.05988],[89.52007,22.07273],[89.51538,22.07987],[89.51229,22.07199],[89.50039,22.06207],[89.47873,22.0503],[89.47871,22.0448],[89.48083,22.04069],[89.49238,22.03037],[89.49581,22.03014]]],[[[89.47301,22.04884],[89.48359,22.0578],[89.51193,22.07675],[89.51371,22.07871],[89.51288,22.08064],[89.50457,22.0867],[89.48921,22.09064],[89.48656,22.08691],[89.47266,22.07741],[89.4591,22.07255],[89.4512,22.07122],[89.44422,22.06414],[89.44827,22.05789],[89.45387,22.05272],[89.46118,22.04937],[89.47301,22.04884]]],[[[89.30728,22.10713],[89.28692,22.10989],[89.27734,22.11309],[89.27037,22.09763],[89.26255,22.08999],[89.26832,22.0907],[89.28844,22.09922],[89.29451,22.09975],[89.2991,22.09853],[89.3048,22.09478],[89.30735,22.09118],[89.3086,22.08529],[89.30699,22.07699],[89.32818,22.06035],[89.33747,22.05723],[89.34194,22.05801],[89.34315,22.05946],[89.34209,22.0629],[89.32319,22.08543],[89.31823,22.10525],[89.30728,22.10713]]],[[[89.50664,22.09226],[89.50115,22.10401],[89.4988,22.12074],[89.49573,22.13063],[89.48278,22.14415],[89.47363,22.14135],[89.47061,22.13591],[89.47183,22.1219],[89.48533,22.09714],[89.48944,22.09339],[89.50925,22.08765],[89.50664,22.09226]]],[[[89.44311,22.15988],[89.43503,22.1632],[89.42547,22.15964],[89.41717,22.15893],[89.40815,22.14943],[89.41162,22.13723],[89.40831,22.12746],[89.40424,22.12448],[89.38734,22.11973],[89.38345,22.11616],[89.38386,22.10115],[89.39093,22.09249],[89.39179,22.08436],[89.38927,22.07692],[89.37719,22.06613],[89.39104,22.05669],[89.40335,22.05498],[89.40877,22.05109],[89.41262,22.04707],[89.41765,22.03636],[89.42749,22.02891],[89.42607,22.04557],[89.42784,22.05329],[89.43352,22.06096],[89.44718,22.07233],[89.44856,22.07499],[89.43808,22.08586],[89.43553,22.09381],[89.42984,22.09756],[89.41773,22.10101],[89.41319,22.11066],[89.41342,22.1148],[89.42375,22.11835],[89.42395,22.12874],[89.42997,22.13909],[89.4321,22.14049],[89.42476,22.1282],[89.42559,22.12198],[89.42422,22.1174],[89.41465,22.11462],[89.41656,22.10486],[89.41889,22.10149],[89.43038,22.09865],[89.43796,22.09395],[89.43982,22.08758],[89.4504,22.07581],[89.46697,22.07959],[89.48176,22.08678],[89.48539,22.08994],[89.47402,22.10088],[89.45889,22.12064],[89.45824,22.12779],[89.46281,22.1431],[89.45384,22.14896],[89.44311,22.15988]]],[[[89.33342,22.12442],[89.32697,22.12796],[89.32545,22.13302],[89.32721,22.14083],[89.33728,22.15155],[89.3347,22.16086],[89.33361,22.17455],[89.33182,22.18177],[89.32322,22.18445],[89.31952,22.17642],[89.31167,22.16671],[89.30487,22.16105],[89.29211,22.15363],[89.28944,22.15054],[89.28426,22.1314],[89.27883,22.12142],[89.27819,22.11733],[89.28063,22.11472],[89.31834,22.10846],[89.3225,22.10329],[89.32733,22.08496],[89.33783,22.07386],[89.34455,22.06435],[89.34433,22.05676],[89.34063,22.05489],[89.33306,22.05463],[89.31916,22.0612],[89.30439,22.07211],[89.29675,22.0679],[89.28953,22.06152],[89.31302,22.02049],[89.32502,21.99284],[89.34114,21.97608],[89.34705,21.97223],[89.34956,21.9831],[89.34582,22.00184],[89.34595,22.0094],[89.34197,22.01902],[89.34274,22.03148],[89.34729,22.03991],[89.36281,22.05207],[89.36545,22.06306],[89.37264,22.07422],[89.38236,22.08417],[89.38459,22.09033],[89.38244,22.09244],[89.36977,22.09546],[89.36405,22.09989],[89.36014,22.10797],[89.34856,22.11308],[89.346,22.12018],[89.34929,22.13217],[89.34534,22.13105],[89.33764,22.1249],[89.33342,22.12442]]],[[[89.45747,22.22391],[89.46143,22.24343],[89.46,22.24602],[89.4579,22.24657],[89.43615,22.23571],[89.41838,22.23161],[89.41965,22.22602],[89.41408,22.22377],[89.41075,22.2193],[89.40695,22.21933],[89.40156,22.22192],[89.39452,22.22047],[89.40402,22.21356],[89.40592,22.21027],[89.40434,22.20681],[89.39421,22.20135],[89.40291,22.20053],[89.41254,22.19752],[89.41625,22.19369],[89.41791,22.18333],[89.42915,22.17451],[89.4331,22.16636],[89.44377,22.16496],[89.45372,22.15289],[89.4622,22.14823],[89.46349,22.15256],[89.45749,22.15422],[89.45497,22.16062],[89.44594,22.1659],[89.44121,22.17103],[89.44243,22.17518],[89.43553,22.18023],[89.43427,22.18321],[89.43674,22.18491],[89.437,22.18705],[89.43845,22.18516],[89.43574,22.18192],[89.44367,22.17571],[89.44242,22.17075],[89.45575,22.16141],[89.45689,22.15648],[89.459,22.15492],[89.46388,22.15352],[89.46587,22.15787],[89.47123,22.1615],[89.47166,22.16767],[89.45911,22.19667],[89.45659,22.21512],[89.45747,22.22391]]],[[[89.45741,22.25153],[89.46219,22.25298],[89.47678,22.26732],[89.4789,22.27254],[89.46523,22.29147],[89.44876,22.32313],[89.44123,22.33152],[89.4227,22.34664],[89.4221,22.34259],[89.42618,22.33191],[89.42561,22.32708],[89.40975,22.30432],[89.43007,22.28963],[89.43395,22.27856],[89.43215,22.27273],[89.41909,22.25593],[89.41476,22.2382],[89.41979,22.23647],[89.4249,22.23804],[89.43921,22.24514],[89.44443,22.24918],[89.44456,22.25097],[89.44632,22.24977],[89.45741,22.25153]]],[[[89.74916,22.96391],[89.74411,22.96379],[89.74171,22.96512],[89.73618,22.96964],[89.73646,22.97317],[89.72967,22.97069],[89.7229,22.97336],[89.70977,22.97127],[89.70288,22.97435],[89.68932,22.97673],[89.68241,22.97505],[89.68187,22.96943],[89.67621,22.96753],[89.67551,22.97036],[89.66948,22.97719],[89.66361,22.97664],[89.65179,22.98349],[89.6479,22.97902],[89.65133,22.97429],[89.64988,22.96853],[89.62844,22.96142],[89.62585,22.96247],[89.62346,22.97038],[89.6211,22.96438],[89.61591,22.9635],[89.61127,22.95553],[89.60591,22.95738],[89.59397,22.97132],[89.58475,22.97758],[89.58693,22.98545],[89.56677,22.99154],[89.56345,22.98972],[89.56055,22.98385],[89.5628,22.97073],[89.55685,22.96573],[89.55622,22.96269],[89.5442,22.95107],[89.53593,22.94676],[89.52882,22.94604],[89.52268,22.94309],[89.52044,22.93947],[89.51878,22.93021],[89.51374,22.92755],[89.49215,22.94274],[89.48268,22.95274],[89.48187,22.96752],[89.47757,22.97751],[89.46455,22.99464],[89.46023,23.00773],[89.45661,23.00985],[89.4521,23.01018],[89.43881,23.00778],[89.4372,23.00132],[89.43408,22.9967],[89.43001,22.99465],[89.43036,22.97603],[89.42773,22.9696],[89.42708,22.96203],[89.40633,22.95683],[89.40079,22.94428],[89.39503,22.94286],[89.39205,22.93899],[89.39565,22.93349],[89.38495,22.93184],[89.37267,22.93482],[89.366,22.93172],[89.36383,22.92819],[89.36357,22.92399],[89.341,22.92028],[89.33937,22.90952],[89.34609,22.90801],[89.34757,22.90245],[89.35224,22.89462],[89.35104,22.88913],[89.35599,22.88474],[89.35526,22.87643],[89.35231,22.8736],[89.34705,22.87449],[89.34485,22.86787],[89.3574,22.86294],[89.35676,22.85719],[89.35059,22.8534],[89.35298,22.84872],[89.35134,22.84392],[89.35152,22.83944],[89.35345,22.83697],[89.35273,22.83462],[89.348,22.83074],[89.32855,22.82731],[89.32235,22.82779],[89.32187,22.83026],[89.32919,22.83216],[89.32891,22.83791],[89.29628,22.8428],[89.29594,22.84665],[89.30439,22.84755],[89.30964,22.85241],[89.29666,22.85391],[89.29222,22.86072],[89.28861,22.86221],[89.28512,22.84953],[89.27658,22.85316],[89.27337,22.85069],[89.26688,22.85161],[89.26708,22.84651],[89.26875,22.84446],[89.26669,22.84126],[89.25848,22.8442],[89.25526,22.848],[89.25408,22.84638],[89.25106,22.84591],[89.24949,22.84143],[89.2474,22.83988],[89.24674,22.83564],[89.25304,22.83697],[89.25636,22.83134],[89.25354,22.82781],[89.25196,22.82113],[89.24561,22.81635],[89.24804,22.81144],[89.25513,22.80936],[89.2575,22.81245],[89.26499,22.81317],[89.26494,22.80758],[89.26738,22.80601],[89.26762,22.80369],[89.26529,22.79651],[89.27079,22.79064],[89.28382,22.79085],[89.28979,22.79484],[89.29236,22.7898],[89.2987,22.78795],[89.29682,22.7851],[89.29909,22.78144],[89.29888,22.77201],[89.30755,22.76584],[89.31014,22.76221],[89.31064,22.75016],[89.31854,22.74249],[89.32162,22.7419],[89.32539,22.73373],[89.33167,22.72884],[89.32592,22.71856],[89.32635,22.71723],[89.32949,22.7177],[89.3295,22.71601],[89.32283,22.71547],[89.32134,22.71348],[89.3115,22.7155],[89.31085,22.7177],[89.30565,22.71369],[89.30621,22.70583],[89.30448,22.70392],[89.30866,22.69903],[89.30953,22.69503],[89.30587,22.68614],[89.30058,22.68297],[89.28645,22.6971],[89.28251,22.69817],[89.27602,22.69636],[89.27108,22.69841],[89.26616,22.70372],[89.26306,22.71681],[89.26128,22.71818],[89.25987,22.71746],[89.25956,22.69432],[89.26346,22.68222],[89.2623,22.66885],[89.27846,22.65966],[89.29076,22.65609],[89.3017,22.64695],[89.28072,22.63567],[89.27635,22.63139],[89.27713,22.62889],[89.29052,22.62411],[89.28981,22.62211],[89.28622,22.62073],[89.27171,22.62577],[89.26395,22.63162],[89.2631,22.63497],[89.26595,22.6446],[89.26439,22.65161],[89.25956,22.65824],[89.2537,22.65906],[89.25094,22.65711],[89.2499,22.6472],[89.24318,22.63777],[89.24659,22.63323],[89.25741,22.62591],[89.25995,22.62129],[89.25752,22.61894],[89.24512,22.61808],[89.24322,22.61036],[89.2452,22.60862],[89.25406,22.60783],[89.26194,22.60459],[89.26497,22.60069],[89.26492,22.59509],[89.26181,22.57904],[89.25875,22.57255],[89.25577,22.57038],[89.24564,22.56934],[89.24205,22.56773],[89.23417,22.55212],[89.23675,22.54407],[89.24824,22.52997],[89.25145,22.50707],[89.25581,22.49594],[89.26189,22.49023],[89.28233,22.48004],[89.28512,22.4773],[89.28423,22.47506],[89.28048,22.47286],[89.25842,22.46679],[89.25519,22.46313],[89.25887,22.45559],[89.25854,22.45235],[89.25599,22.45047],[89.24746,22.45025],[89.24465,22.44635],[89.24129,22.43733],[89.2408,22.42831],[89.2447,22.41818],[89.25314,22.406],[89.25493,22.40024],[89.25383,22.39374],[89.24211,22.37943],[89.24018,22.37424],[89.24253,22.37078],[89.24588,22.36979],[89.25572,22.37325],[89.26167,22.37819],[89.26392,22.378],[89.2651,22.37593],[89.27298,22.34611],[89.26778,22.34243],[89.25352,22.34568],[89.25134,22.34447],[89.25102,22.3394],[89.26065,22.32485],[89.27565,22.30979],[89.28084,22.2882],[89.28711,22.2862],[89.30842,22.28718],[89.31268,22.28587],[89.31438,22.28366],[89.31235,22.27574],[89.29534,22.26131],[89.292,22.25661],[89.29694,22.2469],[89.31138,22.2316],[89.31085,22.22866],[89.30275,22.21664],[89.30569,22.21446],[89.31323,22.21002],[89.31882,22.21109],[89.33005,22.20061],[89.33083,22.20155],[89.32668,22.21185],[89.3282,22.21452],[89.33191,22.2166],[89.33173,22.21175],[89.3354,22.20336],[89.33484,22.19893],[89.32499,22.19545],[89.3245,22.19032],[89.33338,22.18531],[89.33717,22.17944],[89.34069,22.15325],[89.33965,22.14724],[89.32998,22.13599],[89.33221,22.12983],[89.33559,22.12804],[89.34409,22.13608],[89.35169,22.13637],[89.35451,22.13242],[89.35484,22.12932],[89.35082,22.11841],[89.3645,22.10979],[89.36974,22.09982],[89.37993,22.10047],[89.38079,22.10821],[89.37958,22.11617],[89.38204,22.12044],[89.38668,22.12359],[89.40524,22.13028],[89.391,22.13552],[89.37656,22.13813],[89.37623,22.14009],[89.38403,22.15712],[89.37039,22.15934],[89.36877,22.16237],[89.38257,22.18092],[89.37609,22.18423],[89.36489,22.18156],[89.35783,22.18164],[89.35629,22.18425],[89.3601,22.19081],[89.35839,22.18591],[89.35925,22.18227],[89.37409,22.18504],[89.38033,22.18374],[89.38365,22.18156],[89.37029,22.1623],[89.37127,22.16013],[89.38567,22.15734],[89.3783,22.13992],[89.37897,22.13834],[89.38837,22.138],[89.40641,22.13392],[89.40849,22.14047],[89.40586,22.14713],[89.40618,22.15215],[89.41578,22.16154],[89.42443,22.16232],[89.42772,22.16392],[89.429,22.16651],[89.42451,22.17403],[89.41429,22.1844],[89.41059,22.19536],[89.40132,22.19837],[89.38778,22.19855],[89.38512,22.20036],[89.38369,22.20694],[89.37913,22.2112],[89.37545,22.21304],[89.37075,22.21283],[89.36648,22.20975],[89.36761,22.21316],[89.36525,22.21479],[89.37583,22.21359],[89.38034,22.2117],[89.38516,22.20691],[89.386,22.20093],[89.3888,22.19929],[89.39044,22.19976],[89.39134,22.20326],[89.40218,22.209],[89.40097,22.21276],[89.39202,22.22037],[89.39338,22.22268],[89.40097,22.22372],[89.40275,22.22743],[89.39741,22.22458],[89.39488,22.22577],[89.3939,22.22809],[89.39579,22.23309],[89.39512,22.23613],[89.38952,22.24205],[89.39441,22.24071],[89.39648,22.23591],[89.39504,22.22817],[89.3963,22.22594],[89.39889,22.22611],[89.40277,22.22891],[89.40288,22.22358],[89.40996,22.22003],[89.41341,22.22463],[89.41905,22.22672],[89.41687,22.23144],[89.41157,22.23537],[89.40894,22.24138],[89.40858,22.24782],[89.412,22.25842],[89.39413,22.26198],[89.3852,22.26894],[89.38119,22.25967],[89.37841,22.25741],[89.37538,22.2591],[89.371,22.26775],[89.36918,22.26867],[89.36408,22.2658],[89.36121,22.26932],[89.35106,22.2627],[89.34635,22.26201],[89.34605,22.26351],[89.35109,22.26416],[89.36003,22.27052],[89.36184,22.27056],[89.36402,22.26818],[89.37022,22.26956],[89.37257,22.26875],[89.3747,22.26224],[89.37824,22.25863],[89.38094,22.26176],[89.38398,22.2704],[89.39358,22.26301],[89.41414,22.25922],[89.41735,22.26482],[89.42398,22.27057],[89.42581,22.27489],[89.41677,22.27339],[89.40872,22.2776],[89.40723,22.27264],[89.40547,22.27153],[89.40404,22.27187],[89.40101,22.27838],[89.39476,22.27525],[89.39276,22.27767],[89.39022,22.29091],[89.39402,22.2825],[89.39425,22.27661],[89.40237,22.27933],[89.40532,22.27304],[89.4074,22.27859],[89.41773,22.2746],[89.42188,22.27518],[89.42666,22.27738],[89.42696,22.28239],[89.42418,22.2863],[89.4128,22.29221],[89.41085,22.29196],[89.40938,22.289],[89.40713,22.28873],[89.40389,22.29005],[89.40233,22.2934],[89.39506,22.29689],[89.3833,22.29661],[89.38191,22.30215],[89.37639,22.30438],[89.37672,22.3147],[89.36969,22.31528],[89.36183,22.32147],[89.36182,22.32536],[89.36576,22.31933],[89.37872,22.31577],[89.37766,22.30552],[89.38344,22.3026],[89.3846,22.29714],[89.39548,22.29781],[89.40249,22.29458],[89.40662,22.28964],[89.4111,22.29384],[89.41916,22.29063],[89.40968,22.29796],[89.4059,22.30584],[89.40688,22.31098],[89.41619,22.32126],[89.39638,22.33378],[89.39592,22.3387],[89.40013,22.34767],[89.38674,22.34747],[89.38206,22.35062],[89.38061,22.35623],[89.38256,22.37229],[89.36749,22.37145],[89.36245,22.37357],[89.36183,22.37735],[89.36697,22.38744],[89.36514,22.39275],[89.36645,22.3928],[89.3688,22.38886],[89.36882,22.38478],[89.36474,22.37456],[89.37588,22.37526],[89.38434,22.3734],[89.38492,22.36704],[89.3829,22.35488],[89.38408,22.35065],[89.40063,22.3501],[89.40268,22.34501],[89.39879,22.3382],[89.3987,22.33426],[89.42079,22.32421],[89.42355,22.32685],[89.42419,22.33151],[89.41994,22.34229],[89.42273,22.3502],[89.40848,22.36502],[89.4088,22.37728],[89.39971,22.38846],[89.39938,22.39278],[89.39669,22.39286],[89.38819,22.39866],[89.39534,22.39415],[89.40078,22.39311],[89.40273,22.38655],[89.40572,22.38196],[89.40922,22.37967],[89.41024,22.37666],[89.40903,22.36641],[89.41662,22.35755],[89.42253,22.35421],[89.42601,22.36785],[89.43876,22.38594],[89.42787,22.3995],[89.42448,22.41154],[89.43444,22.41366],[89.43501,22.41055],[89.44278,22.40478],[89.44578,22.40381],[89.4485,22.40627],[89.44854,22.38736],[89.44656,22.37411],[89.44242,22.36666],[89.43361,22.35712],[89.46269,22.32301],[89.47045,22.31264],[89.47364,22.30529],[89.48099,22.31034],[89.48058,22.31679],[89.47548,22.322],[89.46373,22.32919],[89.45715,22.33535],[89.45626,22.33863],[89.45797,22.34301],[89.46361,22.34428],[89.48383,22.33841],[89.48608,22.33932],[89.48508,22.35799],[89.48887,22.3703],[89.47453,22.36947],[89.46811,22.37191],[89.46826,22.37571],[89.47651,22.38257],[89.46587,22.38557],[89.46392,22.39953],[89.46555,22.40046],[89.47217,22.39883],[89.47446,22.40306],[89.46305,22.40534],[89.46399,22.40624],[89.47776,22.404],[89.4752,22.40332],[89.47254,22.39793],[89.46517,22.39922],[89.46687,22.38612],[89.47679,22.38433],[89.4776,22.38263],[89.46895,22.37309],[89.47485,22.37036],[89.48571,22.3719],[89.48992,22.37109],[89.48627,22.35353],[89.48712,22.34113],[89.48872,22.33957],[89.49716,22.34438],[89.48638,22.33684],[89.48393,22.33672],[89.47548,22.34008],[89.46117,22.3427],[89.45997,22.34235],[89.4604,22.33393],[89.47667,22.32312],[89.48259,22.31743],[89.48305,22.31124],[89.47578,22.30322],[89.47628,22.29943],[89.49019,22.28084],[89.49256,22.26643],[89.49516,22.27491],[89.49579,22.28839],[89.49502,22.29064],[89.48634,22.29737],[89.48483,22.30118],[89.48582,22.30355],[89.49215,22.30705],[89.49719,22.2986],[89.50113,22.29698],[89.51035,22.29824],[89.51644,22.30219],[89.50933,22.2967],[89.50159,22.29601],[89.49703,22.2972],[89.49133,22.30593],[89.48655,22.30251],[89.48741,22.29799],[89.49699,22.28965],[89.49692,22.27477],[89.49477,22.26597],[89.47591,22.23227],[89.51174,22.1301],[89.51751,22.10135],[89.52432,22.09645],[89.52837,22.09822],[89.54095,22.09686],[89.54372,22.09822],[89.54842,22.11229],[89.53955,22.12062],[89.53716,22.12735],[89.53763,22.13612],[89.54177,22.14009],[89.54308,22.14511],[89.53901,22.15176],[89.54335,22.14779],[89.54408,22.1445],[89.54303,22.13975],[89.53867,22.13412],[89.53926,22.12488],[89.54126,22.12037],[89.54737,22.11532],[89.54834,22.11594],[89.5505,22.11192],[89.54493,22.09565],[89.52675,22.09567],[89.53322,22.08844],[89.53522,22.08255],[89.53446,22.06309],[89.52383,22.03792],[89.51018,22.01663],[89.51049,22.01429],[89.51844,22.00571],[89.53196,21.9947],[89.54158,22.00983],[89.54803,22.03921],[89.55326,22.05581],[89.56066,22.07242],[89.57785,22.10189],[89.58393,22.12479],[89.58153,22.13315],[89.57061,22.15103],[89.5452,22.18597],[89.54196,22.19594],[89.54155,22.20252],[89.52984,22.19637],[89.52716,22.19609],[89.52465,22.19813],[89.52658,22.20807],[89.53315,22.21014],[89.52694,22.22103],[89.5288,22.22625],[89.53707,22.23353],[89.53457,22.23795],[89.53521,22.24224],[89.53489,22.23901],[89.53797,22.23329],[89.52835,22.22225],[89.53509,22.20955],[89.53354,22.20768],[89.52833,22.20694],[89.52688,22.20535],[89.52602,22.19827],[89.52766,22.19726],[89.54365,22.20651],[89.55081,22.21741],[89.57156,22.236],[89.57298,22.24449],[89.57054,22.25307],[89.55839,22.25565],[89.55558,22.25776],[89.55324,22.26272],[89.54994,22.29262],[89.55203,22.30216],[89.53649,22.31393],[89.53121,22.3212],[89.52722,22.33064],[89.51706,22.32603],[89.51382,22.32623],[89.51188,22.32814],[89.51112,22.33307],[89.51482,22.33765],[89.5191,22.33914],[89.53311,22.33988],[89.53458,22.34302],[89.50384,22.37224],[89.52924,22.35289],[89.53552,22.34515],[89.53658,22.34179],[89.53488,22.33908],[89.51521,22.33593],[89.51243,22.33141],[89.51579,22.32743],[89.52431,22.3325],[89.52841,22.33203],[89.53858,22.31476],[89.55389,22.30422],[89.55456,22.29987],[89.55158,22.29365],[89.55392,22.28581],[89.55374,22.27402],[89.55606,22.26117],[89.55872,22.25737],[89.56802,22.25681],[89.57274,22.25364],[89.57816,22.24062],[89.58672,22.24332],[89.58094,22.25338],[89.57919,22.25965],[89.58193,22.27952],[89.5864,22.28858],[89.60446,22.30553],[89.61454,22.32335],[89.62458,22.34404],[89.62414,22.35043],[89.61962,22.36306],[89.62882,22.36591],[89.62681,22.39142],[89.62437,22.40211],[89.61931,22.41286],[89.60617,22.43013],[89.60269,22.44686],[89.59619,22.44669],[89.58761,22.47897],[89.58413,22.50771],[89.57004,22.55016],[89.56582,22.55902],[89.55283,22.57454],[89.5448,22.58949],[89.53492,22.60026],[89.53237,22.6091],[89.53711,22.6256],[89.54934,22.6358],[89.55241,22.64088],[89.54909,22.66137],[89.55499,22.67244],[89.55647,22.67842],[89.55907,22.67902],[89.57469,22.66965],[89.57906,22.66853],[89.58002,22.67316],[89.57854,22.67835],[89.56999,22.68882],[89.56977,22.69112],[89.58414,22.69478],[89.59208,22.69904],[89.60028,22.70008],[89.60267,22.70213],[89.60279,22.70628],[89.60096,22.70952],[89.58935,22.70987],[89.58529,22.71747],[89.58969,22.72157],[89.59553,22.71961],[89.59841,22.72228],[89.60045,22.72833],[89.59876,22.73884],[89.60857,22.75274],[89.60851,22.76081],[89.61147,22.76713],[89.61125,22.77398],[89.61833,22.77583],[89.62543,22.76835],[89.62888,22.76704],[89.63113,22.76288],[89.63184,22.7671],[89.63266,22.76583],[89.63829,22.7672],[89.64421,22.77412],[89.64711,22.76334],[89.64716,22.75288],[89.65422,22.75499],[89.65725,22.75837],[89.65498,22.77266],[89.66106,22.77623],[89.6601,22.77888],[89.66429,22.79121],[89.66588,22.79539],[89.66816,22.79641],[89.66593,22.79887],[89.6769,22.79651],[89.67536,22.8032],[89.67696,22.80831],[89.67503,22.81049],[89.67585,22.81265],[89.68012,22.81649],[89.69371,22.81791],[89.71118,22.82543],[89.71558,22.83692],[89.71782,22.84835],[89.71377,22.85139],[89.71141,22.85802],[89.70512,22.85892],[89.70091,22.86422],[89.6987,22.86492],[89.6953,22.87439],[89.69893,22.8776],[89.70491,22.8786],[89.70841,22.88203],[89.71151,22.88149],[89.71482,22.87775],[89.71929,22.88497],[89.71151,22.8918],[89.7268,22.89439],[89.72829,22.89577],[89.72836,22.89878],[89.72217,22.9006],[89.72141,22.90291],[89.72903,22.90982],[89.73628,22.91333],[89.74119,22.91885],[89.74149,22.92097],[89.73956,22.92171],[89.72796,22.9166],[89.72627,22.91758],[89.7297,22.92386],[89.74175,22.93459],[89.75112,22.94568],[89.75227,22.95535],[89.74916,22.96391]]]]}},{"type":"Feature","properties":{"ADM2_EN":"Kishoreganj","ADM1_EN":"Dhaka"},"geometry":{"type":"Polygon","coordinates":[[[91.17356,24.2652],[91.19307,24.27983],[91.19646,24.29031],[91.19593,24.2932],[91.18509,24.29278],[91.15857,24.28267],[91.15962,24.2929],[91.17,24.3149],[91.17656,24.32103],[91.187,24.32216],[91.19777,24.32172],[91.2283,24.31507],[91.23496,24.31604],[91.23736,24.32112],[91.23457,24.33256],[91.22161,24.35063],[91.21258,24.35875],[91.21274,24.36159],[91.21458,24.36411],[91.22032,24.36676],[91.23064,24.36602],[91.23795,24.37201],[91.24257,24.37953],[91.25153,24.37605],[91.25579,24.37934],[91.25441,24.38257],[91.24725,24.38848],[91.2454,24.39183],[91.24185,24.3936],[91.24374,24.39523],[91.24242,24.39669],[91.24314,24.39893],[91.23752,24.40679],[91.23126,24.40798],[91.22766,24.40583],[91.21954,24.40954],[91.21748,24.40715],[91.22099,24.40217],[91.21595,24.40151],[91.21385,24.40264],[91.21602,24.40769],[91.21526,24.40928],[91.21991,24.41864],[91.21711,24.43248],[91.22619,24.43459],[91.23931,24.42607],[91.24212,24.42725],[91.23786,24.44154],[91.23705,24.46072],[91.23246,24.47305],[91.22623,24.48255],[91.22094,24.48501],[91.21529,24.48353],[91.21504,24.48131],[91.21996,24.47554],[91.21899,24.47457],[91.21423,24.47585],[91.20799,24.48042],[91.20491,24.48076],[91.20268,24.4763],[91.19976,24.47411],[91.19904,24.46662],[91.19072,24.46573],[91.18745,24.47037],[91.1841,24.47144],[91.18785,24.47742],[91.19526,24.47812],[91.19303,24.48131],[91.16753,24.48553],[91.16025,24.48278],[91.15389,24.47634],[91.15005,24.48041],[91.15468,24.48769],[91.16878,24.50047],[91.1738,24.50124],[91.17907,24.49442],[91.18286,24.49494],[91.19098,24.50076],[91.21086,24.52086],[91.22139,24.53898],[91.22626,24.55447],[91.23396,24.56896],[91.22526,24.57548],[91.22081,24.57417],[91.21274,24.57786],[91.20605,24.57704],[91.20487,24.58355],[91.20706,24.58593],[91.203,24.58774],[91.19882,24.58614],[91.19672,24.58881],[91.19755,24.59114],[91.20431,24.59418],[91.19982,24.60189],[91.20002,24.60941],[91.17885,24.61656],[91.17734,24.61964],[91.1805,24.62402],[91.17826,24.63029],[91.19371,24.62585],[91.19495,24.62645],[91.19521,24.63114],[91.19205,24.63844],[91.18505,24.63565],[91.17485,24.64308],[91.16833,24.63473],[91.16381,24.63218],[91.15889,24.63395],[91.15434,24.63896],[91.14955,24.63873],[91.14722,24.63646],[91.14508,24.63859],[91.14223,24.63549],[91.13816,24.63459],[91.13625,24.63795],[91.12991,24.64211],[91.12858,24.64043],[91.12972,24.63773],[91.12711,24.63583],[91.12981,24.63294],[91.12732,24.62916],[91.12961,24.62543],[91.13465,24.62218],[91.13466,24.62064],[91.13305,24.62038],[91.13079,24.61665],[91.12886,24.61003],[91.12309,24.61064],[91.11771,24.60598],[91.10466,24.608],[91.10394,24.60608],[91.10578,24.60128],[91.10459,24.59971],[91.09996,24.60503],[91.09924,24.59944],[91.09689,24.59999],[91.09727,24.60273],[91.0931,24.60159],[91.09184,24.60525],[91.08394,24.60859],[91.08328,24.61139],[91.0785,24.61378],[91.07319,24.61896],[91.06321,24.61723],[91.05827,24.61307],[91.05523,24.61267],[91.05315,24.61439],[91.04564,24.61023],[91.03823,24.61098],[91.03652,24.61256],[91.0361,24.61932],[91.04133,24.62436],[91.02997,24.62996],[91.02689,24.62832],[91.0215,24.6189],[91.02264,24.6118],[91.021,24.60533],[91.01835,24.60312],[91.01024,24.60573],[91.00427,24.60203],[90.99605,24.60307],[90.99284,24.60145],[90.98448,24.60522],[90.97688,24.59954],[90.96629,24.60514],[90.96498,24.60985],[90.96286,24.6115],[90.95907,24.60705],[90.95576,24.60682],[90.95355,24.60243],[90.95002,24.60188],[90.94482,24.60506],[90.93869,24.60185],[90.93219,24.60696],[90.93312,24.61217],[90.93019,24.6127],[90.92747,24.61586],[90.92376,24.61334],[90.91632,24.61373],[90.91585,24.60118],[90.90914,24.59749],[90.90725,24.59463],[90.90402,24.5998],[90.89906,24.59767],[90.89084,24.60032],[90.88477,24.60034],[90.88172,24.59882],[90.88,24.59247],[90.87636,24.5945],[90.86309,24.59438],[90.86324,24.59912],[90.85694,24.59948],[90.85487,24.59707],[90.85048,24.59667],[90.84816,24.59312],[90.85075,24.59118],[90.84561,24.58815],[90.8437,24.58411],[90.84179,24.58479],[90.83976,24.57992],[90.83473,24.58243],[90.82762,24.58324],[90.82351,24.58807],[90.81997,24.58802],[90.82199,24.58062],[90.81945,24.57768],[90.8197,24.57455],[90.81321,24.57113],[90.80994,24.56565],[90.81517,24.56059],[90.80919,24.5509],[90.81118,24.54793],[90.80976,24.54177],[90.80647,24.54011],[90.80743,24.54495],[90.80427,24.54649],[90.8017,24.53788],[90.8052,24.53118],[90.79921,24.52749],[90.79759,24.51925],[90.7941,24.52016],[90.79239,24.51842],[90.79449,24.51506],[90.79416,24.50804],[90.79044,24.50747],[90.78861,24.5092],[90.7794,24.51046],[90.77734,24.50867],[90.77119,24.50886],[90.76689,24.5109],[90.75857,24.51101],[90.75752,24.51273],[90.75526,24.50517],[90.75414,24.50508],[90.755,24.50395],[90.75326,24.50316],[90.74527,24.50929],[90.74284,24.50967],[90.7421,24.49846],[90.738,24.49034],[90.73559,24.48978],[90.73609,24.48607],[90.73142,24.48272],[90.72958,24.47669],[90.72272,24.47442],[90.72189,24.47102],[90.71702,24.479],[90.71564,24.49138],[90.71394,24.49411],[90.71012,24.49455],[90.70877,24.50034],[90.70464,24.50024],[90.70572,24.50888],[90.70508,24.51533],[90.70327,24.51774],[90.69754,24.51398],[90.69742,24.51152],[90.68798,24.50912],[90.68637,24.50335],[90.68216,24.50228],[90.68382,24.50049],[90.68191,24.50046],[90.68322,24.49913],[90.68109,24.49843],[90.68272,24.49734],[90.68118,24.49545],[90.68317,24.49381],[90.68163,24.49238],[90.68539,24.48851],[90.68262,24.48206],[90.67922,24.4824],[90.67806,24.48128],[90.68126,24.4748],[90.68014,24.46788],[90.67823,24.467],[90.67165,24.46795],[90.66324,24.46703],[90.66211,24.46982],[90.65862,24.47085],[90.65842,24.47344],[90.65587,24.47485],[90.6513,24.47396],[90.64826,24.47781],[90.64111,24.47524],[90.63684,24.47554],[90.63796,24.48103],[90.63188,24.47871],[90.62276,24.48856],[90.61671,24.49137],[90.61595,24.49518],[90.6043,24.4991],[90.59637,24.4964],[90.59417,24.49826],[90.58824,24.49691],[90.58683,24.49406],[90.58318,24.49321],[90.58243,24.48676],[90.57377,24.48213],[90.57653,24.47639],[90.57731,24.47175],[90.57551,24.46779],[90.57914,24.46224],[90.57889,24.45858],[90.58437,24.45573],[90.58744,24.44807],[90.59414,24.44595],[90.59712,24.44294],[90.59889,24.44621],[90.60542,24.44223],[90.61473,24.44044],[90.61853,24.43748],[90.6336,24.4351],[90.63644,24.43074],[90.64,24.42886],[90.63991,24.42595],[90.63754,24.42482],[90.64601,24.41645],[90.64502,24.40923],[90.64631,24.40538],[90.64322,24.40209],[90.64287,24.39706],[90.64016,24.39168],[90.6421,24.38572],[90.63914,24.37731],[90.6353,24.37478],[90.63193,24.35846],[90.62684,24.35447],[90.62403,24.3472],[90.61863,24.34231],[90.61792,24.33919],[90.61926,24.33788],[90.62278,24.33829],[90.62544,24.33486],[90.64085,24.30653],[90.64354,24.2949],[90.6431,24.2796],[90.651,24.26919],[90.64929,24.25799],[90.65742,24.25065],[90.67154,24.2457],[90.68155,24.24351],[90.68295,24.24435],[90.69423,24.24219],[90.70793,24.23678],[90.71252,24.23645],[90.71854,24.23814],[90.72224,24.23528],[90.73308,24.23846],[90.75179,24.25157],[90.77021,24.25076],[90.77948,24.24431],[90.78155,24.24267],[90.78307,24.23791],[90.78135,24.2321],[90.78331,24.22663],[90.79349,24.21882],[90.7911,24.21455],[90.79232,24.21125],[90.79041,24.20307],[90.78614,24.19857],[90.78615,24.19305],[90.79115,24.19039],[90.79291,24.18726],[90.80101,24.1846],[90.80521,24.18499],[90.80721,24.18801],[90.81197,24.17658],[90.82035,24.17232],[90.82103,24.16514],[90.82515,24.1571],[90.83758,24.14967],[90.84504,24.1426],[90.85322,24.14091],[90.86486,24.14375],[90.87099,24.13999],[90.87055,24.13154],[90.86867,24.12898],[90.86397,24.12513],[90.8487,24.12062],[90.84578,24.11634],[90.84603,24.11161],[90.85212,24.10942],[90.85716,24.10544],[90.87119,24.10411],[90.89112,24.0964],[90.89416,24.09424],[90.89643,24.08775],[90.9065,24.07807],[90.91255,24.07489],[90.92341,24.07535],[90.9372,24.08364],[90.94437,24.08425],[90.94942,24.0779],[90.95358,24.06705],[90.9662,24.06282],[90.96794,24.06006],[90.96687,24.05406],[90.95962,24.03964],[90.96176,24.03368],[90.96674,24.03206],[90.98165,24.03312],[90.98599,24.0306],[91.00342,24.04666],[91.00851,24.0499],[91.02164,24.0542],[91.02991,24.0603],[91.04157,24.06592],[91.05134,24.07913],[91.05389,24.08868],[91.05365,24.09289],[91.04978,24.1021],[91.04323,24.11086],[91.03321,24.1185],[91.00947,24.12879],[90.994,24.14171],[90.98514,24.15257],[90.98588,24.15674],[90.98939,24.1621],[90.99237,24.16503],[91.00874,24.17379],[91.01653,24.18084],[91.02724,24.19272],[91.03993,24.21183],[91.04716,24.21431],[91.06537,24.21597],[91.0736,24.21557],[91.08704,24.21145],[91.09052,24.21167],[91.09164,24.21453],[91.09027,24.21932],[91.07878,24.2285],[91.08097,24.23687],[91.0851,24.24112],[91.13385,24.2431],[91.1479,24.2487],[91.15424,24.25702],[91.16202,24.25901],[91.17356,24.2652]]]}},{"type":"Feature","properties":{"ADM2_EN":"Kurigram","ADM1_EN":"Rangpur"},"geometry":{"type":"MultiPolygon","coordinates":[[[[89.51742,26.0265],[89.51053,26.02413],[89.51502,26.0157],[89.51413,26.01086],[89.51689,26.01254],[89.51745,26.01765],[89.52192,26.02444],[89.52091,26.0261],[89.51742,26.0265]]],[[[89.56466,26.06066],[89.5597,26.06199],[89.55551,26.06556],[89.55247,26.06478],[89.55165,26.06306],[89.55222,26.05753],[89.55841,26.05014],[89.56665,26.05124],[89.57003,26.05397],[89.57159,26.05251],[89.57384,26.0595],[89.57284,26.06302],[89.56466,26.06066]]],[[[89.50184,26.06993],[89.49871,26.06967],[89.49806,26.06724],[89.5019,26.06323],[89.50266,26.06],[89.50495,26.05831],[89.51169,26.05766],[89.51414,26.06047],[89.51441,26.06558],[89.50184,26.06993]]],[[[89.62064,26.06831],[89.61714,26.07998],[89.6115,26.07238],[89.6139,26.06738],[89.61739,26.06697],[89.61739,26.06823],[89.61916,26.0671],[89.62064,26.06831]]],[[[89.70255,26.17716],[89.70269,26.18202],[89.69931,26.18367],[89.69852,26.18005],[89.70255,26.17716]]],[[[89.58585,26.18371],[89.58762,26.18681],[89.58683,26.18948],[89.58317,26.18442],[89.58585,26.18371]]],[[[89.60389,26.19245],[89.60209,26.19264],[89.60215,26.19079],[89.59764,26.19244],[89.59565,26.19091],[89.59523,26.19219],[89.59339,26.19191],[89.58996,26.18935],[89.58789,26.18221],[89.58974,26.18223],[89.59145,26.18454],[89.5927,26.18343],[89.59042,26.18001],[89.58739,26.18032],[89.58686,26.17804],[89.58859,26.17594],[89.59258,26.17691],[89.59671,26.17441],[89.60091,26.17603],[89.60307,26.1734],[89.60356,26.17618],[89.60731,26.17565],[89.60417,26.17739],[89.60524,26.17862],[89.5994,26.18036],[89.60095,26.18179],[89.60348,26.18117],[89.60621,26.1843],[89.60625,26.18685],[89.60452,26.18748],[89.60518,26.19259],[89.60389,26.19245]]],[[[89.62191,26.20042],[89.62125,26.2014],[89.6192,26.20013],[89.61926,26.19716],[89.61607,26.19827],[89.61374,26.1969],[89.61573,26.1896],[89.61164,26.19241],[89.60912,26.19105],[89.61579,26.18887],[89.61871,26.18616],[89.61976,26.18758],[89.61789,26.19419],[89.62302,26.19897],[89.62191,26.20042]]],[[[89.59804,26.19708],[89.59738,26.20034],[89.59415,26.20273],[89.59115,26.20043],[89.59139,26.19687],[89.58927,26.19711],[89.59156,26.19452],[89.59831,26.19321],[89.59804,26.19708]]],[[[89.61064,26.20534],[89.60914,26.20383],[89.61715,26.20245],[89.61674,26.20454],[89.61064,26.20534]]],[[[89.74442,25.37399],[89.74869,25.3791],[89.77049,25.38151],[89.77755,25.38453],[89.78027,25.38796],[89.78419,25.40692],[89.78407,25.41299],[89.78106,25.41726],[89.7806,25.41514],[89.78246,25.41275],[89.77852,25.4164],[89.77502,25.41467],[89.77158,25.41526],[89.77439,25.42335],[89.77335,25.42647],[89.76764,25.42776],[89.76692,25.43274],[89.78649,25.42848],[89.79019,25.42433],[89.79934,25.41978],[89.81822,25.41483],[89.82206,25.4177],[89.82161,25.41556],[89.82562,25.41522],[89.83267,25.43887],[89.84098,25.45361],[89.84883,25.46315],[89.8473,25.46331],[89.85227,25.46637],[89.85214,25.47261],[89.84923,25.47401],[89.85046,25.48586],[89.84916,25.49253],[89.85505,25.4973],[89.85371,25.50404],[89.85701,25.50445],[89.86018,25.51772],[89.85122,25.53872],[89.86294,25.54329],[89.86594,25.54628],[89.86721,25.56229],[89.8703,25.5682],[89.87313,25.57028],[89.87307,25.57459],[89.87558,25.58128],[89.87326,25.58801],[89.87874,25.60166],[89.88242,25.61731],[89.88027,25.63531],[89.87103,25.66265],[89.86675,25.66289],[89.86323,25.66604],[89.85844,25.67986],[89.85172,25.687],[89.84661,25.69571],[89.85189,25.70673],[89.85049,25.71306],[89.84918,25.71523],[89.83505,25.71585],[89.82733,25.72995],[89.82902,25.74251],[89.84127,25.75909],[89.83832,25.77574],[89.83391,25.78305],[89.83385,25.78849],[89.83113,25.79137],[89.82931,25.79714],[89.82991,25.80075],[89.82675,25.80958],[89.82579,25.81123],[89.81699,25.81438],[89.81731,25.81783],[89.82571,25.82881],[89.82717,25.83304],[89.83523,25.84083],[89.83408,25.85602],[89.83558,25.86049],[89.83251,25.87071],[89.84873,25.88793],[89.8482,25.89211],[89.85679,25.89978],[89.86075,25.90743],[89.86173,25.90694],[89.87853,25.92434],[89.87793,25.9267],[89.87986,25.9318],[89.88701,25.94533],[89.87693,25.94699],[89.86378,25.94398],[89.84942,25.94309],[89.84501,25.94011],[89.84267,25.94011],[89.8391,25.94117],[89.84227,25.94439],[89.82535,25.94557],[89.82563,25.95163],[89.831,25.95521],[89.84929,25.94921],[89.84443,25.95487],[89.84714,25.95682],[89.84303,25.96397],[89.83805,25.96814],[89.8455,25.97137],[89.85802,25.96904],[89.87176,25.97416],[89.8732,25.97586],[89.87066,25.98145],[89.86713,25.97944],[89.86703,25.98265],[89.85023,25.9902],[89.84722,25.99686],[89.84761,26.00078],[89.84383,26.0065],[89.8358,26.01267],[89.83104,26.00994],[89.83087,26.00197],[89.83325,25.99565],[89.83316,25.99073],[89.83657,25.98668],[89.83589,25.98253],[89.82415,25.98505],[89.82015,25.98774],[89.81481,25.99795],[89.81855,25.99595],[89.82042,25.99804],[89.81912,26.00422],[89.82194,26.01004],[89.81889,26.01569],[89.81614,26.01708],[89.8153,26.02031],[89.81922,26.02591],[89.814,26.03151],[89.81171,26.04031],[89.80861,26.04342],[89.80559,26.04457],[89.80199,26.0318],[89.79766,26.02462],[89.79434,26.023],[89.79532,26.02191],[89.79057,26.0179],[89.78838,26.01882],[89.7876,26.02136],[89.79152,26.02096],[89.79382,26.02264],[89.79366,26.02822],[89.79781,26.03096],[89.79928,26.03532],[89.80225,26.03833],[89.80177,26.04035],[89.79349,26.04236],[89.7923,26.04065],[89.79299,26.036],[89.79059,26.03438],[89.78771,26.03594],[89.78943,26.0397],[89.7879,26.04038],[89.77983,26.04051],[89.77651,26.03502],[89.77357,26.03773],[89.77917,26.04449],[89.78272,26.04527],[89.78444,26.04766],[89.78782,26.04781],[89.78813,26.04985],[89.78465,26.05142],[89.78525,26.05698],[89.79872,26.05966],[89.79722,26.06317],[89.79843,26.06513],[89.79549,26.06466],[89.79605,26.06593],[89.79808,26.0658],[89.79489,26.07298],[89.79653,26.07641],[89.79476,26.07714],[89.79031,26.07553],[89.79496,26.08349],[89.79485,26.08743],[89.79056,26.08939],[89.78506,26.08348],[89.78122,26.08355],[89.78301,26.09367],[89.78596,26.09641],[89.78431,26.0988],[89.78173,26.0983],[89.78332,26.10128],[89.78576,26.10146],[89.78311,26.10609],[89.77842,26.10821],[89.77631,26.10588],[89.76989,26.10462],[89.76826,26.10801],[89.76497,26.10964],[89.75798,26.10799],[89.75634,26.10912],[89.75535,26.11383],[89.75779,26.1151],[89.76531,26.12512],[89.76642,26.13081],[89.76306,26.13716],[89.75412,26.14031],[89.75374,26.14679],[89.7476,26.15744],[89.74355,26.15938],[89.73741,26.15921],[89.73455,26.15777],[89.72036,26.1564],[89.71931,26.16641],[89.71697,26.16537],[89.71664,26.16836],[89.71448,26.16886],[89.71115,26.16481],[89.70989,26.15631],[89.70131,26.15186],[89.69719,26.15856],[89.67425,26.16705],[89.68548,26.17015],[89.6978,26.17001],[89.70199,26.17406],[89.69397,26.17563],[89.69174,26.17764],[89.68351,26.18947],[89.6812,26.19788],[89.67807,26.19766],[89.67344,26.20578],[89.67839,26.21028],[89.68558,26.207],[89.68708,26.2098],[89.69142,26.21176],[89.69165,26.21357],[89.68504,26.20874],[89.67965,26.21409],[89.67897,26.22419],[89.6842,26.2202],[89.68939,26.22137],[89.68883,26.22281],[89.68481,26.22263],[89.68361,26.22386],[89.68746,26.22662],[89.68568,26.22665],[89.68656,26.2293],[89.68568,26.23101],[89.68348,26.22747],[89.6818,26.22776],[89.67871,26.23833],[89.67223,26.22912],[89.67184,26.21995],[89.66476,26.22122],[89.6645,26.21985],[89.6555,26.21916],[89.65502,26.22053],[89.6504,26.22108],[89.64562,26.22568],[89.64103,26.22612],[89.63751,26.23041],[89.6338,26.23035],[89.63482,26.22349],[89.63315,26.22065],[89.63588,26.21893],[89.63214,26.21198],[89.63833,26.21109],[89.63919,26.2077],[89.63792,26.2048],[89.63963,26.20277],[89.63942,26.19983],[89.64179,26.19898],[89.64407,26.19503],[89.6464,26.19513],[89.64994,26.1903],[89.64762,26.18935],[89.64744,26.18778],[89.64551,26.1886],[89.64737,26.18529],[89.64236,26.18538],[89.63798,26.18687],[89.63786,26.1898],[89.63509,26.19029],[89.63596,26.19376],[89.63351,26.1949],[89.63414,26.19569],[89.63011,26.19587],[89.62848,26.19194],[89.6328,26.19038],[89.62761,26.18942],[89.6277,26.18406],[89.62916,26.18211],[89.63228,26.18119],[89.63301,26.18279],[89.63325,26.18054],[89.63904,26.17872],[89.64023,26.18234],[89.64365,26.18289],[89.64978,26.17984],[89.65544,26.18153],[89.65583,26.17881],[89.65862,26.17654],[89.65462,26.17285],[89.65508,26.17048],[89.65126,26.171],[89.65019,26.16993],[89.64924,26.16453],[89.64603,26.16455],[89.63837,26.16697],[89.63782,26.17222],[89.63208,26.17199],[89.63185,26.17372],[89.6373,26.1763],[89.63699,26.17891],[89.63267,26.1795],[89.63212,26.18084],[89.62558,26.17636],[89.62392,26.17121],[89.62166,26.17352],[89.62328,26.17438],[89.62384,26.17922],[89.61476,26.17867],[89.61519,26.17655],[89.61326,26.17671],[89.61278,26.17799],[89.60926,26.17866],[89.61013,26.18041],[89.60871,26.18068],[89.60739,26.17924],[89.60823,26.17644],[89.61509,26.17598],[89.61532,26.17312],[89.61092,26.17445],[89.61117,26.1687],[89.61278,26.16747],[89.618,26.16925],[89.61971,26.16819],[89.6173,26.16631],[89.61357,26.16617],[89.61343,26.16214],[89.61009,26.16195],[89.61006,26.15965],[89.60814,26.1589],[89.6113,26.15775],[89.61029,26.15395],[89.60693,26.1545],[89.60798,26.15843],[89.60598,26.15777],[89.60538,26.15915],[89.60431,26.15853],[89.6053,26.15691],[89.60376,26.15659],[89.60121,26.15788],[89.59983,26.16096],[89.59476,26.16048],[89.59109,26.15732],[89.59599,26.15646],[89.59785,26.15401],[89.59834,26.15053],[89.59658,26.14999],[89.59738,26.1443],[89.59554,26.14],[89.59818,26.13909],[89.59811,26.13735],[89.5965,26.1353],[89.60235,26.12681],[89.60406,26.12591],[89.60305,26.12673],[89.60423,26.12873],[89.60694,26.12578],[89.60703,26.12343],[89.60349,26.12377],[89.60229,26.12202],[89.60123,26.12353],[89.6053,26.11721],[89.60771,26.11876],[89.6086,26.12292],[89.61234,26.12786],[89.6171,26.12057],[89.62044,26.11983],[89.62251,26.12614],[89.6263,26.12852],[89.62945,26.12425],[89.63029,26.11852],[89.62743,26.1141],[89.61406,26.1069],[89.61062,26.10862],[89.60519,26.10645],[89.60303,26.11173],[89.59785,26.11307],[89.59791,26.11047],[89.60078,26.10913],[89.59555,26.1079],[89.60071,26.10759],[89.59999,26.10355],[89.59685,26.10445],[89.59423,26.10345],[89.59671,26.09802],[89.60421,26.09482],[89.60825,26.0885],[89.61017,26.09008],[89.60943,26.09548],[89.61132,26.09649],[89.61465,26.09458],[89.61724,26.0948],[89.61361,26.10094],[89.6139,26.1037],[89.61608,26.10427],[89.62146,26.10043],[89.62404,26.10802],[89.63014,26.10695],[89.6324,26.10182],[89.63614,26.0995],[89.63206,26.09731],[89.63354,26.09399],[89.63934,26.09097],[89.63919,26.08973],[89.63734,26.08975],[89.63657,26.08574],[89.63563,26.0864],[89.63414,26.08445],[89.63399,26.08011],[89.63672,26.0754],[89.64826,26.06849],[89.65,26.06448],[89.64903,26.06145],[89.64365,26.06312],[89.63479,26.06106],[89.63172,26.06303],[89.62802,26.06114],[89.62742,26.05756],[89.61935,26.05352],[89.61719,26.05438],[89.61611,26.05693],[89.61773,26.06023],[89.61015,26.06006],[89.60809,26.06491],[89.60499,26.06329],[89.60541,26.0602],[89.60798,26.05783],[89.61307,26.05664],[89.61322,26.05363],[89.61124,26.05116],[89.60427,26.0489],[89.59828,26.04446],[89.59219,26.04491],[89.59373,26.04122],[89.59658,26.0415],[89.59768,26.04027],[89.59766,26.03795],[89.59504,26.03532],[89.5914,26.0357],[89.58844,26.03917],[89.58681,26.03842],[89.58658,26.03506],[89.58366,26.03351],[89.58316,26.03034],[89.58528,26.02637],[89.58353,26.02441],[89.57866,26.02636],[89.58119,26.01146],[89.57869,26.00688],[89.58078,26.00691],[89.58149,26.00534],[89.57993,26.00453],[89.58148,26.00344],[89.57988,26.00272],[89.58333,26.00194],[89.5862,25.99432],[89.58314,25.99029],[89.58515,25.98275],[89.5865,25.98239],[89.58511,25.976],[89.58343,25.97885],[89.57683,25.97826],[89.57634,25.98199],[89.57342,25.97866],[89.57439,25.97748],[89.57666,25.97813],[89.57849,25.97291],[89.57783,25.96938],[89.56884,25.96786],[89.56735,25.97049],[89.56832,25.97921],[89.56641,25.98037],[89.56379,25.97886],[89.56261,25.97123],[89.55773,25.96997],[89.55759,25.96546],[89.54989,25.96636],[89.54088,25.96963],[89.5381,25.97567],[89.54162,25.98328],[89.53671,25.98505],[89.53509,25.98899],[89.53572,25.99068],[89.53787,25.9909],[89.53773,25.99431],[89.54798,25.9981],[89.54817,26.0007],[89.545,26.0004],[89.54475,26.0027],[89.54289,26.00271],[89.54083,26.00601],[89.53788,26.00678],[89.53361,26.00547],[89.53498,26.00417],[89.53935,26.00549],[89.5374,26.00224],[89.52977,26.00584],[89.52606,26.00485],[89.52425,26.00668],[89.522,26.00527],[89.52116,26.00867],[89.51919,26.00887],[89.51446,26.00732],[89.50907,26.00208],[89.49684,26.00296],[89.4912,26.00605],[89.48685,26.00028],[89.48124,25.99754],[89.48192,25.99049],[89.47581,25.9856],[89.47249,25.97621],[89.48196,25.9618],[89.49058,25.96255],[89.49076,25.96434],[89.49579,25.96497],[89.49953,25.97051],[89.50102,25.97019],[89.50226,25.96749],[89.49868,25.96615],[89.50355,25.96408],[89.50372,25.95901],[89.50086,25.9554],[89.49663,25.95435],[89.5116,25.94412],[89.51212,25.93851],[89.50975,25.93342],[89.51176,25.93357],[89.513,25.92908],[89.51767,25.92612],[89.51624,25.92178],[89.51746,25.91753],[89.52277,25.91496],[89.52951,25.9153],[89.5334,25.9002],[89.53751,25.90013],[89.53892,25.8982],[89.5443,25.89671],[89.54631,25.88863],[89.55393,25.88838],[89.55782,25.88587],[89.56064,25.88719],[89.56412,25.88489],[89.57093,25.88547],[89.57089,25.88262],[89.56701,25.88121],[89.56555,25.87882],[89.55978,25.87897],[89.55444,25.87726],[89.55467,25.86417],[89.55228,25.86162],[89.54541,25.86281],[89.54511,25.8646],[89.5327,25.86849],[89.52993,25.86556],[89.53138,25.86254],[89.53282,25.86399],[89.53369,25.85902],[89.53216,25.85258],[89.53343,25.84083],[89.53665,25.83895],[89.53621,25.82852],[89.5349,25.82681],[89.53575,25.82392],[89.53307,25.8166],[89.52943,25.8141],[89.52237,25.81409],[89.52017,25.82047],[89.51677,25.82033],[89.51653,25.81601],[89.52105,25.81449],[89.51913,25.81229],[89.51905,25.80545],[89.5112,25.80573],[89.50882,25.80825],[89.50594,25.80516],[89.49865,25.80755],[89.49699,25.81035],[89.49229,25.8091],[89.49679,25.81304],[89.49,25.8123],[89.48862,25.81324],[89.48765,25.81536],[89.49014,25.81692],[89.48534,25.82166],[89.48563,25.82583],[89.48377,25.82656],[89.48261,25.82963],[89.48462,25.8314],[89.48254,25.83221],[89.48277,25.83402],[89.47975,25.83472],[89.47921,25.83346],[89.47746,25.83481],[89.47782,25.83221],[89.47558,25.83044],[89.47471,25.82672],[89.471,25.82628],[89.47036,25.82493],[89.46856,25.82672],[89.46711,25.82597],[89.46606,25.82915],[89.46372,25.82951],[89.45475,25.82503],[89.4538,25.82269],[89.45208,25.82247],[89.45179,25.81746],[89.4561,25.81651],[89.4559,25.82022],[89.4582,25.82003],[89.45933,25.8225],[89.4593,25.82079],[89.4608,25.82084],[89.46282,25.82292],[89.46633,25.81739],[89.4694,25.81703],[89.46906,25.81862],[89.4703,25.81875],[89.47065,25.81678],[89.46859,25.8147],[89.47187,25.81286],[89.46979,25.81146],[89.4668,25.81456],[89.46662,25.81166],[89.46483,25.81425],[89.45939,25.81217],[89.45892,25.8097],[89.46048,25.80754],[89.45907,25.8047],[89.46146,25.80219],[89.46187,25.79877],[89.46086,25.78922],[89.45919,25.78638],[89.45792,25.78359],[89.46276,25.78625],[89.46697,25.77973],[89.46943,25.77944],[89.46922,25.77713],[89.47988,25.76251],[89.47867,25.7591],[89.48082,25.7531],[89.48658,25.75441],[89.48714,25.75091],[89.49168,25.75007],[89.49342,25.75146],[89.49653,25.74795],[89.4991,25.7482],[89.50042,25.74589],[89.49827,25.73017],[89.48798,25.72941],[89.48495,25.7277],[89.49197,25.71343],[89.49707,25.7131],[89.50825,25.7173],[89.51523,25.70695],[89.51344,25.69944],[89.51464,25.6912],[89.51617,25.68663],[89.51961,25.68621],[89.5198,25.68413],[89.51915,25.67843],[89.5149,25.66786],[89.51419,25.65978],[89.5144,25.65823],[89.51761,25.65998],[89.51923,25.65877],[89.51869,25.64416],[89.5263,25.65108],[89.53084,25.64892],[89.53079,25.65499],[89.53314,25.64979],[89.53589,25.64899],[89.53556,25.64254],[89.54378,25.63878],[89.54894,25.62597],[89.54587,25.61296],[89.54814,25.60818],[89.54171,25.60931],[89.53908,25.60123],[89.53273,25.60061],[89.53632,25.59049],[89.55152,25.58486],[89.56649,25.58457],[89.5708,25.57559],[89.58734,25.55655],[89.59185,25.55645],[89.5966,25.55824],[89.60327,25.56347],[89.60556,25.56819],[89.61588,25.56918],[89.61851,25.56636],[89.6243,25.56532],[89.62817,25.5619],[89.63431,25.55985],[89.6458,25.54713],[89.65826,25.54265],[89.66749,25.5358],[89.67457,25.5349],[89.69135,25.5378],[89.69773,25.53365],[89.6979,25.53126],[89.69327,25.53026],[89.69227,25.52502],[89.68351,25.52242],[89.68135,25.51653],[89.68316,25.51156],[89.69599,25.50344],[89.6983,25.49619],[89.69387,25.49247],[89.67609,25.49323],[89.67003,25.48873],[89.67109,25.48495],[89.68495,25.47447],[89.68255,25.46729],[89.68338,25.46578],[89.68523,25.46549],[89.68651,25.46717],[89.69562,25.4674],[89.69643,25.47022],[89.70489,25.46933],[89.70679,25.46721],[89.70621,25.45959],[89.70334,25.45442],[89.70408,25.44981],[89.70033,25.43727],[89.69373,25.42332],[89.6866,25.41467],[89.69073,25.41249],[89.69926,25.41814],[89.7015,25.41163],[89.70134,25.40216],[89.69449,25.39901],[89.6995,25.39378],[89.70084,25.39011],[89.70572,25.39321],[89.70715,25.3916],[89.70967,25.39185],[89.7197,25.39447],[89.7296,25.39503],[89.73655,25.39823],[89.73971,25.39766],[89.73907,25.38914],[89.74651,25.38868],[89.74778,25.38733],[89.74133,25.37265],[89.74442,25.37399]]]]}},{"type":"Feature","properties":{"ADM2_EN":"Kushtia","ADM1_EN":"Khulna"},"geometry":{"type":"Polygon","coordinates":[[[89.01726,23.70874],[89.01902,23.70198],[89.02479,23.69558],[89.03092,23.69224],[89.03745,23.69218],[89.04285,23.69861],[89.05197,23.71454],[89.04541,23.7186],[89.03815,23.72067],[89.03741,23.72298],[89.0435,23.72767],[89.04724,23.72792],[89.05402,23.72124],[89.05989,23.71887],[89.07558,23.72669],[89.07397,23.72973],[89.0646,23.73424],[89.05931,23.74773],[89.05179,23.75819],[89.05171,23.76171],[89.05458,23.76623],[89.0605,23.77044],[89.06491,23.77162],[89.0689,23.77157],[89.0704,23.7702],[89.06874,23.75624],[89.08275,23.75805],[89.08284,23.74489],[89.08402,23.74361],[89.09468,23.74157],[89.09676,23.72796],[89.09852,23.72599],[89.10084,23.7254],[89.10512,23.72742],[89.11103,23.73501],[89.11639,23.73415],[89.11866,23.7298],[89.11846,23.72509],[89.11331,23.71596],[89.11177,23.70856],[89.1145,23.69937],[89.11846,23.69383],[89.12379,23.70271],[89.12095,23.71282],[89.12789,23.7167],[89.12898,23.71811],[89.12804,23.72172],[89.13692,23.72219],[89.14054,23.72523],[89.14477,23.72438],[89.1455,23.7224],[89.15806,23.72232],[89.15994,23.73092],[89.15878,23.73561],[89.16746,23.73675],[89.16662,23.7403],[89.17339,23.74098],[89.17433,23.74527],[89.1785,23.74657],[89.17986,23.75005],[89.18127,23.74829],[89.18409,23.74917],[89.18879,23.74536],[89.19702,23.74403],[89.2032,23.74672],[89.20854,23.75303],[89.21376,23.7539],[89.21306,23.75707],[89.21641,23.75988],[89.22321,23.76086],[89.23191,23.7563],[89.23572,23.76075],[89.23986,23.76012],[89.24102,23.76195],[89.24301,23.76138],[89.24382,23.76439],[89.25092,23.76375],[89.25838,23.75618],[89.26635,23.7429],[89.27012,23.74116],[89.27549,23.7412],[89.28452,23.73602],[89.29816,23.73602],[89.30622,23.74517],[89.30952,23.74482],[89.31102,23.74709],[89.31576,23.74799],[89.31687,23.75343],[89.32305,23.76641],[89.31044,23.76847],[89.3126,23.77204],[89.31107,23.77616],[89.31882,23.77574],[89.31988,23.77707],[89.32672,23.77706],[89.3302,23.77854],[89.32843,23.78341],[89.33022,23.78388],[89.33047,23.79063],[89.32701,23.79094],[89.32696,23.79527],[89.32897,23.795],[89.32937,23.80358],[89.33684,23.819],[89.33798,23.82411],[89.33638,23.82584],[89.33646,23.82875],[89.33794,23.83026],[89.34068,23.83001],[89.34159,23.83428],[89.34245,23.83583],[89.34364,23.83544],[89.34492,23.8389],[89.35133,23.84113],[89.35152,23.86064],[89.35675,23.86519],[89.35815,23.86905],[89.36322,23.8701],[89.36203,23.87285],[89.35821,23.87498],[89.36077,23.88278],[89.35535,23.88594],[89.35434,23.88344],[89.35187,23.88264],[89.35009,23.88706],[89.34715,23.88922],[89.33053,23.87928],[89.31238,23.87426],[89.30472,23.88314],[89.30387,23.88878],[89.29483,23.89093],[89.28365,23.89712],[89.2813,23.90428],[89.27856,23.90604],[89.27515,23.90424],[89.27351,23.90133],[89.26904,23.8843],[89.27099,23.87651],[89.26387,23.87866],[89.2585,23.88545],[89.25913,23.89988],[89.26248,23.90971],[89.2602,23.91146],[89.26001,23.91528],[89.25648,23.91558],[89.25491,23.91819],[89.25284,23.9228],[89.25133,23.93375],[89.24746,23.93413],[89.2437,23.93705],[89.24342,23.93917],[89.24052,23.93921],[89.23587,23.94599],[89.23525,23.95672],[89.237,23.97289],[89.2301,23.976],[89.22022,23.97149],[89.21651,23.97154],[89.21628,23.98849],[89.20878,23.98879],[89.19904,23.98709],[89.17766,23.98739],[89.17609,23.97852],[89.1769,23.97615],[89.18022,23.97586],[89.17748,23.96732],[89.17919,23.96687],[89.17841,23.96426],[89.17982,23.96335],[89.17005,23.95099],[89.16304,23.94976],[89.16059,23.95127],[89.15618,23.94981],[89.14828,23.95056],[89.14254,23.95447],[89.14013,23.95334],[89.13606,23.95521],[89.13201,23.96065],[89.12695,23.96217],[89.11144,23.95932],[89.09862,23.95986],[89.09622,23.96471],[89.09605,23.97278],[89.07276,23.97788],[89.06281,23.98737],[89.06263,23.99162],[89.04813,24.01962],[89.03089,24.07149],[89.03043,24.07889],[89.02748,24.08461],[89.02649,24.09174],[89.01719,24.10447],[89.0137,24.11175],[89.00668,24.11812],[88.98933,24.12179],[88.94991,24.1251],[88.93971,24.13209],[88.92031,24.11839],[88.92008,24.12491],[88.92272,24.12897],[88.91053,24.12561],[88.90733,24.12159],[88.91049,24.12179],[88.91167,24.11305],[88.88479,24.10171],[88.88328,24.10273],[88.87395,24.09917],[88.88319,24.10664],[88.88113,24.11523],[88.87171,24.11097],[88.86567,24.11049],[88.86207,24.10706],[88.86071,24.11183],[88.84372,24.12588],[88.83516,24.12233],[88.81735,24.12113],[88.8057,24.12452],[88.78733,24.13301],[88.75722,24.16182],[88.74742,24.17495],[88.73853,24.19352],[88.73342,24.19388],[88.73154,24.17172],[88.74033,24.16339],[88.74395,24.1506],[88.74639,24.14717],[88.7085,24.12009],[88.70461,24.11957],[88.70067,24.12187],[88.69714,24.12047],[88.69304,24.11132],[88.69454,24.10973],[88.69988,24.10971],[88.70078,24.10825],[88.70023,24.09443],[88.70362,24.09421],[88.71717,24.1035],[88.72363,24.10402],[88.7277,24.10092],[88.72846,24.0905],[88.72494,24.07996],[88.72355,24.06874],[88.72541,24.06555],[88.72846,24.06448],[88.73358,24.06634],[88.73742,24.06203],[88.72941,24.05831],[88.72683,24.05306],[88.73148,24.0497],[88.7338,24.05125],[88.73954,24.04574],[88.73817,24.0382],[88.73506,24.03779],[88.7418,24.03538],[88.74217,24.03343],[88.73402,24.01993],[88.73499,24.01685],[88.73113,24.01187],[88.72881,23.99666],[88.72992,23.99542],[88.73537,23.99523],[88.74254,24.00401],[88.74595,24.0058],[88.74632,24.00457],[88.75719,24.00668],[88.76218,24.00481],[88.7628,23.99588],[88.76898,23.98425],[88.76934,23.9815],[88.76695,23.98105],[88.75024,23.98533],[88.73964,23.98463],[88.73563,23.97754],[88.73705,23.97116],[88.73448,23.96299],[88.74188,23.96307],[88.7553,23.96939],[88.76339,23.96931],[88.76577,23.96635],[88.76943,23.9545],[88.77616,23.94851],[88.77856,23.94813],[88.78145,23.95183],[88.7809,23.96256],[88.78394,23.96956],[88.79077,23.97545],[88.80071,23.97618],[88.80738,23.97108],[88.80966,23.96666],[88.81043,23.94781],[88.81421,23.92857],[88.81618,23.92765],[88.81826,23.9286],[88.82811,23.93851],[88.83904,23.93847],[88.84985,23.93419],[88.86437,23.92252],[88.87341,23.90867],[88.87531,23.90086],[88.87448,23.89237],[88.86332,23.88359],[88.85702,23.88265],[88.8417,23.88431],[88.83877,23.88297],[88.83759,23.88027],[88.84652,23.8725],[88.85277,23.87047],[88.85678,23.87111],[88.86335,23.87628],[88.872,23.87904],[88.88141,23.87811],[88.88451,23.87498],[88.88184,23.86622],[88.86454,23.85372],[88.85896,23.83266],[88.86396,23.82944],[88.87304,23.83365],[88.87854,23.83339],[88.89288,23.82734],[88.89671,23.82882],[88.90322,23.83975],[88.90727,23.83791],[88.91092,23.82831],[88.91543,23.82697],[88.91867,23.82403],[88.92223,23.8164],[88.91451,23.80194],[88.91006,23.78757],[88.9098,23.78478],[88.9111,23.78391],[88.91847,23.78495],[88.92617,23.78896],[88.92994,23.79152],[88.93328,23.79812],[88.9389,23.79639],[88.93762,23.80402],[88.94746,23.80109],[88.95329,23.80708],[88.95761,23.80896],[88.96637,23.80786],[88.97417,23.80154],[88.97579,23.79916],[88.97478,23.79241],[88.97656,23.792],[88.97527,23.79057],[88.97666,23.78901],[88.98311,23.78884],[88.98487,23.78813],[88.9857,23.78528],[88.98826,23.78626],[88.99427,23.78505],[88.99964,23.78199],[89.00226,23.78686],[89.00546,23.78721],[89.00407,23.77796],[88.99938,23.77182],[88.99424,23.75806],[88.98957,23.75221],[89.00407,23.7496],[89.00633,23.74792],[89.00952,23.73741],[89.00758,23.72278],[89.01726,23.70874]]]}},{"type":"Feature","properties":{"ADM2_EN":"Lakshmipur","ADM1_EN":"Chittagong"},"geometry":{"type":"MultiPolygon","coordinates":[[[[90.93211,22.49702],[90.97645,22.52198],[90.96784,22.5322],[90.95509,22.54107],[90.95111,22.54726],[90.92236,22.55249],[90.89375,22.56028],[90.93211,22.49702]]],[[[90.77036,22.80937],[90.77473,22.82388],[90.77383,22.82941],[90.76136,22.83616],[90.752,22.83227],[90.75934,22.82004],[90.76825,22.80981],[90.77036,22.80937]]],[[[90.64386,22.83671],[90.64894,22.84003],[90.65143,22.84483],[90.65336,22.84287],[90.65634,22.84481],[90.65142,22.8481],[90.64666,22.84377],[90.64622,22.83906],[90.64333,22.83854],[90.64386,22.83671]]],[[[90.70087,22.86539],[90.70134,22.86754],[90.69923,22.86822],[90.69901,22.86607],[90.70087,22.86539]]],[[[90.75565,22.86983],[90.75387,22.87319],[90.74649,22.86952],[90.74308,22.86953],[90.74098,22.86369],[90.73743,22.8602],[90.73927,22.85627],[90.75072,22.83478],[90.75562,22.835],[90.76086,22.83754],[90.77647,22.82868],[90.77458,22.83392],[90.76116,22.85148],[90.75565,22.86983]]],[[[90.72474,22.87341],[90.71857,22.87841],[90.72185,22.87285],[90.72489,22.8725],[90.72474,22.87341]]],[[[90.74941,22.87219],[90.75268,22.8747],[90.74422,22.88507],[90.73974,22.88691],[90.73286,22.8735],[90.73396,22.86686],[90.73642,22.86297],[90.74047,22.86512],[90.74276,22.87085],[90.74585,22.87041],[90.74941,22.87219]]],[[[90.71473,22.88609],[90.7109,22.89477],[90.71312,22.88676],[90.71473,22.88609]]],[[[90.68459,22.9032],[90.68397,22.89523],[90.68723,22.89856],[90.69235,22.89954],[90.69415,22.89839],[90.6974,22.89967],[90.68914,22.90375],[90.68459,22.9032]]],[[[90.73409,22.89517],[90.72621,22.90797],[90.72379,22.90913],[90.72797,22.89974],[90.73409,22.89517]]],[[[90.72442,22.9108],[90.72425,22.91802],[90.72087,22.92195],[90.72031,22.91431],[90.72267,22.91076],[90.72442,22.9108]]],[[[90.68742,22.91843],[90.6829,22.92588],[90.67692,22.93136],[90.67907,22.92467],[90.68225,22.92352],[90.68506,22.91747],[90.68742,22.91843]]],[[[90.67692,22.93136],[90.67294,22.93778],[90.66635,22.94352],[90.66781,22.93969],[90.67692,22.93136]]],[[[90.67056,22.95788],[90.66585,22.96502],[90.66731,22.96012],[90.67056,22.95788]]],[[[90.64655,22.98437],[90.64934,22.97689],[90.65516,22.97256],[90.66124,22.97129],[90.66895,22.96457],[90.70937,22.89753],[90.71168,22.89608],[90.70823,22.90208],[90.71368,22.89578],[90.72137,22.88009],[90.72494,22.87858],[90.72811,22.88053],[90.72146,22.8912],[90.72454,22.8882],[90.72632,22.88359],[90.72915,22.88167],[90.7347,22.88869],[90.73313,22.88457],[90.73417,22.88517],[90.73615,22.89037],[90.72599,22.90108],[90.71851,22.91579],[90.7187,22.92315],[90.71372,22.93345],[90.71475,22.9402],[90.71634,22.94032],[90.71663,22.93386],[90.72548,22.92082],[90.73399,22.90228],[90.76029,22.87118],[90.76819,22.84959],[90.76942,22.84839],[90.77139,22.84962],[90.78152,22.83537],[90.7832,22.82762],[90.7833,22.81295],[90.77883,22.7939],[90.7787,22.78453],[90.78513,22.76911],[90.79583,22.74735],[90.81453,22.71905],[90.82413,22.70098],[90.84444,22.67731],[90.84667,22.67299],[90.85073,22.67001],[90.86634,22.66654],[90.87615,22.66615],[90.89077,22.66024],[90.90245,22.64779],[90.92033,22.63684],[90.94543,22.61489],[90.97206,22.60073],[90.98083,22.59356],[90.98593,22.58678],[91.01741,22.56818],[91.01443,22.59912],[91.01179,22.6069],[91.00347,22.62359],[90.98841,22.63932],[91.00091,22.66556],[91.01706,22.67895],[91.01687,22.68599],[91.01094,22.69843],[91.00986,22.70524],[91.00222,22.70974],[90.98083,22.7154],[90.9813,22.75398],[90.97609,22.75617],[90.95014,22.7777],[90.94162,22.78136],[90.91477,22.79797],[90.90225,22.80195],[90.88995,22.81102],[90.90885,22.81334],[90.91097,22.81582],[90.92668,22.81393],[90.92873,22.82302],[90.93191,22.8283],[90.93651,22.82805],[90.93856,22.8299],[90.9401,22.83261],[90.93841,22.83461],[90.93991,22.83815],[90.9422,22.83572],[90.94539,22.83767],[90.94248,22.83974],[90.94509,22.84465],[90.94451,22.8489],[90.93951,22.85627],[90.94292,22.86223],[90.94456,22.86288],[90.94678,22.8594],[90.94956,22.86101],[90.95543,22.85928],[90.95602,22.86154],[90.95405,22.86145],[90.95339,22.86309],[90.95614,22.86591],[90.95861,22.86566],[90.95699,22.86318],[90.96481,22.86664],[90.9691,22.86469],[90.96928,22.86603],[90.97275,22.86707],[90.97317,22.87026],[90.97557,22.87023],[90.97466,22.87177],[90.9769,22.87303],[90.97621,22.87426],[90.98303,22.8748],[90.9864,22.87857],[90.98599,22.88398],[90.98264,22.88739],[90.98141,22.89198],[90.98706,22.89974],[90.99027,22.89978],[90.99129,22.90306],[90.9881,22.90536],[90.98567,22.90534],[90.98254,22.91033],[90.9843,22.91292],[90.98707,22.91349],[90.98699,22.91537],[90.98251,22.91467],[90.98131,22.91619],[90.98409,22.92116],[90.98886,22.92467],[90.98882,22.93084],[90.99137,22.93087],[90.98983,22.93345],[90.99178,22.93611],[90.98879,22.93806],[90.98893,22.93969],[90.9958,22.94407],[90.99735,22.94878],[90.99989,22.94936],[90.99766,22.95209],[90.99918,22.95381],[90.99736,22.95518],[91.00125,22.95624],[91.00124,22.95929],[90.99924,22.95872],[90.99469,22.96145],[90.99555,22.96337],[90.99835,22.96428],[90.9962,22.97085],[90.99885,22.97741],[90.99247,22.97923],[90.98848,22.9786],[90.98637,22.97201],[90.98208,22.97712],[90.97767,22.97937],[90.97667,22.98409],[90.97317,22.98497],[90.9712,22.98052],[90.96601,22.97937],[90.96326,22.98263],[90.96044,22.98256],[90.95992,22.98686],[90.95183,22.98779],[90.95246,22.99118],[90.9546,22.99248],[90.95399,22.99445],[90.95184,22.99437],[90.9516,22.99289],[90.94931,22.99647],[90.94703,22.9959],[90.94428,22.99814],[90.94314,22.9967],[90.94504,22.99626],[90.94343,22.99493],[90.94504,22.99353],[90.9421,22.99308],[90.94374,22.9904],[90.94166,22.99133],[90.93715,22.98997],[90.93511,22.98655],[90.93343,22.9867],[90.93306,22.99468],[90.93006,22.99808],[90.9264,22.99948],[90.92756,23.0025],[90.92663,23.00598],[90.91901,23.00654],[90.91916,23.01015],[90.92209,23.01018],[90.92074,23.01398],[90.91594,23.01246],[90.914,23.01456],[90.90516,23.01461],[90.89779,23.01174],[90.8971,23.01386],[90.89363,23.01441],[90.89316,23.02132],[90.88663,23.02556],[90.89146,23.02956],[90.89376,23.03542],[90.89657,23.03582],[90.8975,23.03917],[90.90678,23.03462],[90.90797,23.04006],[90.90531,23.04072],[90.90618,23.04187],[90.91348,23.04209],[90.91724,23.04034],[90.91881,23.0419],[90.91767,23.04668],[90.91452,23.04529],[90.90984,23.0528],[90.91036,23.05801],[90.9008,23.06189],[90.89896,23.0715],[90.90598,23.07238],[90.9123,23.06628],[90.91908,23.0655],[90.91857,23.07067],[90.91603,23.07247],[90.9157,23.07574],[90.91279,23.07629],[90.91139,23.07976],[90.91658,23.07839],[90.91741,23.0808],[90.92179,23.08152],[90.92333,23.07762],[90.92918,23.08047],[90.93074,23.08203],[90.93083,23.09073],[90.93954,23.08372],[90.94272,23.08595],[90.94528,23.08584],[90.94423,23.08815],[90.94732,23.0896],[90.94491,23.09024],[90.94488,23.0966],[90.94132,23.0976],[90.94152,23.10149],[90.9443,23.10357],[90.94473,23.10654],[90.94876,23.10706],[90.94861,23.11226],[90.95355,23.11297],[90.95433,23.12268],[90.95312,23.12609],[90.9552,23.12665],[90.95612,23.13014],[90.96185,23.13104],[90.96068,23.13342],[90.96222,23.1381],[90.95871,23.13894],[90.95542,23.14598],[90.94617,23.1454],[90.9443,23.14332],[90.94363,23.14442],[90.94002,23.14352],[90.93893,23.14548],[90.93576,23.14352],[90.93434,23.14642],[90.93225,23.14707],[90.92774,23.14535],[90.92393,23.14625],[90.92423,23.14843],[90.92294,23.14905],[90.91211,23.14781],[90.91161,23.15015],[90.9147,23.1506],[90.91368,23.15642],[90.91109,23.15596],[90.91086,23.15288],[90.90206,23.15258],[90.90312,23.15488],[90.90197,23.16231],[90.89794,23.16414],[90.89149,23.17197],[90.89123,23.17059],[90.88488,23.17134],[90.88147,23.17012],[90.87914,23.1739],[90.86993,23.17266],[90.86805,23.17353],[90.86143,23.17128],[90.85744,23.16787],[90.85505,23.16942],[90.85481,23.16674],[90.85227,23.16778],[90.84892,23.16632],[90.84657,23.16695],[90.8459,23.15966],[90.84752,23.15606],[90.85106,23.15414],[90.8443,23.14869],[90.84102,23.14733],[90.83933,23.14823],[90.83865,23.1439],[90.83617,23.1429],[90.8363,23.13815],[90.8281,23.13523],[90.82652,23.13341],[90.82134,23.13346],[90.81829,23.13001],[90.81827,23.12398],[90.81515,23.12214],[90.80567,23.12187],[90.79599,23.11808],[90.79811,23.11468],[90.7938,23.10899],[90.79441,23.10381],[90.79203,23.09441],[90.79375,23.09359],[90.7937,23.09175],[90.78982,23.08525],[90.79296,23.08253],[90.79001,23.08073],[90.79012,23.07927],[90.7938,23.08041],[90.792,23.07815],[90.78803,23.0784],[90.78317,23.0765],[90.77693,23.07806],[90.77392,23.07608],[90.76963,23.07719],[90.76641,23.0735],[90.76058,23.07203],[90.75869,23.06826],[90.75205,23.06755],[90.75021,23.06361],[90.75486,23.06197],[90.7546,23.05987],[90.75084,23.05982],[90.74733,23.05607],[90.74334,23.05556],[90.74497,23.053],[90.74053,23.05125],[90.7309,23.0419],[90.72811,23.04264],[90.70673,23.05815],[90.69344,23.06279],[90.68739,23.06321],[90.67153,23.05424],[90.6673,23.05492],[90.66604,23.05203],[90.66265,23.05095],[90.66662,23.03147],[90.66382,23.0276],[90.65835,23.02515],[90.6578,23.02339],[90.66036,23.02053],[90.66739,23.01896],[90.66968,23.01545],[90.66082,23.01321],[90.66284,23.00762],[90.64655,22.98437]]]]}},{"type":"Feature","properties":{"ADM2_EN":"Lalmonirhat","ADM1_EN":"Rangpur"},"geometry":{"type":"MultiPolygon","coordinates":[[[[89.40217,26.0935],[89.39941,26.09516],[89.3979,26.09436],[89.39793,26.09101],[89.39421,26.0873],[89.39574,26.08331],[89.40287,26.08246],[89.40772,26.07876],[89.40787,26.08079],[89.41053,26.0792],[89.41327,26.08208],[89.41387,26.08074],[89.41162,26.07721],[89.41284,26.07825],[89.41614,26.07691],[89.41883,26.08071],[89.42122,26.08077],[89.42034,26.08221],[89.4184,26.08156],[89.42018,26.08852],[89.40217,26.0935]]],[[[89.4232,26.10616],[89.42185,26.10671],[89.4198,26.10369],[89.41964,26.10646],[89.41536,26.1051],[89.41439,26.09943],[89.42691,26.09848],[89.42785,26.09996],[89.42538,26.10106],[89.42549,26.10506],[89.4232,26.10616]]],[[[89.1809,26.24517],[89.1776,26.24466],[89.17773,26.24111],[89.18027,26.2393],[89.18407,26.24311],[89.18723,26.2432],[89.1809,26.24517]]],[[[89.01251,26.26576],[89.00891,26.26751],[89.00442,26.26545],[89.00575,26.26373],[89.00404,26.2556],[89.00393,26.2636],[89.00111,26.26316],[88.99967,26.26094],[89.00058,26.25687],[88.99804,26.25492],[88.99886,26.25297],[89.00571,26.24987],[89.00779,26.25704],[89.01131,26.25836],[89.01118,26.26144],[89.01441,26.26392],[89.0146,26.26574],[89.01251,26.26576]]],[[[89.14201,26.26953],[89.14172,26.27148],[89.13795,26.26924],[89.13581,26.27124],[89.13701,26.26669],[89.13332,26.26199],[89.13794,26.2511],[89.14178,26.24883],[89.14394,26.24932],[89.14553,26.2475],[89.14552,26.24363],[89.14259,26.24179],[89.15293,26.23683],[89.15639,26.23786],[89.15649,26.24441],[89.15251,26.2446],[89.15258,26.24563],[89.15657,26.24688],[89.15638,26.24987],[89.15976,26.25075],[89.16316,26.23932],[89.16064,26.23649],[89.15847,26.23718],[89.15781,26.23477],[89.16246,26.23486],[89.16666,26.24043],[89.17089,26.24034],[89.16851,26.24237],[89.16977,26.24456],[89.16633,26.25163],[89.16769,26.25408],[89.16892,26.25188],[89.17056,26.25544],[89.16743,26.2593],[89.16999,26.2591],[89.17172,26.25678],[89.17392,26.25714],[89.17163,26.26331],[89.16806,26.26341],[89.16992,26.26125],[89.16795,26.26067],[89.16437,26.26194],[89.16809,26.26366],[89.16392,26.26689],[89.15317,26.266],[89.15269,26.26139],[89.14997,26.25657],[89.15035,26.24975],[89.14883,26.25516],[89.14014,26.2552],[89.13988,26.26213],[89.14755,26.26227],[89.14666,26.26563],[89.14239,26.26666],[89.14201,26.26953]]],[[[89.02773,26.27332],[89.02236,26.27119],[89.02439,26.2694],[89.02374,26.26628],[89.02715,26.26517],[89.02885,26.25719],[89.03284,26.2563],[89.03475,26.25788],[89.03679,26.26428],[89.03273,26.26571],[89.03359,26.26895],[89.02773,26.27332]]],[[[89.00041,26.27754],[89.00308,26.28141],[89.00013,26.28366],[88.99294,26.28011],[88.99557,26.27723],[89.00041,26.27754]]],[[[89.11493,26.28491],[89.11271,26.28467],[89.11196,26.27624],[89.11483,26.27856],[89.11675,26.27827],[89.11871,26.28124],[89.11776,26.28468],[89.11493,26.28491]]],[[[89.13018,26.29277],[89.12944,26.29179],[89.1316,26.29115],[89.13161,26.29273],[89.13018,26.29277]]],[[[89.13293,26.29479],[89.13492,26.29579],[89.13451,26.29796],[89.13097,26.29671],[89.13293,26.29479]]],[[[89.14702,26.30184],[89.14654,26.30444],[89.14384,26.30268],[89.14382,26.30166],[89.14702,26.30184]]],[[[88.9278,26.33549],[88.92133,26.33553],[88.92173,26.32967],[88.92384,26.32754],[88.91812,26.32566],[88.92374,26.31822],[88.9254,26.31868],[88.92685,26.31633],[88.92321,26.31523],[88.92874,26.31095],[88.93071,26.30742],[88.93062,26.30407],[88.92678,26.30227],[88.92351,26.29795],[88.92539,26.29396],[88.92797,26.29188],[88.93304,26.29234],[88.94338,26.28677],[88.9456,26.28156],[88.95446,26.27472],[88.96095,26.27699],[88.9729,26.27826],[88.97326,26.2793],[88.97614,26.27811],[88.97346,26.28198],[88.97523,26.28414],[88.98151,26.28306],[88.98394,26.29319],[88.98299,26.29522],[88.98476,26.29541],[88.9836,26.29958],[88.97958,26.30122],[88.9795,26.29921],[88.9764,26.29897],[88.97578,26.29539],[88.96971,26.29484],[88.96766,26.29735],[88.96777,26.29625],[88.96084,26.29504],[88.96112,26.29989],[88.96458,26.30083],[88.96391,26.30414],[88.96264,26.30397],[88.96243,26.3054],[88.95342,26.30363],[88.95329,26.30792],[88.95646,26.30912],[88.95377,26.3094],[88.95194,26.31638],[88.94903,26.31845],[88.93756,26.31299],[88.93549,26.32135],[88.93754,26.32321],[88.94216,26.32321],[88.94168,26.33094],[88.9384,26.33502],[88.92777,26.33178],[88.9278,26.33549]]],[[[88.94125,26.35522],[88.93813,26.35471],[88.93863,26.35088],[88.94259,26.35248],[88.94125,26.35522]]],[[[89.07596,26.40121],[89.07497,26.40557],[89.07246,26.4034],[89.07241,26.40116],[89.07596,26.40121]]],[[[89.06871,26.40167],[89.0671,26.40611],[89.06595,26.40191],[89.06871,26.40167]]],[[[89.05809,26.40119],[89.05926,26.40426],[89.05596,26.40795],[89.05416,26.40753],[89.05585,26.40173],[89.05809,26.40119]]],[[[89.48124,25.99754],[89.46159,25.99846],[89.44739,26.00794],[89.43341,26.01021],[89.42742,26.01324],[89.4267,26.01532],[89.42859,26.0146],[89.42734,26.01925],[89.4339,26.03053],[89.43263,26.03891],[89.42951,26.04352],[89.42583,26.04433],[89.42378,26.04701],[89.42267,26.04694],[89.42438,26.04428],[89.41891,26.04198],[89.4105,26.04081],[89.40739,26.04161],[89.40626,26.04075],[89.40744,26.03619],[89.40481,26.03401],[89.40656,26.03162],[89.40428,26.03113],[89.40313,26.02767],[89.39351,26.02299],[89.39081,26.02304],[89.39109,26.01682],[89.39443,26.01325],[89.39244,26.00723],[89.39199,26.00933],[89.38934,26.00845],[89.38584,26.01087],[89.37565,26.00941],[89.37233,26.01221],[89.37118,26.00909],[89.36662,26.01034],[89.36581,26.00883],[89.3604,26.00929],[89.35964,26.00794],[89.3595,26.00924],[89.35711,26.00799],[89.35627,26.00997],[89.3553,26.00843],[89.3532,26.01197],[89.35172,26.00995],[89.351,26.01157],[89.34849,26.01048],[89.34903,26.01175],[89.34643,26.01161],[89.34421,26.0133],[89.34689,26.0136],[89.34917,26.01624],[89.34536,26.01449],[89.34368,26.01714],[89.34343,26.01469],[89.34003,26.01535],[89.33971,26.01787],[89.33728,26.01808],[89.33904,26.01828],[89.33728,26.01895],[89.33718,26.02008],[89.33869,26.01946],[89.33732,26.02224],[89.33447,26.02009],[89.33858,26.02341],[89.33634,26.0235],[89.33661,26.02653],[89.3348,26.02572],[89.3316,26.02954],[89.33073,26.02728],[89.32885,26.02834],[89.33003,26.02896],[89.32759,26.03038],[89.32895,26.03153],[89.32597,26.03255],[89.32789,26.03332],[89.32551,26.03487],[89.32586,26.03663],[89.32428,26.03605],[89.31918,26.03926],[89.3155,26.03726],[89.31688,26.03902],[89.3109,26.041],[89.30732,26.04536],[89.30641,26.0444],[89.30615,26.04661],[89.3051,26.04541],[89.30371,26.04567],[89.3046,26.04707],[89.29994,26.04769],[89.30037,26.05052],[89.29835,26.05029],[89.29658,26.04542],[89.29162,26.04652],[89.29091,26.04536],[89.28921,26.04825],[89.27567,26.04918],[89.27678,26.05149],[89.27895,26.05079],[89.28163,26.05621],[89.28113,26.06307],[89.28245,26.06425],[89.28098,26.06569],[89.27824,26.06658],[89.27588,26.06404],[89.27612,26.06128],[89.27242,26.06072],[89.27044,26.06197],[89.27082,26.06002],[89.25435,26.06421],[89.25601,26.07182],[89.25465,26.07476],[89.2568,26.08016],[89.26081,26.08295],[89.26135,26.08588],[89.2658,26.08791],[89.26563,26.0924],[89.26679,26.09245],[89.26546,26.09351],[89.26581,26.09259],[89.26395,26.09325],[89.26333,26.09219],[89.26254,26.09407],[89.25973,26.09184],[89.25875,26.09321],[89.25568,26.09212],[89.25669,26.09266],[89.25521,26.09342],[89.25155,26.09146],[89.25113,26.09285],[89.25231,26.09286],[89.25026,26.09455],[89.25233,26.09793],[89.25172,26.10132],[89.24767,26.10182],[89.24844,26.1037],[89.24488,26.10667],[89.2437,26.10497],[89.24415,26.1061],[89.2415,26.10584],[89.24215,26.10915],[89.24039,26.10772],[89.23948,26.10931],[89.24129,26.11025],[89.23921,26.11043],[89.24202,26.11306],[89.23971,26.11234],[89.23882,26.11462],[89.23772,26.11263],[89.23549,26.11482],[89.23305,26.11307],[89.23169,26.11724],[89.22918,26.11668],[89.23066,26.11756],[89.22843,26.12052],[89.22936,26.12396],[89.2278,26.1241],[89.22716,26.12215],[89.22544,26.12433],[89.22178,26.12566],[89.21906,26.12453],[89.21966,26.12663],[89.21704,26.12637],[89.21383,26.12697],[89.2142,26.12529],[89.21133,26.12432],[89.20945,26.12734],[89.20643,26.1266],[89.20611,26.12833],[89.20491,26.12732],[89.20284,26.12936],[89.20012,26.1286],[89.19813,26.12576],[89.1983,26.1268],[89.19505,26.12728],[89.19634,26.12581],[89.19469,26.12601],[89.19291,26.12387],[89.18978,26.12454],[89.18915,26.12724],[89.18605,26.12799],[89.18532,26.12684],[89.18537,26.12886],[89.18395,26.12937],[89.1832,26.12813],[89.18064,26.12929],[89.18011,26.12808],[89.17591,26.1311],[89.1765,26.13208],[89.17249,26.13068],[89.16798,26.13157],[89.16687,26.13027],[89.1665,26.13236],[89.1644,26.13174],[89.16369,26.13353],[89.16241,26.13305],[89.16233,26.13558],[89.16022,26.13581],[89.16105,26.13735],[89.15915,26.13687],[89.16058,26.13848],[89.15953,26.13985],[89.15823,26.13837],[89.15699,26.14006],[89.15532,26.13871],[89.14845,26.15819],[89.14887,26.15948],[89.15533,26.15964],[89.15722,26.16329],[89.15324,26.164],[89.14911,26.17013],[89.14096,26.16939],[89.14115,26.1759],[89.13748,26.17636],[89.13686,26.18004],[89.13454,26.18126],[89.13657,26.18363],[89.13548,26.18739],[89.13831,26.18877],[89.14,26.19514],[89.13929,26.19841],[89.14385,26.20039],[89.14405,26.2035],[89.14853,26.20644],[89.14898,26.21035],[89.14571,26.21128],[89.14207,26.21464],[89.14206,26.22109],[89.14379,26.22136],[89.14031,26.22591],[89.13951,26.22961],[89.14125,26.23179],[89.13935,26.23814],[89.13695,26.23665],[89.13396,26.23758],[89.13607,26.24068],[89.13183,26.23964],[89.13249,26.24197],[89.13091,26.24275],[89.13212,26.24588],[89.13001,26.24889],[89.12693,26.24893],[89.12612,26.25081],[89.1239,26.24985],[89.11979,26.25273],[89.12221,26.25564],[89.12136,26.25833],[89.12533,26.26133],[89.12516,26.26356],[89.11159,26.27276],[89.10934,26.27219],[89.10904,26.27536],[89.10602,26.27396],[89.10491,26.27557],[89.10597,26.28118],[89.10338,26.28112],[89.10199,26.27817],[89.10005,26.27957],[89.10258,26.28181],[89.10254,26.28871],[89.10708,26.29175],[89.10326,26.29361],[89.10365,26.29704],[89.10732,26.29933],[89.10378,26.30204],[89.09974,26.30268],[89.0992,26.30412],[89.10288,26.3084],[89.10268,26.31225],[89.10492,26.3132],[89.10469,26.31593],[89.10603,26.31585],[89.10497,26.31392],[89.10824,26.31313],[89.10904,26.30457],[89.11419,26.30374],[89.11385,26.29833],[89.1167,26.29719],[89.11688,26.29241],[89.11974,26.28755],[89.12191,26.28759],[89.12537,26.29123],[89.12451,26.29412],[89.12846,26.2962],[89.12823,26.29797],[89.13157,26.29741],[89.13111,26.29872],[89.13241,26.29882],[89.13235,26.30032],[89.12995,26.30045],[89.13039,26.29898],[89.12862,26.29889],[89.12739,26.30167],[89.12746,26.30314],[89.12887,26.30321],[89.12873,26.30164],[89.13128,26.30101],[89.13051,26.30529],[89.12564,26.30425],[89.12516,26.30545],[89.13369,26.30592],[89.13425,26.30747],[89.13594,26.30751],[89.13488,26.31135],[89.1329,26.31129],[89.13476,26.31325],[89.1295,26.31314],[89.13598,26.31471],[89.13624,26.32022],[89.13457,26.32145],[89.12825,26.31889],[89.1244,26.32094],[89.12959,26.32058],[89.12855,26.32242],[89.12347,26.32224],[89.11544,26.32001],[89.11642,26.31861],[89.11267,26.31851],[89.10997,26.32536],[89.10565,26.32661],[89.10429,26.32339],[89.10045,26.32341],[89.09865,26.32417],[89.09934,26.32838],[89.09673,26.32932],[89.09537,26.32568],[89.09356,26.32591],[89.09185,26.32042],[89.08979,26.32247],[89.08744,26.32159],[89.0872,26.32323],[89.08374,26.3223],[89.09157,26.32818],[89.09089,26.3296],[89.09527,26.32988],[89.09828,26.33603],[89.10129,26.33663],[89.10023,26.33904],[89.09771,26.33987],[89.0979,26.34987],[89.09593,26.35027],[89.09591,26.35388],[89.09331,26.35304],[89.09386,26.35472],[89.09582,26.35427],[89.09828,26.35903],[89.08982,26.36063],[89.0897,26.36208],[89.08575,26.36286],[89.08576,26.36397],[89.08412,26.36417],[89.08289,26.36223],[89.07966,26.36294],[89.07989,26.36678],[89.08836,26.36579],[89.09058,26.37519],[89.08888,26.37586],[89.089,26.38102],[89.09176,26.38259],[89.09161,26.38539],[89.08998,26.38548],[89.09083,26.38816],[89.09427,26.38935],[89.0957,26.39153],[89.09194,26.39382],[89.0904,26.39185],[89.08594,26.39245],[89.08127,26.39028],[89.07992,26.39159],[89.08073,26.39302],[89.08206,26.39254],[89.08668,26.39535],[89.08727,26.39776],[89.08441,26.39838],[89.0753,26.39608],[89.07375,26.39127],[89.07478,26.39607],[89.07118,26.3985],[89.06848,26.3977],[89.06722,26.40011],[89.06437,26.39906],[89.06439,26.39673],[89.06181,26.3979],[89.063,26.40084],[89.06143,26.39829],[89.05897,26.39894],[89.0578,26.39545],[89.05568,26.39594],[89.05415,26.39875],[89.03939,26.40029],[89.03776,26.39977],[89.0374,26.39527],[89.03351,26.39553],[89.03434,26.39956],[89.03174,26.39964],[89.03137,26.40393],[89.02934,26.40495],[89.02997,26.40711],[89.02439,26.40784],[89.02197,26.40587],[89.02264,26.40401],[89.01935,26.40423],[89.01891,26.40616],[89.02303,26.40832],[89.02171,26.41417],[89.01788,26.41523],[89.00717,26.41283],[89.00503,26.41683],[89.00588,26.42152],[89.00228,26.42221],[88.99923,26.42188],[88.99875,26.42044],[88.99568,26.42079],[88.99585,26.42269],[88.99368,26.42307],[88.99296,26.4204],[88.99596,26.41976],[88.99525,26.41675],[88.9979,26.41553],[88.9984,26.41328],[88.99397,26.4129],[88.99271,26.419],[88.99136,26.42023],[88.98295,26.42115],[88.98357,26.42449],[88.98069,26.42536],[88.98384,26.4295],[88.97855,26.43396],[88.97872,26.4361],[88.98282,26.43808],[88.98423,26.44169],[88.98088,26.44185],[88.98095,26.44425],[88.98243,26.44401],[88.98321,26.44659],[88.97847,26.44627],[88.97936,26.44973],[88.97725,26.44921],[88.97576,26.44651],[88.97498,26.44995],[88.96625,26.45134],[88.96565,26.45765],[88.9558,26.4603],[88.95721,26.45915],[88.95725,26.45486],[88.95971,26.4524],[88.96522,26.45198],[88.96054,26.44837],[88.95109,26.45212],[88.95181,26.4485],[88.94613,26.44804],[88.94669,26.44349],[88.94902,26.44325],[88.94896,26.44],[88.94685,26.43942],[88.95126,26.43511],[88.95114,26.43372],[88.94544,26.43282],[88.9455,26.4291],[88.94276,26.42828],[88.94472,26.42568],[88.938,26.42573],[88.93631,26.4304],[88.9281,26.43304],[88.92615,26.43216],[88.92589,26.42773],[88.93361,26.42662],[88.93137,26.42476],[88.92295,26.42342],[88.92542,26.4165],[88.92899,26.41675],[88.93122,26.41427],[88.92651,26.40689],[88.91254,26.40871],[88.90671,26.40674],[88.90394,26.40813],[88.90519,26.40432],[88.90867,26.40381],[88.9099,26.40087],[88.91576,26.40366],[88.91802,26.40088],[88.91841,26.39023],[88.91639,26.3893],[88.91645,26.38496],[88.9097,26.38232],[88.90904,26.38014],[88.9123,26.38038],[88.91367,26.37802],[88.92054,26.37865],[88.92134,26.3773],[88.9195,26.37696],[88.92002,26.37469],[88.9132,26.37434],[88.9113,26.37267],[88.91097,26.36815],[88.91281,26.36853],[88.91188,26.3662],[88.91427,26.3653],[88.92,26.36633],[88.9216,26.3627],[88.91849,26.35997],[88.91933,26.35947],[88.9223,26.36324],[88.92596,26.36485],[88.92893,26.36385],[88.93087,26.36014],[88.93572,26.35864],[88.93685,26.35678],[88.94139,26.35786],[88.94767,26.35596],[88.94732,26.3607],[88.95042,26.36632],[88.9533,26.36607],[88.9547,26.36191],[88.95839,26.36177],[88.95808,26.35752],[88.95349,26.35625],[88.94871,26.3525],[88.94981,26.34862],[88.94631,26.34634],[88.9461,26.34398],[88.95234,26.34387],[88.95289,26.34633],[88.95899,26.34365],[88.95593,26.34135],[88.9517,26.34271],[88.95298,26.34221],[88.95242,26.33471],[88.95394,26.33198],[88.9564,26.33114],[88.95593,26.33011],[88.96028,26.33016],[88.95942,26.33599],[88.96283,26.33638],[88.96349,26.33856],[88.9617,26.34092],[88.96259,26.34555],[88.95911,26.34805],[88.96135,26.3524],[88.96455,26.34897],[88.96668,26.35193],[88.96996,26.34978],[88.97264,26.3518],[88.97494,26.35089],[88.97737,26.34709],[88.97967,26.34661],[88.98268,26.34911],[88.98529,26.3485],[88.98508,26.35004],[88.98769,26.34721],[88.98612,26.3473],[88.98711,26.34252],[88.98998,26.33858],[88.98721,26.33807],[88.98864,26.33946],[88.98592,26.33991],[88.98659,26.34147],[88.98175,26.3411],[88.98479,26.33403],[88.98686,26.33212],[88.9891,26.33249],[88.99003,26.33548],[88.9926,26.33492],[88.99179,26.33339],[88.99877,26.33189],[89.0009,26.32986],[88.99765,26.32241],[88.99505,26.32096],[88.99485,26.32226],[88.99148,26.32244],[88.99192,26.32051],[88.99404,26.32002],[88.99426,26.31728],[88.99705,26.31653],[88.99488,26.31334],[88.985,26.31815],[88.98487,26.3129],[88.98287,26.31018],[88.98487,26.30064],[88.99224,26.30073],[88.9944,26.29922],[88.99485,26.29677],[88.99532,26.30008],[88.99753,26.29973],[88.99566,26.29034],[88.99997,26.29077],[89.0045,26.29861],[89.00433,26.30377],[89.00578,26.30275],[89.00666,26.30443],[89.00812,26.30199],[89.01022,26.30194],[89.0105,26.29878],[89.01299,26.29807],[89.01207,26.29373],[89.01683,26.28949],[89.02001,26.29373],[89.01427,26.30034],[89.01558,26.30035],[89.01766,26.30475],[89.02006,26.30511],[89.01868,26.30721],[89.02036,26.30713],[89.02111,26.30918],[89.02172,26.30752],[89.0226,26.30826],[89.0263,26.3063],[89.02093,26.2973],[89.02328,26.29341],[89.0197,26.2899],[89.02168,26.28767],[89.02466,26.28815],[89.02509,26.28617],[89.02993,26.28482],[89.03159,26.28562],[89.03537,26.28328],[89.03863,26.28382],[89.03851,26.28557],[89.04073,26.28587],[89.04061,26.28403],[89.03734,26.28251],[89.04028,26.28083],[89.03833,26.27824],[89.04014,26.27819],[89.03982,26.27662],[89.04508,26.27526],[89.04461,26.27943],[89.04328,26.27937],[89.04586,26.28076],[89.04812,26.27987],[89.04892,26.28712],[89.05035,26.28808],[89.04776,26.28848],[89.04729,26.28272],[89.04592,26.28423],[89.04474,26.28368],[89.04548,26.28925],[89.04643,26.28893],[89.04422,26.29001],[89.04206,26.29011],[89.04527,26.29112],[89.04635,26.29573],[89.05229,26.29614],[89.05304,26.29208],[89.05625,26.29393],[89.05859,26.29334],[89.06026,26.2897],[89.05747,26.28604],[89.06213,26.28167],[89.06209,26.27807],[89.05471,26.27766],[89.0543,26.27636],[89.05874,26.27579],[89.06292,26.27024],[89.06,26.26772],[89.06251,26.25957],[89.06013,26.25692],[89.06287,26.25587],[89.06233,26.25373],[89.05905,26.25409],[89.05459,26.25749],[89.05194,26.25611],[89.05117,26.2528],[89.04883,26.25181],[89.04832,26.24988],[89.04794,26.2458],[89.04996,26.24547],[89.05062,26.24177],[89.04599,26.24076],[89.03729,26.24583],[89.03667,26.24248],[89.03408,26.24301],[89.03297,26.2468],[89.02747,26.24773],[89.02727,26.24416],[89.0214,26.24509],[89.01892,26.24223],[89.01722,26.23801],[89.01942,26.23298],[89.02166,26.23155],[89.02204,26.22796],[89.03324,26.22488],[89.03613,26.22037],[89.03206,26.21059],[89.03305,26.20365],[89.02912,26.19867],[89.02369,26.19829],[89.0193,26.19134],[89.02293,26.19251],[89.02831,26.1891],[89.03036,26.18234],[89.03313,26.18076],[89.03334,26.17866],[89.03548,26.182],[89.03741,26.18189],[89.0349,26.17856],[89.03725,26.17441],[89.04146,26.17389],[89.04197,26.17675],[89.04372,26.1742],[89.04741,26.17508],[89.05702,26.16791],[89.0616,26.17015],[89.06529,26.16929],[89.06655,26.17051],[89.07292,26.17055],[89.08331,26.16206],[89.08512,26.15677],[89.09401,26.15106],[89.09795,26.14628],[89.09675,26.13638],[89.1016,26.12037],[89.09874,26.11572],[89.09034,26.1153],[89.09067,26.10527],[89.089,26.09974],[89.08913,26.08875],[89.09943,26.07623],[89.0951,26.07422],[89.09204,26.07046],[89.09456,26.06336],[89.09035,26.05993],[89.09619,26.04543],[89.09568,26.0405],[89.09762,26.03619],[89.09349,26.03372],[89.10158,26.02722],[89.0996,26.02627],[89.10168,26.0182],[89.10621,26.01384],[89.11223,25.9936],[89.11546,25.99092],[89.11964,25.98996],[89.12096,25.98461],[89.12365,25.98134],[89.12908,25.97854],[89.14184,25.96417],[89.15636,25.95358],[89.1727,25.95074],[89.17605,25.95295],[89.1795,25.95271],[89.19205,25.94261],[89.19672,25.94634],[89.20058,25.9456],[89.20276,25.93938],[89.20476,25.93922],[89.20668,25.93584],[89.2108,25.93327],[89.21166,25.92768],[89.21764,25.92034],[89.22017,25.92003],[89.22231,25.92302],[89.22336,25.91734],[89.23012,25.9116],[89.23483,25.90467],[89.2474,25.90083],[89.25217,25.89716],[89.25891,25.89754],[89.26408,25.8904],[89.27222,25.89224],[89.27579,25.89626],[89.27931,25.89664],[89.28177,25.89624],[89.28512,25.89144],[89.29136,25.88998],[89.28914,25.88963],[89.29278,25.88049],[89.29637,25.87588],[89.29869,25.87639],[89.30054,25.87295],[89.30359,25.87121],[89.30547,25.86676],[89.30815,25.86474],[89.31302,25.86452],[89.31629,25.85794],[89.32787,25.85674],[89.32864,25.8546],[89.3348,25.85036],[89.33444,25.83751],[89.33878,25.83175],[89.34226,25.83238],[89.3475,25.82806],[89.34908,25.82532],[89.34651,25.8226],[89.34751,25.82111],[89.35314,25.82175],[89.36197,25.81688],[89.36729,25.81862],[89.37061,25.81751],[89.3713,25.81003],[89.37627,25.80427],[89.38397,25.80083],[89.38572,25.79807],[89.3924,25.79609],[89.40865,25.79585],[89.41128,25.79352],[89.4146,25.79271],[89.4164,25.79405],[89.41889,25.79225],[89.41966,25.7935],[89.42939,25.79518],[89.42946,25.7883],[89.43785,25.78845],[89.44286,25.78613],[89.44643,25.78697],[89.44697,25.78419],[89.45069,25.78791],[89.45523,25.78391],[89.45775,25.78661],[89.45919,25.78638],[89.46086,25.78922],[89.46187,25.79877],[89.46146,25.80219],[89.45907,25.8047],[89.46048,25.80754],[89.45892,25.8097],[89.45939,25.81217],[89.46483,25.81425],[89.46662,25.81166],[89.4668,25.81456],[89.46979,25.81146],[89.47187,25.81286],[89.46859,25.8147],[89.47065,25.81678],[89.4703,25.81875],[89.46906,25.81862],[89.4694,25.81703],[89.46633,25.81739],[89.46282,25.82292],[89.4608,25.82084],[89.4593,25.82079],[89.45933,25.8225],[89.4582,25.82003],[89.4559,25.82022],[89.4561,25.81651],[89.45179,25.81746],[89.45208,25.82247],[89.4538,25.82269],[89.45475,25.82503],[89.46372,25.82951],[89.46606,25.82915],[89.46711,25.82597],[89.46856,25.82672],[89.47036,25.82493],[89.471,25.82628],[89.47471,25.82672],[89.47558,25.83044],[89.47782,25.83221],[89.47746,25.83481],[89.47921,25.83346],[89.47975,25.83472],[89.48277,25.83402],[89.48254,25.83221],[89.48462,25.8314],[89.48261,25.82963],[89.48377,25.82656],[89.48563,25.82583],[89.48534,25.82166],[89.49014,25.81692],[89.48765,25.81536],[89.48862,25.81324],[89.49,25.8123],[89.49679,25.81304],[89.49229,25.8091],[89.49699,25.81035],[89.49865,25.80755],[89.50594,25.80516],[89.50882,25.80825],[89.5112,25.80573],[89.51905,25.80545],[89.51913,25.81229],[89.52105,25.81449],[89.51653,25.81601],[89.51677,25.82033],[89.52017,25.82047],[89.52237,25.81409],[89.52943,25.8141],[89.53307,25.8166],[89.53575,25.82392],[89.5349,25.82681],[89.53621,25.82852],[89.53665,25.83895],[89.53343,25.84083],[89.53216,25.85258],[89.53369,25.85902],[89.53282,25.86399],[89.53138,25.86254],[89.52993,25.86556],[89.5327,25.86849],[89.54511,25.8646],[89.54541,25.86281],[89.55228,25.86162],[89.55467,25.86417],[89.55444,25.87726],[89.55978,25.87897],[89.56555,25.87882],[89.56701,25.88121],[89.57089,25.88262],[89.57093,25.88547],[89.56412,25.88489],[89.56064,25.88719],[89.55782,25.88587],[89.55393,25.88838],[89.54631,25.88863],[89.5443,25.89671],[89.53892,25.8982],[89.53751,25.90013],[89.5334,25.9002],[89.52951,25.9153],[89.52277,25.91496],[89.51746,25.91753],[89.51624,25.92178],[89.51767,25.92612],[89.513,25.92908],[89.51176,25.93357],[89.50975,25.93342],[89.51212,25.93851],[89.5116,25.94412],[89.49663,25.95435],[89.50086,25.9554],[89.50372,25.95901],[89.50355,25.96408],[89.49868,25.96615],[89.50226,25.96749],[89.50102,25.97019],[89.49953,25.97051],[89.49579,25.96497],[89.49076,25.96434],[89.49058,25.96255],[89.48196,25.9618],[89.47249,25.97621],[89.47581,25.9856],[89.48192,25.99049],[89.48124,25.99754]],[[89.02539,26.24059],[89.02202,26.24267],[89.02587,26.24268],[89.02539,26.24059]]]]}},{"type":"Feature","properties":{"ADM2_EN":"Madaripur","ADM1_EN":"Dhaka"},"geometry":{"type":"Polygon","coordinates":[[[90.34879,23.05675],[90.3429,23.06158],[90.3416,23.06574],[90.33616,23.06961],[90.34014,23.07136],[90.34033,23.07328],[90.34425,23.07636],[90.34413,23.08059],[90.34753,23.09007],[90.35138,23.09312],[90.35237,23.1042],[90.34985,23.10701],[90.35227,23.10995],[90.35316,23.11478],[90.3486,23.11449],[90.3463,23.11864],[90.34854,23.12317],[90.34765,23.1287],[90.3529,23.13275],[90.3545,23.13895],[90.3436,23.14006],[90.3402,23.13778],[90.34029,23.13459],[90.33827,23.13342],[90.33472,23.13565],[90.33418,23.13756],[90.32902,23.1376],[90.32349,23.13446],[90.31726,23.13707],[90.30922,23.13226],[90.30973,23.13767],[90.30799,23.14475],[90.29686,23.14356],[90.29545,23.14517],[90.29241,23.14541],[90.28983,23.16201],[90.28812,23.16384],[90.29049,23.17379],[90.28399,23.18148],[90.28603,23.19285],[90.28377,23.1972],[90.27569,23.19958],[90.27364,23.19587],[90.26594,23.20975],[90.25421,23.21047],[90.24719,23.21653],[90.24707,23.22346],[90.25031,23.23498],[90.2418,23.23102],[90.24202,23.24661],[90.23916,23.25366],[90.23448,23.26045],[90.22894,23.26148],[90.22765,23.26345],[90.2329,23.27426],[90.23487,23.28439],[90.23724,23.28868],[90.23919,23.28913],[90.23778,23.29558],[90.23897,23.29739],[90.23764,23.29842],[90.24243,23.30361],[90.24402,23.31684],[90.23842,23.32691],[90.23097,23.3281],[90.2279,23.33269],[90.2376,23.3366],[90.24717,23.34316],[90.24838,23.34939],[90.24457,23.34863],[90.24272,23.35526],[90.23684,23.35506],[90.23323,23.35692],[90.2327,23.36202],[90.23564,23.3696],[90.24536,23.37759],[90.25951,23.37979],[90.26446,23.37925],[90.25839,23.38626],[90.24469,23.39114],[90.24121,23.39412],[90.22908,23.39415],[90.227,23.39468],[90.2266,23.39671],[90.22403,23.39671],[90.22172,23.39866],[90.22201,23.40848],[90.22055,23.41138],[90.22414,23.41309],[90.22875,23.41302],[90.22905,23.41483],[90.23814,23.41725],[90.242,23.42121],[90.24034,23.42515],[90.24523,23.42762],[90.25269,23.42863],[90.25812,23.42662],[90.26931,23.42728],[90.27067,23.42924],[90.2712,23.4269],[90.27283,23.42993],[90.27067,23.43052],[90.27056,23.43275],[90.27364,23.43449],[90.28138,23.44651],[90.26207,23.45655],[90.24766,23.46149],[90.182,23.49804],[90.17194,23.4889],[90.16519,23.48984],[90.16161,23.4733],[90.15745,23.46632],[90.15462,23.46522],[90.15159,23.46639],[90.14144,23.47538],[90.13519,23.4652],[90.12205,23.45798],[90.11069,23.45634],[90.1089,23.45366],[90.10762,23.44684],[90.10575,23.4467],[90.10845,23.44271],[90.10669,23.44054],[90.10734,23.43861],[90.10848,23.43682],[90.10867,23.43828],[90.11039,23.43844],[90.10888,23.43507],[90.11093,23.43155],[90.10432,23.42425],[90.10257,23.42012],[90.09311,23.41215],[90.09772,23.41182],[90.10134,23.41374],[90.11003,23.4126],[90.11166,23.41118],[90.09562,23.40176],[90.09742,23.39911],[90.0955,23.38615],[90.10092,23.38342],[90.10125,23.382],[90.0972,23.38048],[90.08781,23.36692],[90.08915,23.36197],[90.08405,23.34915],[90.08646,23.34824],[90.08631,23.34707],[90.09188,23.34837],[90.09262,23.34325],[90.09847,23.34284],[90.09823,23.3403],[90.09944,23.34039],[90.09928,23.33794],[90.10228,23.33334],[90.09515,23.33102],[90.09555,23.32728],[90.09158,23.32646],[90.09276,23.31231],[90.08439,23.30602],[90.07567,23.30921],[90.06759,23.30519],[90.06187,23.31575],[90.05386,23.32507],[90.04546,23.33017],[90.04014,23.33866],[90.03407,23.34057],[90.0311,23.33753],[90.03269,23.33208],[90.03134,23.31695],[90.03302,23.31464],[90.02513,23.30456],[90.02527,23.29078],[90.02389,23.28825],[90.02507,23.28699],[90.02329,23.27826],[90.02123,23.27513],[90.02516,23.27326],[90.02714,23.26657],[90.03069,23.26636],[90.03129,23.26428],[90.02283,23.25566],[90.02608,23.25077],[90.02374,23.2516],[90.02364,23.2497],[90.02509,23.249],[90.02173,23.2461],[90.02343,23.24043],[90.02131,23.23567],[90.01785,23.23041],[90.01208,23.23459],[90.00933,23.2347],[90.00837,23.22989],[90.00132,23.22685],[89.9965,23.2168],[89.99061,23.21903],[89.98473,23.21823],[89.98464,23.21148],[89.98139,23.21109],[89.98152,23.19955],[89.97877,23.1991],[89.97633,23.19554],[89.97586,23.18759],[89.9773,23.1819],[89.97142,23.18105],[89.96983,23.17508],[89.96807,23.17412],[89.96658,23.16461],[89.9628,23.16076],[89.9491,23.1623],[89.94895,23.15767],[89.94388,23.15745],[89.94284,23.15562],[89.94439,23.14385],[89.94269,23.14358],[89.94073,23.14045],[89.94263,23.13623],[89.94068,23.12406],[89.93764,23.12437],[89.93613,23.11806],[89.94137,23.11614],[89.94841,23.11521],[89.94972,23.1161],[89.95288,23.11399],[89.95459,23.11523],[89.96312,23.11393],[89.96834,23.1098],[89.98422,23.11049],[89.98748,23.1158],[89.99283,23.13194],[89.99729,23.13118],[90.00041,23.13429],[90.01204,23.13878],[90.01445,23.13568],[90.01368,23.12922],[90.03253,23.12543],[90.04414,23.1213],[90.04431,23.11917],[90.04206,23.11873],[90.04088,23.11561],[90.04075,23.10873],[90.0424,23.10563],[90.05036,23.1065],[90.06212,23.12015],[90.074,23.11924],[90.08084,23.12602],[90.08194,23.12498],[90.07866,23.1195],[90.07957,23.11317],[90.0959,23.11348],[90.10422,23.11569],[90.10466,23.11772],[90.10907,23.1174],[90.10931,23.11285],[90.1186,23.11174],[90.1188,23.10909],[90.11456,23.10773],[90.11012,23.10284],[90.10838,23.07687],[90.11058,23.07448],[90.1174,23.07466],[90.1181,23.07726],[90.12013,23.07747],[90.12571,23.07263],[90.13164,23.07065],[90.12735,23.06933],[90.12418,23.06508],[90.11288,23.06745],[90.11043,23.06639],[90.11135,23.05395],[90.11589,23.04274],[90.11625,23.03707],[90.11484,23.0339],[90.12069,23.02709],[90.12616,23.02736],[90.13453,23.04312],[90.13464,23.04518],[90.13222,23.04717],[90.13309,23.04973],[90.13532,23.04979],[90.1369,23.05293],[90.14014,23.0544],[90.14317,23.05346],[90.14867,23.05489],[90.15504,23.05265],[90.16005,23.0591],[90.1578,23.06294],[90.16176,23.06434],[90.16497,23.06762],[90.17261,23.06645],[90.1775,23.06175],[90.18063,23.06368],[90.18032,23.06086],[90.18288,23.05864],[90.18477,23.06014],[90.18727,23.05971],[90.18818,23.05726],[90.19302,23.05825],[90.19476,23.05451],[90.19767,23.05425],[90.1994,23.05581],[90.20086,23.05379],[90.20396,23.05729],[90.20301,23.0632],[90.20475,23.06294],[90.21054,23.06674],[90.21219,23.06938],[90.21377,23.0699],[90.21626,23.06656],[90.22005,23.06566],[90.22261,23.05982],[90.22624,23.05725],[90.22604,23.05214],[90.22916,23.05032],[90.23182,23.04625],[90.23672,23.04469],[90.23834,23.03694],[90.23326,23.02273],[90.23313,23.00867],[90.23515,23.00657],[90.23048,22.99179],[90.22989,22.97949],[90.23529,22.96918],[90.2385,22.96605],[90.24744,22.97464],[90.25266,22.97548],[90.25763,22.974],[90.25913,22.97169],[90.25539,22.96478],[90.25719,22.96432],[90.26635,22.97016],[90.27603,22.97399],[90.28236,22.9749],[90.2911,22.97251],[90.29539,22.97529],[90.31988,22.98146],[90.32676,22.99412],[90.32945,23.00735],[90.32612,23.01943],[90.31932,23.02582],[90.31447,23.03534],[90.31575,23.05288],[90.32344,23.05613],[90.32594,23.05547],[90.33053,23.05811],[90.33504,23.05589],[90.34879,23.05675]]]}},{"type":"Feature","properties":{"ADM2_EN":"Magura","ADM1_EN":"Khulna"},"geometry":{"type":"Polygon","coordinates":[[[89.49732,23.57906],[89.48423,23.59276],[89.47061,23.59713],[89.4704,23.59951],[89.48218,23.62003],[89.48021,23.62745],[89.46995,23.63482],[89.45579,23.63877],[89.44233,23.63884],[89.43975,23.64034],[89.43567,23.64919],[89.43954,23.65561],[89.43951,23.65885],[89.41678,23.67303],[89.41201,23.68154],[89.40409,23.68145],[89.3857,23.67651],[89.37904,23.67096],[89.37516,23.66471],[89.36649,23.66412],[89.36605,23.66129],[89.37289,23.66426],[89.37673,23.6635],[89.37179,23.65652],[89.37192,23.65467],[89.36923,23.65354],[89.36618,23.6466],[89.36231,23.64757],[89.35704,23.63876],[89.35498,23.639],[89.35458,23.63672],[89.35669,23.63636],[89.35731,23.63274],[89.35527,23.63038],[89.35262,23.61695],[89.35062,23.61628],[89.35012,23.61408],[89.34758,23.61441],[89.34582,23.59913],[89.34387,23.59777],[89.34093,23.58889],[89.34511,23.58659],[89.34498,23.57857],[89.33793,23.56804],[89.33443,23.56894],[89.3272,23.56494],[89.32506,23.56637],[89.32312,23.56515],[89.31798,23.55552],[89.31395,23.55324],[89.31426,23.54482],[89.31193,23.54402],[89.31066,23.54097],[89.3054,23.54017],[89.3065,23.53757],[89.30336,23.52693],[89.30394,23.52278],[89.30647,23.5207],[89.30699,23.5178],[89.30317,23.5124],[89.30916,23.50665],[89.30679,23.50226],[89.30107,23.50383],[89.29805,23.49755],[89.29969,23.49541],[89.30406,23.49444],[89.30696,23.48234],[89.30624,23.46925],[89.30248,23.46815],[89.30123,23.46551],[89.30267,23.46408],[89.303,23.45503],[89.29995,23.4542],[89.29814,23.45521],[89.30074,23.45139],[89.29697,23.45224],[89.29718,23.45055],[89.29365,23.44895],[89.29562,23.44799],[89.29046,23.44675],[89.28281,23.43802],[89.28115,23.43908],[89.28003,23.43723],[89.27736,23.4387],[89.27516,23.43615],[89.26464,23.43926],[89.26371,23.4407],[89.25681,23.44108],[89.25615,23.44009],[89.25605,23.43371],[89.26368,23.43324],[89.26414,23.42981],[89.2712,23.42822],[89.26783,23.42347],[89.26053,23.42055],[89.25722,23.41528],[89.25506,23.41469],[89.25533,23.41296],[89.26089,23.40907],[89.25697,23.40382],[89.25292,23.40462],[89.2498,23.40364],[89.24925,23.40076],[89.2523,23.39784],[89.25237,23.39553],[89.24596,23.39254],[89.25037,23.38255],[89.24425,23.37961],[89.24403,23.37723],[89.24555,23.37608],[89.25121,23.37636],[89.25808,23.3705],[89.26109,23.37274],[89.2647,23.37249],[89.26771,23.36944],[89.2742,23.36736],[89.27506,23.3683],[89.27762,23.36393],[89.27392,23.36178],[89.27292,23.35579],[89.28168,23.3487],[89.28441,23.34938],[89.28271,23.34022],[89.2847,23.34046],[89.28907,23.3351],[89.29168,23.33453],[89.2954,23.33104],[89.30052,23.33025],[89.30172,23.32663],[89.30481,23.32549],[89.3048,23.32364],[89.30643,23.3228],[89.30497,23.32205],[89.3073,23.32081],[89.30812,23.31821],[89.31079,23.318],[89.31325,23.325],[89.31558,23.32561],[89.31866,23.32396],[89.32465,23.30977],[89.32191,23.30334],[89.32227,23.29953],[89.32579,23.29827],[89.33673,23.30352],[89.34227,23.29347],[89.34362,23.28388],[89.34815,23.28449],[89.35212,23.28915],[89.35704,23.29199],[89.3585,23.29675],[89.36326,23.29611],[89.36642,23.30211],[89.36852,23.30224],[89.37251,23.29979],[89.37363,23.28956],[89.3789,23.29029],[89.37954,23.28938],[89.37743,23.28949],[89.37747,23.28801],[89.38196,23.28827],[89.38601,23.28447],[89.39368,23.28251],[89.39438,23.28048],[89.39759,23.28005],[89.39973,23.27597],[89.4094,23.27217],[89.40922,23.26887],[89.41459,23.2694],[89.41521,23.26754],[89.4184,23.2679],[89.41842,23.26621],[89.42076,23.26623],[89.42557,23.25872],[89.43527,23.2588],[89.44034,23.26184],[89.44804,23.25753],[89.45505,23.25722],[89.45508,23.26388],[89.45635,23.26469],[89.45776,23.26325],[89.45838,23.2672],[89.46261,23.26786],[89.46131,23.27288],[89.46365,23.28398],[89.47171,23.28775],[89.48029,23.28492],[89.4768,23.29459],[89.47905,23.29945],[89.4845,23.29805],[89.48542,23.29626],[89.49023,23.29667],[89.49319,23.29469],[89.49815,23.29529],[89.50362,23.28811],[89.51045,23.28807],[89.5166,23.28443],[89.51663,23.28009],[89.52448,23.27818],[89.52743,23.28449],[89.52778,23.29053],[89.53256,23.29609],[89.53425,23.30318],[89.54007,23.30503],[89.5437,23.30454],[89.54494,23.30686],[89.556,23.30849],[89.55939,23.31311],[89.56014,23.32039],[89.57001,23.31937],[89.57702,23.32084],[89.5785,23.32339],[89.58147,23.32199],[89.58968,23.32165],[89.59268,23.31956],[89.60464,23.32103],[89.60447,23.31221],[89.61422,23.30848],[89.61765,23.30444],[89.62101,23.30772],[89.63331,23.29774],[89.6396,23.29691],[89.64536,23.29855],[89.62992,23.30399],[89.62221,23.30934],[89.6165,23.31673],[89.60326,23.34129],[89.60361,23.34749],[89.60714,23.35779],[89.60802,23.36979],[89.59941,23.37916],[89.60636,23.38211],[89.61421,23.38156],[89.61759,23.38682],[89.61598,23.39664],[89.60851,23.41242],[89.60685,23.4208],[89.60764,23.46303],[89.60596,23.47269],[89.60064,23.47875],[89.5724,23.49807],[89.52608,23.51311],[89.51826,23.51303],[89.51002,23.50924],[89.508,23.50541],[89.50933,23.49395],[89.50762,23.47819],[89.49704,23.47464],[89.4939,23.47672],[89.49022,23.4826],[89.48973,23.49989],[89.49229,23.50685],[89.50031,23.51975],[89.5072,23.52484],[89.51861,23.52954],[89.53289,23.52889],[89.53557,23.53118],[89.5375,23.53606],[89.53536,23.54023],[89.52304,23.55055],[89.50661,23.55245],[89.49951,23.55778],[89.4981,23.56265],[89.50001,23.57208],[89.49732,23.57906]]]}},{"type":"Feature","properties":{"ADM2_EN":"Manikganj","ADM1_EN":"Dhaka"},"geometry":{"type":"Polygon","coordinates":[[[90.00759,24.01136],[90.0066,24.01048],[90.00903,24.00322],[90.0025,24.00139],[89.99463,24.00258],[89.99313,23.99997],[89.99021,23.9991],[89.99117,24.0006],[89.99014,24.00177],[89.99224,24.00137],[89.9926,24.00464],[89.98999,24.00489],[89.98852,24.00944],[89.97715,24.0119],[89.97662,24.01756],[89.98541,24.01861],[89.98474,24.02232],[89.97967,24.02701],[89.98074,24.03273],[89.97211,24.03604],[89.97109,24.03432],[89.97458,24.03262],[89.97347,24.03051],[89.96838,24.03024],[89.96687,24.0144],[89.95876,24.01532],[89.95779,24.0177],[89.95443,24.01866],[89.95506,24.02176],[89.94991,24.02343],[89.95092,24.02602],[89.94844,24.02827],[89.94722,24.02568],[89.9474,24.01662],[89.94161,24.01742],[89.94189,24.01439],[89.93871,24.01182],[89.93917,24.01031],[89.94251,24.00966],[89.94295,24.00769],[89.94671,24.0072],[89.94723,24.00433],[89.93899,24.00442],[89.93477,23.99688],[89.93136,23.99592],[89.93056,23.99773],[89.93715,24.00505],[89.93704,24.00654],[89.92416,24.00312],[89.92142,23.99916],[89.91689,23.99932],[89.91386,23.9945],[89.90783,23.99473],[89.90878,23.99799],[89.90705,23.99863],[89.90439,23.99273],[89.90552,23.988],[89.89403,23.9859],[89.89384,23.9817],[89.88927,23.9798],[89.88941,23.97575],[89.89386,23.97244],[89.89292,23.9701],[89.88152,23.97106],[89.87854,23.97701],[89.87845,23.98148],[89.88034,23.98429],[89.87676,23.9857],[89.8765,23.99417],[89.87358,23.99415],[89.87087,23.99138],[89.86635,23.99162],[89.86572,23.98584],[89.86963,23.9839],[89.86873,23.97845],[89.86597,23.97603],[89.86896,23.97133],[89.86453,23.96879],[89.86246,23.96574],[89.86027,23.96493],[89.85843,23.96634],[89.85539,23.96359],[89.85376,23.96411],[89.85345,23.96692],[89.85143,23.96761],[89.85014,23.97088],[89.84613,23.97116],[89.84478,23.96704],[89.84102,23.96819],[89.8416,23.97247],[89.83909,23.97314],[89.83876,23.97641],[89.83002,23.97869],[89.8282,23.97794],[89.82661,23.9813],[89.81878,23.98221],[89.81733,23.97838],[89.81299,23.97841],[89.81229,23.9724],[89.80622,23.97308],[89.80583,23.97759],[89.80351,23.97927],[89.7927,23.97912],[89.79327,23.98691],[89.7868,23.98733],[89.78363,23.9798],[89.77405,23.97353],[89.77158,23.97656],[89.76437,23.97823],[89.76872,23.98306],[89.77667,23.98753],[89.77763,23.99061],[89.77561,23.99275],[89.78563,24.00985],[89.78817,24.02729],[89.7852,24.03525],[89.77462,24.02745],[89.76613,24.02373],[89.75875,24.02222],[89.74991,24.02348],[89.74107,24.02199],[89.73332,24.01963],[89.72158,24.01353],[89.71129,24.00728],[89.69929,23.99734],[89.6934,23.9873],[89.69142,23.97613],[89.69277,23.94273],[89.68393,23.93936],[89.6861,23.93776],[89.68743,23.93264],[89.6845,23.92525],[89.68791,23.9235],[89.69542,23.92392],[89.69671,23.91429],[89.70052,23.9026],[89.69843,23.90002],[89.69823,23.89594],[89.70231,23.89552],[89.70259,23.89224],[89.6994,23.88988],[89.69786,23.88501],[89.70083,23.88116],[89.69628,23.87299],[89.69696,23.86661],[89.69829,23.86654],[89.70092,23.87677],[89.70383,23.8771],[89.70711,23.86796],[89.71013,23.8671],[89.71217,23.85836],[89.73086,23.8398],[89.73274,23.83537],[89.74209,23.83316],[89.77094,23.83329],[89.7772,23.80377],[89.78091,23.7977],[89.81094,23.77268],[89.81674,23.76352],[89.83582,23.75099],[89.83972,23.74218],[89.85518,23.73108],[89.8649,23.71887],[89.88858,23.68424],[89.8977,23.67369],[89.91033,23.67236],[89.92085,23.66847],[89.92862,23.66241],[89.93221,23.65728],[89.93809,23.65387],[89.99369,23.64107],[90.0077,23.63494],[90.00716,23.64471],[90.01653,23.65049],[90.01985,23.65606],[90.02053,23.66564],[90.01829,23.671],[90.02233,23.67426],[90.02619,23.67174],[90.03053,23.6764],[90.0307,23.68054],[90.03469,23.68115],[90.03515,23.6834],[90.03622,23.68195],[90.03711,23.68272],[90.03791,23.68494],[90.03473,23.68695],[90.0383,23.69029],[90.03667,23.69526],[90.0411,23.69381],[90.04261,23.6947],[90.03993,23.69581],[90.03986,23.69899],[90.03676,23.70048],[90.04014,23.70102],[90.04062,23.70582],[90.04307,23.70713],[90.04201,23.71282],[90.04535,23.71134],[90.05108,23.713],[90.0527,23.71873],[90.05121,23.72561],[90.05281,23.72653],[90.05598,23.72724],[90.0588,23.72501],[90.06964,23.72675],[90.06936,23.72433],[90.07444,23.72308],[90.07587,23.71866],[90.07901,23.71967],[90.08068,23.71691],[90.08183,23.72547],[90.08426,23.72935],[90.10084,23.73008],[90.10806,23.72808],[90.10476,23.72707],[90.10517,23.71883],[90.1147,23.71716],[90.11754,23.72079],[90.11674,23.72492],[90.12094,23.72608],[90.12382,23.73456],[90.12939,23.73468],[90.13732,23.74611],[90.14235,23.74576],[90.14613,23.74814],[90.14891,23.74643],[90.15437,23.74767],[90.15694,23.74537],[90.15875,23.73782],[90.15562,23.73322],[90.15899,23.72605],[90.16395,23.72536],[90.16957,23.72721],[90.17639,23.72625],[90.18283,23.72197],[90.18577,23.72232],[90.1884,23.71656],[90.19091,23.72233],[90.1934,23.7218],[90.19801,23.72351],[90.20294,23.72239],[90.20364,23.72533],[90.20532,23.72606],[90.21194,23.72155],[90.21795,23.7118],[90.22385,23.70953],[90.22633,23.70928],[90.23603,23.71325],[90.23673,23.71567],[90.25365,23.71469],[90.25568,23.71559],[90.25418,23.72174],[90.25107,23.72488],[90.24083,23.73134],[90.23791,23.73575],[90.22364,23.73924],[90.21981,23.74399],[90.21856,23.74831],[90.21973,23.75212],[90.22464,23.75802],[90.22623,23.76428],[90.23654,23.77974],[90.24114,23.77817],[90.24766,23.80973],[90.2454,23.83895],[90.2396,23.83212],[90.22741,23.8353],[90.21868,23.84017],[90.21259,23.83945],[90.20638,23.83571],[90.20355,23.83798],[90.20383,23.8306],[90.19719,23.8303],[90.19731,23.82388],[90.18541,23.8183],[90.181,23.82131],[90.17532,23.82212],[90.17371,23.81798],[90.17194,23.81794],[90.17188,23.8278],[90.16629,23.82866],[90.16083,23.833],[90.15568,23.83298],[90.15431,23.82879],[90.15088,23.82795],[90.15093,23.83423],[90.14627,23.84448],[90.13044,23.86455],[90.12756,23.86539],[90.12156,23.87354],[90.11798,23.8735],[90.11605,23.87558],[90.11267,23.88518],[90.11288,23.88856],[90.108,23.89578],[90.09784,23.90201],[90.09312,23.90117],[90.09323,23.90488],[90.08576,23.91138],[90.08038,23.91088],[90.07596,23.90638],[90.07241,23.90518],[90.06833,23.90826],[90.06664,23.91686],[90.07401,23.92326],[90.07472,23.92582],[90.07367,23.92701],[90.06915,23.9267],[90.06688,23.92847],[90.06597,23.93348],[90.06765,23.94164],[90.06352,23.95095],[90.06481,23.95295],[90.06896,23.95401],[90.07372,23.95766],[90.07424,23.95984],[90.06642,23.96048],[90.06043,23.95769],[90.05061,23.96062],[90.04698,23.96243],[90.03801,23.97172],[90.04433,23.97357],[90.03907,23.97775],[90.03884,23.98259],[90.04395,23.98655],[90.05018,23.989],[90.0521,23.99359],[90.05607,23.99697],[90.05643,23.99956],[90.05106,23.99927],[90.04795,23.99628],[90.04506,23.99599],[90.04338,23.99806],[90.04419,24.00317],[90.04297,24.00455],[90.03141,24.00606],[90.0297,24.00365],[90.02487,24.00541],[90.02305,24.00754],[90.02398,24.01176],[90.02213,24.01482],[90.01982,24.01426],[90.01971,24.00969],[90.01343,24.01242],[90.01348,24.00761],[90.00759,24.01136]]]}},{"type":"Feature","properties":{"ADM2_EN":"Maulvibazar","ADM1_EN":"Sylhet"},"geometry":{"type":"Polygon","coordinates":[[[91.64519,24.174],[91.64668,24.17876],[91.65503,24.17581],[91.65748,24.17969],[91.65889,24.18321],[91.65744,24.18493],[91.66007,24.18967],[91.6575,24.19338],[91.65905,24.19554],[91.65253,24.19603],[91.65265,24.19833],[91.65403,24.19862],[91.653,24.20183],[91.65444,24.20266],[91.65255,24.20372],[91.65102,24.20903],[91.65232,24.20959],[91.64715,24.21532],[91.64872,24.21659],[91.6482,24.21949],[91.64968,24.22059],[91.65085,24.2185],[91.6523,24.21974],[91.65423,24.22335],[91.65691,24.22469],[91.65617,24.22615],[91.65786,24.22795],[91.66271,24.23023],[91.66415,24.22923],[91.66534,24.23366],[91.66799,24.2312],[91.66791,24.22323],[91.6659,24.21722],[91.66782,24.21668],[91.66691,24.21066],[91.6696,24.20915],[91.67154,24.20457],[91.67332,24.20383],[91.67268,24.20255],[91.6747,24.2022],[91.67386,24.20125],[91.67662,24.20076],[91.6756,24.19791],[91.67789,24.19687],[91.67722,24.19444],[91.67953,24.19362],[91.68053,24.18919],[91.67882,24.18766],[91.68075,24.18413],[91.67987,24.17918],[91.6811,24.17781],[91.67995,24.17676],[91.68134,24.17674],[91.68011,24.17574],[91.6825,24.17426],[91.68189,24.17233],[91.68438,24.16629],[91.68875,24.1643],[91.6882,24.16222],[91.6949,24.15967],[91.69737,24.1638],[91.70328,24.16368],[91.70633,24.15788],[91.70601,24.15441],[91.71331,24.15302],[91.71435,24.15391],[91.71672,24.15213],[91.72169,24.15262],[91.72326,24.14846],[91.72661,24.14675],[91.72833,24.14341],[91.73098,24.14376],[91.73237,24.1459],[91.73418,24.14383],[91.73663,24.14604],[91.73943,24.14166],[91.74122,24.14293],[91.74351,24.14118],[91.74473,24.14317],[91.74621,24.14127],[91.75166,24.14272],[91.75918,24.14157],[91.75975,24.14552],[91.74497,24.24709],[91.79138,24.21988],[91.7937,24.22104],[91.79424,24.21965],[91.79569,24.22062],[91.79782,24.21968],[91.79872,24.2209],[91.80227,24.21947],[91.80601,24.22084],[91.80705,24.21936],[91.80585,24.21884],[91.81038,24.21725],[91.81292,24.2137],[91.81247,24.21211],[91.8152,24.21219],[91.81619,24.21011],[91.81897,24.2108],[91.82069,24.20937],[91.82152,24.21101],[91.82379,24.21024],[91.82641,24.21377],[91.82916,24.21328],[91.83122,24.21834],[91.83576,24.21781],[91.83781,24.21889],[91.83695,24.22571],[91.84321,24.2265],[91.84573,24.22505],[91.84266,24.22275],[91.84298,24.22038],[91.84925,24.22134],[91.84965,24.22031],[91.84568,24.21752],[91.84756,24.21799],[91.84855,24.21615],[91.85094,24.21683],[91.8517,24.21487],[91.85509,24.21321],[91.85441,24.21178],[91.84976,24.21289],[91.85206,24.20874],[91.85156,24.2078],[91.84917,24.20853],[91.84911,24.2038],[91.846,24.20073],[91.84393,24.20212],[91.8419,24.20148],[91.84413,24.19987],[91.84392,24.19688],[91.84519,24.19749],[91.84476,24.1957],[91.84711,24.19325],[91.84481,24.18993],[91.84676,24.18915],[91.84798,24.18496],[91.84925,24.18541],[91.85105,24.18199],[91.85416,24.18359],[91.85816,24.18073],[91.86113,24.18289],[91.86106,24.18144],[91.86506,24.18016],[91.86603,24.17667],[91.86928,24.17734],[91.87139,24.17471],[91.87391,24.17462],[91.87344,24.17112],[91.87542,24.17141],[91.87628,24.16987],[91.87406,24.16969],[91.8733,24.16802],[91.87475,24.16764],[91.87356,24.16699],[91.8749,24.16526],[91.87369,24.1633],[91.87511,24.16282],[91.87453,24.16155],[91.87658,24.16158],[91.87724,24.15769],[91.87512,24.15526],[91.87901,24.15164],[91.87778,24.15035],[91.87863,24.14635],[91.88119,24.14595],[91.88197,24.14367],[91.88438,24.14271],[91.88456,24.13876],[91.88901,24.13897],[91.89035,24.13661],[91.89577,24.1394],[91.89805,24.13955],[91.90209,24.13705],[91.9057,24.13882],[91.90601,24.14496],[91.91013,24.14647],[91.91122,24.14918],[91.90962,24.15076],[91.91298,24.15163],[91.91094,24.15227],[91.91133,24.15372],[91.91447,24.15377],[91.91274,24.15467],[91.91416,24.15529],[91.913,24.15575],[91.91415,24.15955],[91.91243,24.16092],[91.91386,24.16243],[91.91133,24.1642],[91.9152,24.16671],[91.91132,24.16831],[91.94074,24.26824],[91.9199,24.3376],[91.92187,24.33574],[91.92595,24.33653],[91.92712,24.33918],[91.93155,24.33989],[91.93222,24.34142],[91.93482,24.33984],[91.93834,24.34338],[91.94127,24.34272],[91.94328,24.34906],[91.94597,24.34849],[91.94619,24.35081],[91.95008,24.35095],[91.95667,24.35682],[91.9643,24.35043],[91.96892,24.35028],[91.96584,24.34685],[91.97089,24.3432],[91.97317,24.3334],[91.97704,24.32757],[91.98052,24.3285],[91.98219,24.32404],[91.98546,24.32235],[91.9903,24.32406],[91.99586,24.32218],[91.9964,24.32673],[91.99492,24.33157],[91.99678,24.33694],[91.99561,24.33921],[91.99302,24.33997],[91.99204,24.3435],[91.98921,24.34375],[91.98592,24.35003],[91.98078,24.35456],[91.98138,24.35546],[91.97807,24.35751],[91.97952,24.36056],[91.9818,24.35915],[91.98426,24.35962],[91.98457,24.36101],[91.97828,24.36678],[91.9789,24.3697],[91.97736,24.373],[91.97401,24.3707],[91.97005,24.37456],[91.97265,24.37716],[91.97216,24.37966],[91.96712,24.37904],[91.96722,24.38129],[91.97035,24.38466],[91.98163,24.38116],[91.98351,24.37737],[91.98569,24.377],[91.98822,24.37911],[91.98821,24.38414],[91.99201,24.38771],[91.9919,24.38928],[91.98953,24.39029],[91.99493,24.38822],[91.99617,24.39073],[91.99471,24.39227],[91.9965,24.39388],[92.00183,24.38848],[92.00448,24.38762],[92.00546,24.38577],[92.00434,24.38374],[92.00731,24.38154],[92.01763,24.38474],[92.01999,24.38669],[92.02363,24.38569],[92.02146,24.38344],[92.0247,24.38363],[92.02676,24.37979],[92.03349,24.37879],[92.03579,24.38026],[92.03839,24.37718],[92.04299,24.37765],[92.04396,24.37499],[92.04825,24.37771],[92.04936,24.37556],[92.08013,24.37477],[92.08514,24.37575],[92.08612,24.37343],[92.09033,24.37177],[92.09611,24.37288],[92.09741,24.37641],[92.10008,24.37593],[92.10155,24.37901],[92.09998,24.38065],[92.10197,24.38293],[92.10408,24.38118],[92.10738,24.38212],[92.11029,24.37992],[92.11351,24.38086],[92.11324,24.38239],[92.11528,24.38265],[92.11607,24.38094],[92.11803,24.3807],[92.11784,24.38245],[92.12039,24.38152],[92.12054,24.38353],[92.12182,24.38239],[92.12126,24.38371],[92.1236,24.38474],[92.1217,24.38493],[92.1228,24.38525],[92.1219,24.38715],[92.11908,24.38874],[92.12068,24.38967],[92.11884,24.39016],[92.12249,24.39607],[92.12636,24.39693],[92.12689,24.3999],[92.1283,24.39986],[92.12728,24.40177],[92.13145,24.40676],[92.1349,24.40697],[92.13443,24.41021],[92.13254,24.41111],[92.13275,24.41446],[92.13324,24.41706],[92.1366,24.42017],[92.1367,24.4251],[92.14411,24.42218],[92.14535,24.42352],[92.14763,24.42117],[92.15363,24.42571],[92.15634,24.42275],[92.16033,24.42264],[92.15983,24.42134],[92.16446,24.41903],[92.16745,24.42724],[92.16904,24.42791],[92.16592,24.42826],[92.16698,24.43154],[92.16591,24.43344],[92.16734,24.43469],[92.16622,24.43696],[92.1638,24.43676],[92.16434,24.43895],[92.16252,24.44004],[92.16439,24.4409],[92.16436,24.44477],[92.16091,24.44886],[92.1623,24.45108],[92.16158,24.45278],[92.15949,24.45339],[92.16111,24.45884],[92.158,24.45979],[92.16032,24.46329],[92.15835,24.46392],[92.15791,24.46643],[92.15546,24.46594],[92.15642,24.46873],[92.15811,24.46763],[92.1581,24.46972],[92.15533,24.46981],[92.15419,24.47221],[92.15718,24.4741],[92.15258,24.48163],[92.15349,24.48738],[92.15193,24.48728],[92.1512,24.49115],[92.15357,24.49177],[92.1504,24.49537],[92.15175,24.4996],[92.1538,24.49996],[92.15222,24.50242],[92.15904,24.50733],[92.1534,24.51218],[92.15603,24.51377],[92.15697,24.51268],[92.15813,24.51534],[92.15534,24.51821],[92.15764,24.52203],[92.15486,24.52312],[92.15849,24.52334],[92.16008,24.52549],[92.15873,24.5276],[92.15968,24.52944],[92.16177,24.52762],[92.1656,24.52922],[92.16561,24.53154],[92.1694,24.53188],[92.17353,24.52732],[92.17618,24.52649],[92.17586,24.5236],[92.1797,24.52421],[92.18031,24.52242],[92.18207,24.52396],[92.18282,24.52259],[92.18529,24.52315],[92.18601,24.52096],[92.1879,24.52123],[92.18847,24.51877],[92.19255,24.51831],[92.19609,24.5116],[92.19971,24.51136],[92.20148,24.5076],[92.21253,24.50377],[92.21995,24.51637],[92.2236,24.51743],[92.23103,24.53102],[92.23228,24.57108],[92.23459,24.5754],[92.2331,24.57931],[92.23614,24.59585],[92.23529,24.59764],[92.23907,24.60758],[92.24221,24.61148],[92.24208,24.61512],[92.24363,24.61615],[92.24337,24.62559],[92.24894,24.64105],[92.24981,24.64917],[92.24701,24.65492],[92.24856,24.65861],[92.25153,24.66012],[92.25702,24.67359],[92.25438,24.67527],[92.25434,24.67818],[92.25595,24.67981],[92.2583,24.67965],[92.25964,24.6874],[92.26774,24.69447],[92.27606,24.70759],[92.27491,24.70816],[92.27703,24.71168],[92.28713,24.7227],[92.29588,24.73663],[92.28118,24.74242],[92.28179,24.74355],[92.27896,24.74572],[92.28005,24.74556],[92.27973,24.74831],[92.28886,24.76116],[92.28015,24.76633],[92.28298,24.77095],[92.28172,24.77546],[92.28463,24.77474],[92.28783,24.77933],[92.28883,24.78463],[92.28734,24.78755],[92.28845,24.78832],[92.281,24.79074],[92.27881,24.79753],[92.27304,24.80032],[92.27523,24.80385],[92.27417,24.80667],[92.27608,24.81004],[92.27617,24.81214],[92.27378,24.81425],[92.2762,24.81557],[92.27267,24.82154],[92.27299,24.82757],[92.26922,24.82995],[92.2529,24.83228],[92.25216,24.83063],[92.24901,24.82987],[92.2483,24.83242],[92.25162,24.83433],[92.25078,24.83623],[92.24857,24.83599],[92.24481,24.83147],[92.23734,24.83128],[92.24397,24.82408],[92.24355,24.81952],[92.22902,24.81911],[92.21314,24.81321],[92.21138,24.80526],[92.20335,24.80249],[92.20087,24.80697],[92.1958,24.80276],[92.19343,24.79843],[92.19434,24.79317],[92.1932,24.78917],[92.19684,24.78449],[92.19828,24.77811],[92.19408,24.76844],[92.1803,24.76936],[92.17735,24.77317],[92.17446,24.77348],[92.16316,24.76899],[92.16162,24.77094],[92.15684,24.77017],[92.15084,24.76525],[92.1425,24.76678],[92.13789,24.76317],[92.13358,24.76311],[92.1271,24.7603],[92.12006,24.76553],[92.11652,24.76547],[92.10675,24.75761],[92.09936,24.75662],[92.09473,24.75905],[92.09293,24.76486],[92.07827,24.76643],[92.07732,24.76467],[92.07891,24.75463],[92.07726,24.74921],[92.08402,24.74824],[92.08423,24.74696],[92.08283,24.74512],[92.08287,24.73276],[92.08177,24.73061],[92.08038,24.73199],[92.07975,24.72934],[92.07777,24.72831],[92.08047,24.72355],[92.07739,24.72172],[92.07568,24.71793],[92.0633,24.71836],[92.06207,24.72025],[92.06287,24.72658],[92.0577,24.72863],[92.05965,24.71021],[92.05227,24.70113],[92.04911,24.69968],[92.0488,24.69728],[92.04678,24.69719],[92.04288,24.70087],[92.03927,24.70011],[92.04139,24.70317],[92.03973,24.70679],[92.02993,24.69828],[92.02572,24.69716],[92.03173,24.69564],[92.03146,24.69189],[92.0351,24.68738],[92.03307,24.68105],[92.03186,24.68114],[92.03291,24.66306],[92.02898,24.65233],[92.02092,24.65304],[92.02182,24.65183],[92.02055,24.65107],[92.01606,24.65466],[92.01637,24.65072],[92.01046,24.65222],[92.01008,24.6537],[92.001,24.65321],[91.99508,24.65511],[91.99286,24.65385],[91.99196,24.65066],[91.98867,24.65004],[91.9843,24.64634],[91.98383,24.64391],[91.97726,24.6432],[91.97359,24.63926],[91.9679,24.64032],[91.96666,24.63892],[91.96334,24.64105],[91.96381,24.64573],[91.94724,24.64956],[91.94217,24.65474],[91.94017,24.65315],[91.93344,24.65511],[91.93091,24.6576],[91.93108,24.66177],[91.92619,24.65413],[91.9228,24.65245],[91.91,24.65568],[91.91124,24.66174],[91.90323,24.66365],[91.90235,24.65194],[91.89647,24.64784],[91.89018,24.64608],[91.88841,24.64717],[91.88719,24.65476],[91.8846,24.657],[91.87569,24.65576],[91.87124,24.65767],[91.86613,24.65742],[91.86176,24.64989],[91.84652,24.64443],[91.84413,24.64938],[91.83975,24.65251],[91.8282,24.65359],[91.80008,24.63755],[91.79744,24.638],[91.79482,24.64625],[91.78364,24.6433],[91.77901,24.63832],[91.78121,24.62653],[91.77121,24.62561],[91.77004,24.61959],[91.75393,24.60839],[91.75015,24.59892],[91.73667,24.59785],[91.72711,24.59344],[91.71363,24.59641],[91.69904,24.60232],[91.68424,24.60612],[91.6842,24.61641],[91.67504,24.6312],[91.67229,24.62756],[91.66997,24.63033],[91.66753,24.62728],[91.66564,24.62964],[91.66495,24.62678],[91.66159,24.62788],[91.66092,24.62591],[91.66246,24.61663],[91.66414,24.61603],[91.66393,24.61354],[91.6676,24.60713],[91.66376,24.60299],[91.66449,24.60042],[91.66139,24.59242],[91.65414,24.59657],[91.64412,24.59628],[91.63799,24.59274],[91.63307,24.59526],[91.6312,24.594],[91.6356,24.58968],[91.63158,24.58849],[91.62947,24.58985],[91.62967,24.59584],[91.62803,24.5958],[91.62774,24.59754],[91.62121,24.60188],[91.61814,24.59747],[91.61184,24.59394],[91.60831,24.58591],[91.60983,24.58301],[91.62244,24.59014],[91.62584,24.58988],[91.62972,24.58742],[91.62982,24.58377],[91.62692,24.58267],[91.6242,24.5781],[91.62932,24.57649],[91.63152,24.5775],[91.63112,24.57385],[91.63482,24.56479],[91.64389,24.56621],[91.64117,24.55647],[91.64585,24.55627],[91.6472,24.55155],[91.6493,24.54965],[91.65265,24.55055],[91.65214,24.54823],[91.65446,24.54628],[91.65193,24.54426],[91.64769,24.54429],[91.64824,24.54226],[91.64554,24.54141],[91.63799,24.54526],[91.63526,24.54402],[91.63533,24.5382],[91.63998,24.53565],[91.63822,24.52825],[91.63491,24.52725],[91.63347,24.52849],[91.63199,24.52625],[91.63543,24.51978],[91.63098,24.51929],[91.62854,24.51684],[91.62069,24.51752],[91.61996,24.51575],[91.6229,24.51364],[91.61344,24.50184],[91.61585,24.49842],[91.61235,24.49375],[91.61296,24.49279],[91.61016,24.49225],[91.61236,24.49202],[91.61244,24.48971],[91.60965,24.47993],[91.61392,24.46354],[91.61097,24.45881],[91.611,24.4519],[91.60741,24.44176],[91.61038,24.43784],[91.61338,24.44063],[91.61787,24.43951],[91.61993,24.43332],[91.61606,24.42866],[91.61884,24.42715],[91.61804,24.42196],[91.62069,24.41736],[91.61987,24.41592],[91.60374,24.41714],[91.60164,24.41546],[91.60297,24.41161],[91.60321,24.36265],[91.61857,24.36152],[91.61898,24.36514],[91.62479,24.36395],[91.62407,24.36189],[91.62046,24.3605],[91.62308,24.35147],[91.6295,24.34459],[91.63119,24.33493],[91.63152,24.31119],[91.62586,24.30108],[91.6253,24.29718],[91.61397,24.28591],[91.61677,24.27747],[91.61607,24.26339],[91.61838,24.26104],[91.6188,24.25799],[91.61822,24.25488],[91.61441,24.25368],[91.61289,24.25026],[91.6157,24.24752],[91.61821,24.23954],[91.61538,24.23263],[91.61985,24.22916],[91.6218,24.21979],[91.62389,24.21748],[91.62548,24.21148],[91.62921,24.21014],[91.63142,24.20264],[91.62939,24.19918],[91.63657,24.19721],[91.63753,24.1912],[91.64119,24.18796],[91.64134,24.17658],[91.64519,24.174]]]}},{"type":"Feature","properties":{"ADM2_EN":"Meherpur","ADM1_EN":"Khulna"},"geometry":{"type":"Polygon","coordinates":[[[88.85896,23.83266],[88.86454,23.85372],[88.88184,23.86622],[88.88451,23.87498],[88.88141,23.87811],[88.872,23.87904],[88.86335,23.87628],[88.85678,23.87111],[88.85277,23.87047],[88.84652,23.8725],[88.83759,23.88027],[88.83877,23.88297],[88.8417,23.88431],[88.85702,23.88265],[88.86332,23.88359],[88.87448,23.89237],[88.87531,23.90086],[88.87341,23.90867],[88.86437,23.92252],[88.84985,23.93419],[88.83904,23.93847],[88.82811,23.93851],[88.81826,23.9286],[88.81618,23.92765],[88.81421,23.92857],[88.81043,23.94781],[88.80966,23.96666],[88.80738,23.97108],[88.80071,23.97618],[88.79077,23.97545],[88.78394,23.96956],[88.7809,23.96256],[88.78145,23.95183],[88.77856,23.94813],[88.77616,23.94851],[88.76943,23.9545],[88.76577,23.96635],[88.76339,23.96931],[88.7553,23.96939],[88.74188,23.96307],[88.73448,23.96299],[88.73264,23.96071],[88.73499,23.95858],[88.73335,23.95747],[88.73741,23.95351],[88.73895,23.95285],[88.74019,23.95404],[88.74242,23.95115],[88.7387,23.94967],[88.73882,23.94552],[88.74067,23.94335],[88.73975,23.94196],[88.74151,23.93901],[88.74016,23.9373],[88.74312,23.92975],[88.74183,23.93127],[88.74022,23.93034],[88.73778,23.93323],[88.73489,23.93352],[88.73472,23.93132],[88.73715,23.92911],[88.73421,23.92812],[88.7355,23.92305],[88.73284,23.92285],[88.73541,23.91475],[88.73344,23.914],[88.73338,23.91108],[88.72948,23.91123],[88.73057,23.91374],[88.72484,23.91296],[88.72291,23.91642],[88.71493,23.91617],[88.71295,23.91261],[88.70632,23.9164],[88.70322,23.91192],[88.70085,23.91241],[88.6995,23.91106],[88.69966,23.90816],[88.70168,23.90831],[88.70127,23.90662],[88.70416,23.90668],[88.69921,23.90551],[88.70153,23.90232],[88.70228,23.90364],[88.70274,23.90029],[88.70539,23.90248],[88.70415,23.89928],[88.70063,23.90121],[88.70027,23.89897],[88.68837,23.90157],[88.68271,23.8888],[88.67628,23.88459],[88.66424,23.8825],[88.66352,23.87896],[88.66754,23.8696],[88.66097,23.87085],[88.66062,23.86878],[88.65456,23.86889],[88.65414,23.86557],[88.64963,23.86849],[88.64577,23.86981],[88.64218,23.86879],[88.63738,23.87164],[88.63161,23.86636],[88.62593,23.86528],[88.62414,23.86787],[88.62536,23.875],[88.62212,23.87674],[88.61672,23.87679],[88.60873,23.87287],[88.60988,23.8654],[88.60847,23.86308],[88.60585,23.86343],[88.59903,23.86959],[88.59466,23.86914],[88.58744,23.87157],[88.5862,23.86943],[88.58401,23.8697],[88.58502,23.86708],[88.58235,23.8666],[88.58246,23.86262],[88.57534,23.86244],[88.57796,23.8578],[88.57641,23.85503],[88.57805,23.85118],[88.58405,23.85506],[88.5881,23.85481],[88.59121,23.85286],[88.58719,23.84404],[88.58698,23.82954],[88.60091,23.82062],[88.60203,23.81651],[88.59833,23.8106],[88.59503,23.8108],[88.59418,23.80905],[88.59399,23.81127],[88.59007,23.81096],[88.58945,23.81372],[88.58507,23.81374],[88.5847,23.81241],[88.58666,23.81119],[88.58609,23.81286],[88.58773,23.81288],[88.58758,23.8106],[88.59612,23.80556],[88.59222,23.80431],[88.59305,23.79998],[88.59156,23.79764],[88.58128,23.79716],[88.58251,23.79161],[88.57748,23.78641],[88.57136,23.78328],[88.55936,23.7863],[88.55577,23.78445],[88.56069,23.78417],[88.55948,23.78143],[88.56499,23.77743],[88.57159,23.77521],[88.57919,23.77511],[88.58073,23.75926],[88.58037,23.75804],[88.57776,23.75796],[88.57414,23.7497],[88.56973,23.74781],[88.57025,23.74655],[88.57245,23.74771],[88.57427,23.73979],[88.57215,23.73956],[88.57199,23.73387],[88.57425,23.73382],[88.57365,23.73823],[88.57526,23.73839],[88.57657,23.73309],[88.57367,23.73308],[88.57422,23.729],[88.56963,23.7286],[88.56844,23.71896],[88.56717,23.71878],[88.5678,23.71485],[88.56471,23.71317],[88.56817,23.69836],[88.56753,23.68625],[88.57289,23.68514],[88.57491,23.67699],[88.57224,23.67388],[88.57382,23.66675],[88.5689,23.66594],[88.57029,23.66132],[88.56623,23.65699],[88.56275,23.65778],[88.55819,23.64925],[88.5632,23.64558],[88.56216,23.63718],[88.57102,23.63614],[88.57608,23.63879],[88.59371,23.64091],[88.59303,23.63395],[88.59418,23.63143],[88.59277,23.62931],[88.59493,23.62841],[88.59254,23.62752],[88.59378,23.61699],[88.58527,23.61656],[88.58128,23.60992],[88.58003,23.60306],[88.59244,23.60325],[88.59716,23.60207],[88.59786,23.6064],[88.60623,23.6105],[88.60146,23.60698],[88.60835,23.6051],[88.60835,23.60197],[88.60613,23.60292],[88.60491,23.60039],[88.60927,23.60051],[88.61377,23.60348],[88.61812,23.60187],[88.621,23.60276],[88.6226,23.60527],[88.62509,23.60702],[88.62767,23.60667],[88.62985,23.60908],[88.63177,23.60834],[88.63311,23.60937],[88.63705,23.60688],[88.63807,23.61041],[88.63492,23.61516],[88.63725,23.61693],[88.63897,23.6155],[88.63878,23.6178],[88.64392,23.61871],[88.64849,23.62326],[88.64705,23.62453],[88.64255,23.62458],[88.6427,23.63076],[88.64547,23.63084],[88.64405,23.63273],[88.64904,23.63653],[88.64793,23.6392],[88.6448,23.63935],[88.64773,23.64259],[88.65189,23.64325],[88.65418,23.65039],[88.66001,23.64934],[88.66819,23.64549],[88.67168,23.64984],[88.67443,23.64762],[88.67993,23.64811],[88.68309,23.65105],[88.6865,23.65967],[88.69362,23.65476],[88.69287,23.65802],[88.69364,23.65924],[88.69615,23.65873],[88.69694,23.66525],[88.70707,23.66842],[88.72625,23.67795],[88.73453,23.68397],[88.73798,23.68403],[88.74652,23.69488],[88.77378,23.69977],[88.77601,23.70529],[88.78104,23.70944],[88.78005,23.71072],[88.78183,23.71158],[88.78121,23.71417],[88.78411,23.71739],[88.78214,23.71861],[88.78271,23.72137],[88.77897,23.72179],[88.77884,23.73256],[88.78073,23.73843],[88.78375,23.73846],[88.7865,23.74234],[88.78509,23.75214],[88.78742,23.75761],[88.78848,23.76749],[88.79311,23.77265],[88.79503,23.7721],[88.79497,23.76986],[88.79696,23.76864],[88.81377,23.77359],[88.8159,23.77091],[88.8177,23.77097],[88.82334,23.79287],[88.83074,23.80632],[88.83212,23.81428],[88.84365,23.82045],[88.8458,23.82878],[88.84901,23.83181],[88.85896,23.83266]]]}},{"type":"Feature","properties":{"ADM2_EN":"Munshiganj","ADM1_EN":"Dhaka"},"geometry":{"type":"Polygon","coordinates":[[[90.68775,23.49248],[90.70208,23.49873],[90.70733,23.5027],[90.71066,23.50782],[90.71083,23.51567],[90.70811,23.51948],[90.70055,23.52516],[90.68981,23.54626],[90.68728,23.55737],[90.67673,23.56672],[90.66937,23.57106],[90.65245,23.57299],[90.647,23.57599],[90.64586,23.5856],[90.64728,23.58915],[90.65346,23.59083],[90.66672,23.58926],[90.66617,23.59633],[90.6591,23.60805],[90.65552,23.61726],[90.65305,23.6204],[90.64878,23.61838],[90.64,23.61724],[90.62995,23.62082],[90.62692,23.61405],[90.62414,23.61297],[90.61519,23.60417],[90.60834,23.60029],[90.59959,23.59848],[90.58465,23.59907],[90.57348,23.59733],[90.56453,23.59314],[90.5605,23.58938],[90.55792,23.58086],[90.55935,23.57384],[90.57496,23.5495],[90.57937,23.53984],[90.57862,23.53551],[90.57457,23.53387],[90.56492,23.53439],[90.55214,23.55391],[90.54532,23.56053],[90.52625,23.56847],[90.52307,23.57189],[90.51832,23.57308],[90.50187,23.57366],[90.48459,23.57041],[90.47503,23.56639],[90.46292,23.55526],[90.45667,23.55153],[90.44825,23.55051],[90.44251,23.55263],[90.43127,23.56224],[90.42905,23.56629],[90.43114,23.57071],[90.43975,23.57825],[90.44184,23.58622],[90.44001,23.59698],[90.43438,23.60517],[90.43019,23.60861],[90.40893,23.63139],[90.39576,23.64155],[90.39047,23.64986],[90.36826,23.65265],[90.36513,23.65099],[90.35559,23.63985],[90.34989,23.63719],[90.34526,23.63697],[90.33148,23.64174],[90.30969,23.65916],[90.28618,23.67386],[90.27351,23.66241],[90.26821,23.65307],[90.26323,23.65622],[90.25395,23.65367],[90.24961,23.65448],[90.24674,23.64946],[90.24837,23.6455],[90.24729,23.63349],[90.24528,23.63234],[90.24086,23.6331],[90.23719,23.62895],[90.23651,23.62139],[90.2262,23.61355],[90.2249,23.60647],[90.22593,23.60143],[90.22294,23.59924],[90.22125,23.59555],[90.21709,23.59457],[90.21462,23.59179],[90.20877,23.58916],[90.20613,23.57981],[90.2065,23.57097],[90.20461,23.56504],[90.19221,23.55938],[90.18576,23.56293],[90.18114,23.55579],[90.17716,23.55576],[90.17745,23.55147],[90.18045,23.54939],[90.18159,23.5414],[90.18096,23.53887],[90.17814,23.53664],[90.17645,23.52685],[90.17431,23.52458],[90.17005,23.52736],[90.15826,23.52215],[90.16615,23.51229],[90.182,23.49804],[90.24766,23.46149],[90.26207,23.45655],[90.28138,23.44651],[90.28858,23.44554],[90.30174,23.45161],[90.30803,23.44822],[90.31558,23.44092],[90.32209,23.43781],[90.36022,23.43],[90.39025,23.41396],[90.38858,23.41056],[90.39574,23.41139],[90.3963,23.40932],[90.39931,23.40828],[90.40172,23.40288],[90.40347,23.40313],[90.40392,23.40005],[90.40616,23.40042],[90.40769,23.4037],[90.41052,23.40515],[90.42174,23.40129],[90.42217,23.40672],[90.42545,23.40765],[90.4275,23.40603],[90.43255,23.40883],[90.4302,23.41386],[90.43196,23.41631],[90.44872,23.41532],[90.46962,23.41117],[90.48692,23.40463],[90.49337,23.40344],[90.4987,23.40436],[90.51731,23.39076],[90.53869,23.37935],[90.539,23.39119],[90.54187,23.39917],[90.55375,23.41741],[90.57051,23.43716],[90.57762,23.45149],[90.57871,23.46097],[90.57751,23.47039],[90.58174,23.4715],[90.58428,23.48059],[90.58301,23.48435],[90.57716,23.4851],[90.57613,23.49571],[90.58275,23.49639],[90.58903,23.49453],[90.59575,23.4976],[90.60141,23.49807],[90.60551,23.49265],[90.61303,23.49043],[90.62381,23.49297],[90.63143,23.50178],[90.64132,23.5037],[90.6493,23.50128],[90.66218,23.49385],[90.67096,23.49072],[90.68211,23.48951],[90.68721,23.49037],[90.68775,23.49248]]]}},{"type":"Feature","properties":{"ADM2_EN":"Mymensingh","ADM1_EN":"Mymensingh"},"geometry":{"type":"Polygon","coordinates":[[[90.64929,24.25799],[90.651,24.26919],[90.6431,24.2796],[90.64354,24.2949],[90.64085,24.30653],[90.62544,24.33486],[90.62278,24.33829],[90.61926,24.33788],[90.61792,24.33919],[90.61863,24.34231],[90.62403,24.3472],[90.62684,24.35447],[90.63193,24.35846],[90.6353,24.37478],[90.63914,24.37731],[90.6421,24.38572],[90.64016,24.39168],[90.64287,24.39706],[90.64322,24.40209],[90.64631,24.40538],[90.64502,24.40923],[90.64601,24.41645],[90.63754,24.42482],[90.63991,24.42595],[90.64,24.42886],[90.63644,24.43074],[90.6336,24.4351],[90.61853,24.43748],[90.61473,24.44044],[90.60542,24.44223],[90.59889,24.44621],[90.59712,24.44294],[90.59414,24.44595],[90.58744,24.44807],[90.58437,24.45573],[90.57889,24.45858],[90.57914,24.46224],[90.57551,24.46779],[90.57731,24.47175],[90.57653,24.47639],[90.57377,24.48213],[90.58243,24.48676],[90.58318,24.49321],[90.58683,24.49406],[90.58824,24.49691],[90.59417,24.49826],[90.59637,24.4964],[90.6043,24.4991],[90.61595,24.49518],[90.61671,24.49137],[90.62276,24.48856],[90.63188,24.47871],[90.63796,24.48103],[90.63684,24.47554],[90.64111,24.47524],[90.64826,24.47781],[90.6513,24.47396],[90.65587,24.47485],[90.65842,24.47344],[90.65862,24.47085],[90.66211,24.46982],[90.66324,24.46703],[90.67165,24.46795],[90.67823,24.467],[90.68014,24.46788],[90.68126,24.4748],[90.67806,24.48128],[90.67922,24.4824],[90.68262,24.48206],[90.68539,24.48851],[90.68163,24.49238],[90.68317,24.49381],[90.68118,24.49545],[90.68272,24.49734],[90.68109,24.49843],[90.68322,24.49913],[90.68191,24.50046],[90.68382,24.50049],[90.68216,24.50228],[90.68637,24.50335],[90.68798,24.50912],[90.69742,24.51152],[90.69754,24.51398],[90.70327,24.51774],[90.70508,24.51533],[90.70572,24.50888],[90.70464,24.50024],[90.70877,24.50034],[90.71012,24.49455],[90.71394,24.49411],[90.71564,24.49138],[90.71702,24.479],[90.72189,24.47102],[90.72272,24.47442],[90.72958,24.47669],[90.73142,24.48272],[90.73609,24.48607],[90.73559,24.48978],[90.738,24.49034],[90.7421,24.49846],[90.74284,24.50967],[90.74527,24.50929],[90.75326,24.50316],[90.755,24.50395],[90.75414,24.50508],[90.75526,24.50517],[90.75752,24.51273],[90.75857,24.51101],[90.76689,24.5109],[90.77119,24.50886],[90.77734,24.50867],[90.7794,24.51046],[90.78861,24.5092],[90.79044,24.50747],[90.79416,24.50804],[90.79449,24.51506],[90.79239,24.51842],[90.7941,24.52016],[90.79759,24.51925],[90.79921,24.52749],[90.8052,24.53118],[90.8017,24.53788],[90.80427,24.54649],[90.80743,24.54495],[90.80647,24.54011],[90.80976,24.54177],[90.81118,24.54793],[90.80919,24.5509],[90.81517,24.56059],[90.80994,24.56565],[90.81321,24.57113],[90.8197,24.57455],[90.81945,24.57768],[90.82199,24.58062],[90.81997,24.58802],[90.81546,24.58712],[90.81709,24.58218],[90.81582,24.58141],[90.81266,24.58125],[90.80908,24.58568],[90.80556,24.5866],[90.80486,24.58575],[90.8092,24.58228],[90.80718,24.58034],[90.80257,24.5792],[90.79906,24.58012],[90.79677,24.57546],[90.79252,24.57782],[90.79571,24.58132],[90.79567,24.58395],[90.7903,24.58171],[90.78877,24.58485],[90.79263,24.5873],[90.79194,24.58971],[90.79419,24.59077],[90.79602,24.59546],[90.79404,24.60586],[90.78307,24.60752],[90.78122,24.60889],[90.77963,24.61478],[90.77609,24.61672],[90.7766,24.61195],[90.77301,24.60875],[90.75696,24.61047],[90.75847,24.62369],[90.76012,24.62422],[90.76113,24.628],[90.75825,24.6374],[90.74388,24.6376],[90.74066,24.64912],[90.7354,24.65044],[90.73084,24.64912],[90.72957,24.65328],[90.72715,24.65345],[90.7242,24.64905],[90.72202,24.64919],[90.71077,24.66055],[90.70784,24.66587],[90.70417,24.66706],[90.70063,24.67568],[90.70351,24.6849],[90.70698,24.68746],[90.70517,24.69123],[90.70898,24.69284],[90.70475,24.70021],[90.69585,24.7001],[90.69719,24.70548],[90.69582,24.70704],[90.69552,24.71412],[90.7021,24.716],[90.7086,24.72992],[90.7179,24.72726],[90.72434,24.73157],[90.72169,24.7426],[90.7148,24.74303],[90.71534,24.75252],[90.70439,24.75605],[90.69869,24.7562],[90.69532,24.75836],[90.69751,24.76176],[90.6955,24.7715],[90.6984,24.7745],[90.70666,24.77309],[90.70976,24.7672],[90.71913,24.77001],[90.72271,24.7743],[90.72285,24.77822],[90.71864,24.78244],[90.70556,24.78663],[90.70567,24.79022],[90.70754,24.79242],[90.71021,24.79283],[90.71138,24.79715],[90.70826,24.8014],[90.70275,24.80155],[90.70057,24.79944],[90.69593,24.80058],[90.69451,24.80262],[90.68893,24.80084],[90.68287,24.8026],[90.67755,24.80066],[90.67446,24.80289],[90.67105,24.80324],[90.66904,24.79827],[90.65605,24.79209],[90.64874,24.79149],[90.64041,24.7988],[90.62464,24.79546],[90.62169,24.80243],[90.61828,24.8044],[90.6117,24.80532],[90.61136,24.80864],[90.60866,24.81014],[90.60812,24.81433],[90.60533,24.81366],[90.60078,24.80962],[90.59519,24.81222],[90.58205,24.81164],[90.58144,24.8198],[90.5787,24.82215],[90.56997,24.81259],[90.56636,24.81079],[90.5634,24.81162],[90.5644,24.81721],[90.5746,24.82416],[90.57721,24.82415],[90.5846,24.83622],[90.58796,24.8346],[90.58821,24.84194],[90.57886,24.84431],[90.57579,24.83934],[90.5734,24.83848],[90.57054,24.84259],[90.56669,24.8408],[90.56389,24.84339],[90.55927,24.84347],[90.56025,24.84746],[90.56671,24.84743],[90.56924,24.84969],[90.56731,24.85556],[90.57231,24.85646],[90.56793,24.86187],[90.56805,24.87063],[90.57205,24.87251],[90.56679,24.8772],[90.568,24.88115],[90.56687,24.88335],[90.56836,24.88525],[90.5603,24.88667],[90.55477,24.88371],[90.54879,24.88658],[90.5413,24.88532],[90.53459,24.89158],[90.5332,24.89593],[90.53942,24.89915],[90.53792,24.90473],[90.54113,24.90703],[90.53833,24.91169],[90.53819,24.91511],[90.53351,24.9169],[90.53542,24.92222],[90.53371,24.92703],[90.53945,24.93264],[90.54413,24.93275],[90.54413,24.93708],[90.53819,24.93727],[90.53473,24.94179],[90.52558,24.94229],[90.52623,24.94455],[90.53105,24.94586],[90.53051,24.95116],[90.52882,24.95269],[90.52537,24.94806],[90.51638,24.94614],[90.51609,24.95014],[90.5127,24.95163],[90.51278,24.96043],[90.51492,24.96251],[90.51737,24.97314],[90.52303,24.97721],[90.52306,24.97932],[90.51645,24.97701],[90.51509,24.97904],[90.51317,24.97832],[90.51099,24.98685],[90.50595,24.98423],[90.50349,24.98487],[90.50587,24.99517],[90.5024,24.99705],[90.503,25.00212],[90.49272,25.00274],[90.49536,25.01001],[90.49918,25.01344],[90.50207,25.01357],[90.50411,25.01679],[90.49777,25.02092],[90.49475,25.01965],[90.49427,25.02736],[90.50066,25.03187],[90.50382,25.03193],[90.50607,25.02981],[90.50562,25.01928],[90.50681,25.01763],[90.50962,25.01919],[90.50977,25.02799],[90.51114,25.03027],[90.5135,25.03038],[90.51532,25.02492],[90.51767,25.02373],[90.52401,25.02992],[90.53168,25.01643],[90.53815,25.01214],[90.54241,25.01293],[90.54511,25.01544],[90.54686,25.02325],[90.54396,25.02584],[90.53485,25.02772],[90.53321,25.03294],[90.53541,25.03564],[90.54514,25.03245],[90.54785,25.04006],[90.54992,25.04176],[90.56351,25.03455],[90.56936,25.03667],[90.57449,25.03522],[90.57773,25.0335],[90.57848,25.03084],[90.58548,25.02678],[90.591,25.03396],[90.59348,25.03005],[90.59727,25.02781],[90.60509,25.02677],[90.60693,25.02849],[90.6066,25.03048],[90.60244,25.03212],[90.60311,25.03359],[90.60752,25.03407],[90.6035,25.03735],[90.60332,25.04304],[90.60762,25.04814],[90.60483,25.05143],[90.61275,25.05359],[90.6097,25.05943],[90.60414,25.0618],[90.60467,25.06508],[90.6061,25.06284],[90.60818,25.06537],[90.60741,25.07018],[90.60224,25.0727],[90.59982,25.07043],[90.59744,25.07035],[90.59747,25.06804],[90.59522,25.06754],[90.59698,25.06455],[90.58845,25.05873],[90.58803,25.06012],[90.59032,25.06166],[90.58889,25.06738],[90.59039,25.07331],[90.5938,25.07419],[90.59543,25.07647],[90.59202,25.07742],[90.59038,25.08172],[90.58747,25.08108],[90.58689,25.08323],[90.59454,25.08813],[90.59973,25.09362],[90.59818,25.09819],[90.60172,25.09951],[90.60384,25.10369],[90.60385,25.10534],[90.59923,25.1084],[90.6029,25.11147],[90.60085,25.11408],[90.60308,25.11882],[90.60716,25.12128],[90.60446,25.12226],[90.60417,25.12434],[90.61086,25.12957],[90.60897,25.13573],[90.60552,25.14048],[90.60625,25.14218],[90.6119,25.14479],[90.6129,25.14902],[90.61163,25.15164],[90.6163,25.15871],[90.61419,25.16045],[90.61404,25.17421],[90.60935,25.17919],[90.60732,25.17626],[90.60467,25.17648],[90.6046,25.17476],[90.59934,25.17665],[90.58969,25.17526],[90.58782,25.17663],[90.58621,25.1736],[90.57894,25.17487],[90.57595,25.17176],[90.56972,25.17372],[90.56468,25.17347],[90.56404,25.17152],[90.55974,25.17363],[90.55493,25.17177],[90.55127,25.17534],[90.5455,25.17371],[90.53795,25.17538],[90.53523,25.17341],[90.52587,25.17393],[90.5186,25.17233],[90.50901,25.17544],[90.50983,25.16952],[90.49899,25.17228],[90.49922,25.16872],[90.48863,25.16431],[90.48583,25.16119],[90.46343,25.15429],[90.45079,25.1525],[90.44925,25.14505],[90.44098,25.14463],[90.4186,25.15088],[90.40441,25.16005],[90.40016,25.15909],[90.37054,25.16293],[90.34671,25.17846],[90.3367,25.18959],[90.33018,25.19389],[90.32332,25.19224],[90.31657,25.19295],[90.31036,25.18888],[90.29567,25.19213],[90.28651,25.1958],[90.28154,25.19543],[90.26805,25.19851],[90.26422,25.19639],[90.26306,25.1931],[90.26436,25.18619],[90.26003,25.17073],[90.25961,25.16227],[90.26325,25.1601],[90.26119,25.15629],[90.26327,25.15249],[90.26887,25.14816],[90.26984,25.1383],[90.26522,25.13636],[90.26619,25.13353],[90.26395,25.12471],[90.2633,25.10893],[90.26092,25.10598],[90.26243,25.09828],[90.2639,25.09659],[90.26843,25.09658],[90.27201,25.0942],[90.2773,25.09364],[90.28398,25.08609],[90.28525,25.08236],[90.29748,25.0908],[90.29783,25.08595],[90.30417,25.08525],[90.30484,25.07908],[90.30369,25.07836],[90.29714,25.08108],[90.29341,25.07747],[90.2843,25.07874],[90.2838,25.07278],[90.28638,25.07007],[90.28632,25.067],[90.28092,25.06123],[90.28164,25.05785],[90.27948,25.05608],[90.27539,25.05762],[90.27408,25.0562],[90.27476,25.05458],[90.26381,25.05164],[90.2606,25.05476],[90.25857,25.06311],[90.25628,25.06473],[90.24919,25.06232],[90.24841,25.05992],[90.24981,25.0573],[90.24831,25.05749],[90.24549,25.05238],[90.23731,25.05254],[90.23838,25.04937],[90.23511,25.04793],[90.23225,25.04217],[90.23485,25.03906],[90.23534,25.0348],[90.23554,25.02921],[90.23332,25.02726],[90.23308,25.02442],[90.2398,25.02019],[90.2387,25.01636],[90.24089,25.0127],[90.24109,25.00821],[90.23751,24.99122],[90.2319,24.98723],[90.23177,24.98559],[90.23428,24.98415],[90.22596,24.9761],[90.22642,24.97121],[90.22809,24.97015],[90.22887,24.96662],[90.23457,24.96424],[90.23737,24.96956],[90.24322,24.9674],[90.24116,24.96256],[90.2495,24.96044],[90.25492,24.9574],[90.25777,24.94552],[90.24926,24.94525],[90.24492,24.94589],[90.2418,24.94846],[90.2361,24.94842],[90.2321,24.94456],[90.23288,24.93992],[90.23639,24.9368],[90.23518,24.93406],[90.2442,24.92829],[90.24558,24.92541],[90.24229,24.91702],[90.24071,24.90547],[90.23676,24.90091],[90.23904,24.89362],[90.23574,24.88618],[90.22941,24.88252],[90.22225,24.881],[90.20832,24.88205],[90.19493,24.88526],[90.19499,24.8818],[90.20165,24.87895],[90.1999,24.87829],[90.20077,24.87485],[90.19351,24.8732],[90.18999,24.86557],[90.18289,24.86655],[90.18227,24.86503],[90.18253,24.86363],[90.19208,24.86361],[90.19785,24.86544],[90.19556,24.86036],[90.20016,24.8592],[90.19874,24.85802],[90.19218,24.85789],[90.19058,24.85538],[90.18599,24.85452],[90.18834,24.85164],[90.18754,24.84351],[90.18681,24.84211],[90.18024,24.83983],[90.18264,24.83302],[90.1845,24.83211],[90.18379,24.83026],[90.18944,24.82833],[90.1854,24.82519],[90.18022,24.82808],[90.17581,24.82602],[90.17205,24.82769],[90.16956,24.82725],[90.16196,24.81965],[90.16175,24.81832],[90.16432,24.81803],[90.15882,24.81277],[90.16085,24.80796],[90.15814,24.80256],[90.15957,24.79712],[90.15802,24.79222],[90.14878,24.79248],[90.14314,24.78941],[90.14112,24.78715],[90.14135,24.78383],[90.1392,24.78309],[90.13986,24.77964],[90.13613,24.77863],[90.13454,24.78267],[90.12904,24.78398],[90.12711,24.7872],[90.12248,24.79003],[90.11897,24.78626],[90.11391,24.78819],[90.11246,24.78729],[90.11208,24.78385],[90.10947,24.78517],[90.10305,24.78252],[90.08911,24.78996],[90.07578,24.78787],[90.07838,24.78663],[90.07876,24.78448],[90.08667,24.77676],[90.08756,24.77337],[90.0916,24.76851],[90.09168,24.76202],[90.09354,24.76081],[90.09196,24.75773],[90.09607,24.75798],[90.09803,24.75631],[90.09435,24.75623],[90.09659,24.75354],[90.0885,24.75181],[90.09085,24.74921],[90.0888,24.74433],[90.09038,24.73719],[90.10366,24.73653],[90.12732,24.73846],[90.1328,24.73422],[90.13103,24.73166],[90.13108,24.72647],[90.1266,24.71787],[90.13078,24.71046],[90.13018,24.70687],[90.13411,24.70087],[90.13192,24.69153],[90.13933,24.6821],[90.14022,24.67429],[90.14211,24.6718],[90.14258,24.66128],[90.14052,24.66059],[90.1405,24.65891],[90.14238,24.65507],[90.14785,24.65],[90.14622,24.64304],[90.14807,24.63463],[90.14424,24.6236],[90.14013,24.62383],[90.13573,24.61668],[90.13266,24.61914],[90.13056,24.61788],[90.12932,24.60283],[90.12474,24.59631],[90.13306,24.58881],[90.13989,24.57557],[90.15081,24.57473],[90.15098,24.57242],[90.14602,24.56756],[90.15239,24.55001],[90.15524,24.54957],[90.16126,24.53669],[90.16935,24.53766],[90.16799,24.53548],[90.17434,24.51784],[90.1796,24.5228],[90.18668,24.52292],[90.19202,24.51405],[90.19656,24.51478],[90.20019,24.51173],[90.20886,24.50869],[90.20949,24.50643],[90.20363,24.50165],[90.20708,24.49733],[90.2139,24.49967],[90.22259,24.49206],[90.22402,24.48614],[90.22728,24.48322],[90.2336,24.4832],[90.23585,24.48679],[90.24359,24.48127],[90.23995,24.47926],[90.23848,24.47666],[90.23319,24.47559],[90.231,24.47196],[90.22537,24.46857],[90.22274,24.46165],[90.21116,24.46157],[90.20965,24.45964],[90.21164,24.44994],[90.21939,24.44826],[90.22071,24.43433],[90.22374,24.43295],[90.22925,24.41993],[90.23624,24.41688],[90.24048,24.41318],[90.24901,24.41527],[90.22884,24.34757],[90.23449,24.33708],[90.23308,24.33655],[90.23365,24.33478],[90.24112,24.33293],[90.2479,24.3333],[90.24736,24.32626],[90.25672,24.3104],[90.25863,24.30446],[90.25696,24.29691],[90.2612,24.29159],[90.26503,24.28871],[90.27284,24.28671],[90.28113,24.2872],[90.28243,24.28479],[90.28694,24.28274],[90.2863,24.28108],[90.28781,24.27886],[90.2905,24.27777],[90.29607,24.2801],[90.31125,24.29195],[90.31847,24.29374],[90.3206,24.29704],[90.32536,24.29919],[90.33163,24.298],[90.33751,24.29423],[90.34765,24.29382],[90.35097,24.29894],[90.35928,24.30014],[90.35885,24.29117],[90.35664,24.2879],[90.36219,24.28613],[90.3625,24.281],[90.37639,24.2849],[90.37843,24.28657],[90.37938,24.29053],[90.38264,24.28833],[90.38757,24.28777],[90.39283,24.28161],[90.40242,24.28269],[90.40751,24.29004],[90.40936,24.29669],[90.42132,24.30832],[90.42244,24.30837],[90.42267,24.30557],[90.42461,24.30521],[90.42812,24.3102],[90.42627,24.31825],[90.42643,24.33049],[90.42961,24.33054],[90.43606,24.33815],[90.44304,24.34114],[90.44688,24.33895],[90.45276,24.34007],[90.45796,24.3389],[90.46345,24.33272],[90.47203,24.32866],[90.47474,24.32574],[90.4742,24.32364],[90.47818,24.32321],[90.47874,24.32098],[90.48516,24.3195],[90.4876,24.31415],[90.49225,24.31352],[90.49628,24.31511],[90.51198,24.31178],[90.52246,24.30437],[90.52901,24.30329],[90.52935,24.30138],[90.52147,24.29079],[90.52106,24.2877],[90.53454,24.28229],[90.54627,24.2745],[90.54602,24.26774],[90.54421,24.26607],[90.5542,24.259],[90.56331,24.2561],[90.57291,24.24645],[90.57958,24.24651],[90.58523,24.2501],[90.58895,24.25498],[90.59749,24.25848],[90.60304,24.26282],[90.62183,24.26856],[90.63133,24.26695],[90.63833,24.26163],[90.64929,24.25799]]]}},{"type":"Feature","properties":{"ADM2_EN":"Naogaon","ADM1_EN":"Rajshani"},"geometry":{"type":"Polygon","coordinates":[[[88.99003,24.85944],[88.99452,24.86822],[88.99012,24.87274],[88.99053,24.87845],[89.00023,24.88499],[89.0006,24.88877],[89.00357,24.89066],[89.00752,24.89921],[89.00375,24.90125],[89.00213,24.90876],[88.99978,24.90974],[89.00152,24.91716],[89.00028,24.91966],[89.00095,24.92503],[89.00427,24.93087],[89.00266,24.93202],[89.00359,24.94022],[89.00116,24.94146],[88.99936,24.95376],[89.00375,24.95796],[89.00373,24.96933],[89.00002,24.97272],[89.0024,24.9779],[89.01013,24.97814],[89.01207,24.98229],[89.01306,24.98931],[89.00939,24.9897],[89.0087,24.99179],[89.00857,25.00027],[89.01139,25.00434],[89.00925,25.00584],[89.00928,25.0081],[89.01169,25.01147],[89.01494,25.01045],[89.01627,25.01501],[89.01489,25.01711],[89.01783,25.01796],[89.01032,25.01943],[89.00926,25.02123],[89.01305,25.02371],[89.01567,25.02322],[89.0187,25.02624],[89.0138,25.03176],[89.00976,25.03282],[89.00953,25.03634],[89.01345,25.03945],[89.01653,25.04729],[89.01233,25.0496],[89.00436,25.04964],[89.00165,25.05148],[88.99879,25.05055],[88.99676,25.0456],[88.99357,25.04857],[88.98569,25.04869],[88.98224,25.05565],[88.97808,25.05289],[88.97439,25.05461],[88.96844,25.05342],[88.9636,25.05496],[88.96169,25.05296],[88.95864,25.05508],[88.95353,25.05564],[88.95463,25.04849],[88.95696,25.04707],[88.9553,25.04588],[88.95477,25.04151],[88.95215,25.03998],[88.95182,25.03674],[88.95646,25.03204],[88.9557,25.02888],[88.95335,25.02887],[88.94907,25.03338],[88.94889,25.0387],[88.94287,25.0396],[88.94084,25.04148],[88.94564,25.05149],[88.94459,25.05753],[88.93775,25.05786],[88.93106,25.07214],[88.9415,25.09785],[88.9394,25.11193],[88.94031,25.11416],[88.93629,25.11975],[88.9282,25.12447],[88.92109,25.13185],[88.92354,25.13323],[88.92474,25.13898],[88.92718,25.1388],[88.92877,25.14032],[88.92832,25.14232],[88.92426,25.1453],[88.91957,25.1463],[88.92307,25.14892],[88.92516,25.15459],[88.92302,25.16501],[88.91835,25.16741],[88.91233,25.16806],[88.91261,25.17802],[88.91093,25.18041],[88.9063,25.17874],[88.90094,25.18006],[88.89899,25.18254],[88.88937,25.18476],[88.88982,25.17847],[88.87582,25.17897],[88.87528,25.18525],[88.87279,25.18913],[88.87389,25.19157],[88.87292,25.1933],[88.87486,25.19363],[88.87487,25.19633],[88.87399,25.19492],[88.8715,25.19487],[88.87145,25.19147],[88.86779,25.1899],[88.86407,25.19024],[88.86488,25.2007],[88.85845,25.20246],[88.85478,25.19993],[88.85155,25.20064],[88.84968,25.20186],[88.84916,25.21072],[88.84371,25.21392],[88.84114,25.2137],[88.84231,25.21072],[88.83758,25.211],[88.83669,25.20628],[88.83173,25.20666],[88.83042,25.20545],[88.82692,25.19259],[88.82578,25.19105],[88.82278,25.1911],[88.82267,25.1896],[88.82092,25.19051],[88.82078,25.1886],[88.81786,25.18899],[88.81712,25.18585],[88.81483,25.18504],[88.81334,25.17436],[88.80592,25.17352],[88.80584,25.17055],[88.79302,25.17273],[88.77361,25.17947],[88.77276,25.18949],[88.76932,25.18991],[88.76696,25.18326],[88.75859,25.18676],[88.75537,25.18112],[88.74871,25.17708],[88.75085,25.18291],[88.74534,25.18289],[88.74262,25.18678],[88.74017,25.18514],[88.73453,25.1847],[88.73539,25.18927],[88.73346,25.19115],[88.73334,25.20002],[88.72529,25.19901],[88.72395,25.20256],[88.71791,25.202],[88.71494,25.20708],[88.70787,25.20795],[88.68825,25.20734],[88.68732,25.20949],[88.68,25.20902],[88.67824,25.20661],[88.67832,25.20328],[88.67266,25.19853],[88.66969,25.1983],[88.66728,25.19859],[88.66668,25.20089],[88.66381,25.20282],[88.64704,25.20438],[88.64282,25.20643],[88.63802,25.20355],[88.63099,25.20177],[88.6202,25.20526],[88.61611,25.20358],[88.61299,25.20429],[88.61034,25.19869],[88.59772,25.191],[88.59089,25.1946],[88.59113,25.18519],[88.58876,25.18524],[88.58692,25.18234],[88.58141,25.18224],[88.57957,25.17691],[88.57568,25.17727],[88.575,25.17618],[88.57114,25.17746],[88.57079,25.17589],[88.56636,25.176],[88.56481,25.17461],[88.55556,25.17907],[88.5597,25.18461],[88.55993,25.19099],[88.55757,25.19272],[88.54803,25.19532],[88.54658,25.19351],[88.54198,25.19402],[88.54073,25.18911],[88.53862,25.18939],[88.53762,25.18722],[88.53392,25.18808],[88.53292,25.19451],[88.53772,25.19792],[88.5006,25.20341],[88.4991,25.21049],[88.48561,25.21191],[88.48289,25.21102],[88.47543,25.21348],[88.47406,25.20762],[88.46965,25.20006],[88.47175,25.19947],[88.47199,25.19763],[88.46758,25.19739],[88.46337,25.19502],[88.44693,25.1976],[88.44364,25.19739],[88.44425,25.19623],[88.44049,25.20081],[88.43736,25.19859],[88.43664,25.19985],[88.43925,25.20275],[88.43882,25.20798],[88.44196,25.20885],[88.4416,25.21037],[88.43989,25.2103],[88.43806,25.20795],[88.4387,25.20304],[88.4354,25.19984],[88.43774,25.19752],[88.44042,25.20017],[88.44315,25.19513],[88.44211,25.18423],[88.44586,25.18027],[88.44226,25.17529],[88.44881,25.17244],[88.45295,25.16576],[88.45688,25.16565],[88.45649,25.16302],[88.45922,25.16097],[88.45698,25.15318],[88.45946,25.14958],[88.457,25.14746],[88.45992,25.14472],[88.46034,25.13863],[88.45692,25.13935],[88.45784,25.13479],[88.44824,25.13098],[88.44739,25.1282],[88.44135,25.12764],[88.44299,25.11849],[88.44206,25.11507],[88.44547,25.11346],[88.44708,25.10794],[88.44386,25.1005],[88.44719,25.09007],[88.44632,25.08204],[88.44966,25.07957],[88.45286,25.07942],[88.45106,25.07529],[88.44566,25.07105],[88.44232,25.06599],[88.44228,25.06266],[88.43808,25.05738],[88.43491,25.05607],[88.43777,25.04318],[88.44705,25.04184],[88.44972,25.03928],[88.45217,25.03899],[88.45262,25.03706],[88.45028,25.03375],[88.44585,25.03393],[88.44422,25.0303],[88.44561,25.02752],[88.44314,25.02461],[88.4388,25.02266],[88.4414,25.01961],[88.43798,25.01964],[88.44124,25.01732],[88.43713,25.01584],[88.44015,25.01556],[88.44193,25.01329],[88.44044,25.01145],[88.43981,25.01343],[88.43744,25.01176],[88.43775,25.01438],[88.43538,25.01439],[88.43687,25.00914],[88.43406,25.00727],[88.43659,25.00657],[88.43385,25.00551],[88.43038,25.00811],[88.42756,25.0077],[88.42774,25.00966],[88.42647,25.00966],[88.42728,25.01271],[88.42549,25.01655],[88.42439,25.01397],[88.42674,25.0127],[88.42541,25.0067],[88.42149,25.00631],[88.41924,25.00191],[88.42046,24.99967],[88.41238,24.99904],[88.41199,24.99614],[88.4136,24.99701],[88.41461,24.99527],[88.41177,24.98542],[88.4166,24.98523],[88.41874,24.98331],[88.4123,24.98238],[88.41616,24.98053],[88.41665,24.97389],[88.41087,24.97358],[88.4093,24.97755],[88.40507,24.97983],[88.40369,24.97421],[88.40621,24.97282],[88.40315,24.971],[88.40383,24.97381],[88.39837,24.97289],[88.39498,24.96886],[88.39466,24.96643],[88.39627,24.96532],[88.39511,24.96471],[88.39951,24.95967],[88.40792,24.96373],[88.40972,24.96138],[88.41958,24.966],[88.42299,24.96613],[88.42733,24.96524],[88.43417,24.96087],[88.43638,24.9547],[88.43154,24.94529],[88.43305,24.94198],[88.43128,24.93446],[88.4326,24.93187],[88.4319,24.92873],[88.44046,24.92038],[88.44667,24.9195],[88.45141,24.91626],[88.4573,24.91761],[88.45888,24.91936],[88.45911,24.92342],[88.45371,24.925],[88.45179,24.93164],[88.45972,24.93184],[88.47129,24.93814],[88.47883,24.93099],[88.48565,24.9299],[88.49289,24.92471],[88.49081,24.91821],[88.49414,24.91447],[88.49415,24.90679],[88.4906,24.90433],[88.48585,24.90346],[88.48476,24.89928],[88.48779,24.89527],[88.48688,24.89112],[88.48957,24.88923],[88.48958,24.88653],[88.49459,24.88075],[88.49032,24.88009],[88.48971,24.87688],[88.48647,24.87496],[88.48615,24.87015],[88.48239,24.86697],[88.48223,24.8649],[88.47867,24.86478],[88.47586,24.86296],[88.47753,24.85112],[88.4746,24.84453],[88.45958,24.85943],[88.44993,24.86142],[88.44608,24.85579],[88.44996,24.85638],[88.45463,24.85087],[88.45938,24.84839],[88.45741,24.84586],[88.44226,24.84684],[88.43628,24.83935],[88.42654,24.84215],[88.4271,24.84602],[88.4251,24.84806],[88.42215,24.84784],[88.41951,24.84445],[88.41528,24.84301],[88.41478,24.8468],[88.41208,24.84785],[88.40584,24.84454],[88.40736,24.84114],[88.40667,24.83823],[88.39992,24.83791],[88.39639,24.83604],[88.40251,24.83255],[88.40079,24.82902],[88.39808,24.8275],[88.39393,24.82866],[88.38858,24.82715],[88.38654,24.82805],[88.38679,24.83095],[88.38472,24.83047],[88.3831,24.82032],[88.38855,24.81662],[88.39344,24.81755],[88.39723,24.82345],[88.40183,24.82368],[88.40155,24.82578],[88.4038,24.82668],[88.40759,24.83196],[88.41371,24.83179],[88.41763,24.8374],[88.41588,24.83862],[88.41113,24.83767],[88.41393,24.83956],[88.42014,24.83909],[88.42159,24.83101],[88.4131,24.83044],[88.41144,24.82839],[88.41294,24.82615],[88.41219,24.82433],[88.41473,24.82272],[88.41949,24.82217],[88.42574,24.82511],[88.4282,24.82358],[88.43104,24.81764],[88.4346,24.81757],[88.43732,24.81963],[88.43809,24.82289],[88.44734,24.82588],[88.44915,24.82234],[88.44356,24.81628],[88.445,24.8135],[88.44078,24.80249],[88.43699,24.80707],[88.43004,24.79357],[88.43155,24.78906],[88.43096,24.78408],[88.42402,24.78464],[88.41792,24.78112],[88.41913,24.77458],[88.41253,24.77341],[88.41244,24.76884],[88.41521,24.76769],[88.42094,24.76784],[88.42418,24.76939],[88.42748,24.76871],[88.43224,24.77281],[88.43404,24.77727],[88.44447,24.77543],[88.45266,24.77748],[88.45723,24.77589],[88.45584,24.77185],[88.4668,24.76731],[88.46872,24.76772],[88.46784,24.76533],[88.47297,24.76261],[88.47587,24.76513],[88.4799,24.77321],[88.48313,24.7713],[88.48696,24.77198],[88.48869,24.77017],[88.49459,24.77177],[88.49563,24.76841],[88.49394,24.76153],[88.48957,24.75635],[88.4932,24.75155],[88.49493,24.74544],[88.49074,24.74838],[88.4853,24.74412],[88.47961,24.74729],[88.47511,24.74724],[88.47518,24.75874],[88.46931,24.76119],[88.45874,24.75897],[88.45535,24.75019],[88.4655,24.74744],[88.46221,24.73407],[88.46256,24.73196],[88.46543,24.73095],[88.47026,24.7306],[88.47503,24.73572],[88.48163,24.73352],[88.48963,24.73372],[88.49367,24.73907],[88.5044,24.73464],[88.5117,24.73416],[88.50557,24.71863],[88.51376,24.71224],[88.51864,24.71252],[88.51972,24.70749],[88.52338,24.70678],[88.5273,24.70924],[88.5355,24.70356],[88.54141,24.70513],[88.54604,24.7005],[88.55394,24.7051],[88.55968,24.70346],[88.56251,24.70532],[88.57159,24.70312],[88.57109,24.70001],[88.57602,24.6963],[88.58147,24.69896],[88.58172,24.69558],[88.57123,24.68164],[88.57834,24.67624],[88.58468,24.68261],[88.591,24.68603],[88.59339,24.69193],[88.59352,24.69843],[88.60159,24.69943],[88.60688,24.70306],[88.61568,24.70472],[88.62038,24.70179],[88.62282,24.69587],[88.62453,24.69547],[88.62573,24.6748],[88.62962,24.67031],[88.62751,24.66129],[88.63011,24.65124],[88.62728,24.64973],[88.62364,24.64469],[88.62948,24.63171],[88.6361,24.63253],[88.63584,24.63091],[88.63087,24.62769],[88.63222,24.62523],[88.63521,24.62538],[88.63261,24.62135],[88.63882,24.61717],[88.64593,24.62124],[88.64914,24.63134],[88.65251,24.6307],[88.65337,24.62421],[88.65651,24.62408],[88.65798,24.62741],[88.66322,24.62709],[88.66654,24.63054],[88.66923,24.63059],[88.66995,24.63276],[88.67994,24.63236],[88.68267,24.637],[88.68707,24.6363],[88.6913,24.63288],[88.69284,24.63548],[88.69418,24.63263],[88.69146,24.6282],[88.69547,24.62542],[88.69804,24.63087],[88.70606,24.62844],[88.70627,24.63171],[88.70323,24.63359],[88.70257,24.63822],[88.69518,24.63984],[88.69724,24.64356],[88.70138,24.64427],[88.70328,24.64672],[88.70395,24.65378],[88.69934,24.65648],[88.70142,24.66192],[88.7114,24.66489],[88.71404,24.66743],[88.72005,24.66787],[88.71989,24.6613],[88.7231,24.6601],[88.72483,24.65972],[88.72879,24.66635],[88.73535,24.66377],[88.73768,24.66694],[88.73637,24.67145],[88.7379,24.67747],[88.74267,24.68346],[88.75069,24.67986],[88.74843,24.6776],[88.75678,24.67052],[88.77066,24.66763],[88.77392,24.66889],[88.77694,24.67269],[88.78757,24.67806],[88.79469,24.68609],[88.79791,24.68658],[88.80237,24.68541],[88.80643,24.68043],[88.80544,24.67573],[88.81408,24.67459],[88.81362,24.66425],[88.81089,24.65806],[88.82206,24.65303],[88.82937,24.65311],[88.83133,24.65802],[88.83289,24.65851],[88.85464,24.65843],[88.86041,24.65651],[88.86033,24.65355],[88.86316,24.65216],[88.86423,24.64979],[88.86222,24.64847],[88.86339,24.64723],[88.87287,24.64558],[88.87425,24.63741],[88.87934,24.63575],[88.88092,24.63641],[88.87871,24.64257],[88.8829,24.64321],[88.88994,24.63776],[88.89727,24.64336],[88.9095,24.64329],[88.91074,24.63338],[88.91313,24.62921],[88.91889,24.61995],[88.922,24.62134],[88.92406,24.61812],[88.92382,24.61252],[88.92711,24.60523],[88.9266,24.59776],[88.93317,24.59544],[88.93372,24.58837],[88.93745,24.58707],[88.93901,24.59058],[88.94122,24.59154],[88.94115,24.58877],[88.94624,24.58668],[88.94864,24.58176],[88.95206,24.58086],[88.9529,24.57875],[88.95989,24.58443],[88.96329,24.5836],[88.96766,24.58333],[88.97214,24.58499],[88.97562,24.581],[88.98401,24.57843],[88.98491,24.57634],[88.98731,24.57607],[88.99192,24.57168],[88.99365,24.57251],[89.00949,24.5656],[89.01099,24.56086],[89.00447,24.55633],[89.01031,24.5508],[89.01611,24.54975],[89.02107,24.55689],[89.02818,24.55723],[89.03471,24.54558],[89.04174,24.54441],[89.05259,24.53423],[89.06059,24.53864],[89.06567,24.53335],[89.07909,24.53332],[89.08069,24.5387],[89.08376,24.53956],[89.08477,24.54458],[89.08908,24.54337],[89.09031,24.53928],[89.09223,24.53799],[89.09827,24.54165],[89.09664,24.5431],[89.09611,24.54733],[89.09709,24.55238],[89.09964,24.55386],[89.10015,24.55592],[89.09733,24.55783],[89.10175,24.55949],[89.10387,24.56239],[89.10277,24.56434],[89.10458,24.56977],[89.10336,24.57295],[89.10475,24.57739],[89.10233,24.58047],[89.10481,24.58363],[89.1035,24.58491],[89.10448,24.58677],[89.10173,24.58677],[89.10145,24.58903],[89.09513,24.59452],[89.09533,24.59877],[89.10013,24.60247],[89.09976,24.60348],[89.09589,24.60319],[89.09916,24.60669],[89.09678,24.60831],[89.09845,24.61165],[89.09737,24.61384],[89.09828,24.6193],[89.10185,24.62117],[89.10102,24.62369],[89.09897,24.62455],[89.10068,24.6282],[89.09902,24.62871],[89.09718,24.63258],[89.09977,24.63376],[89.09771,24.63491],[89.09758,24.63731],[89.10008,24.63918],[89.10349,24.63764],[89.10447,24.63483],[89.11062,24.64074],[89.1154,24.6387],[89.11897,24.64182],[89.11942,24.64612],[89.12227,24.64684],[89.12029,24.65163],[89.1215,24.65384],[89.12422,24.6498],[89.12487,24.65404],[89.12882,24.65081],[89.13524,24.65445],[89.13604,24.65663],[89.13193,24.6592],[89.13532,24.66003],[89.13419,24.66345],[89.13589,24.66355],[89.1332,24.67203],[89.13796,24.68401],[89.13468,24.68518],[89.13831,24.6896],[89.13812,24.69164],[89.1338,24.69032],[89.13186,24.69277],[89.13117,24.69933],[89.13494,24.69992],[89.13631,24.70178],[89.13157,24.70289],[89.13185,24.70449],[89.13264,24.70542],[89.13351,24.70358],[89.13486,24.70381],[89.13323,24.70576],[89.1364,24.70717],[89.13562,24.71155],[89.14508,24.71446],[89.14735,24.72064],[89.14525,24.72185],[89.14661,24.72421],[89.14564,24.72598],[89.14997,24.72533],[89.14921,24.72997],[89.15076,24.73836],[89.14889,24.73942],[89.14792,24.738],[89.14237,24.73774],[89.13607,24.73247],[89.13303,24.73652],[89.13326,24.74245],[89.132,24.74099],[89.12956,24.74119],[89.13152,24.74008],[89.13038,24.73893],[89.12652,24.73879],[89.12648,24.73716],[89.12781,24.73831],[89.12971,24.73693],[89.12783,24.73541],[89.12904,24.73286],[89.12756,24.73344],[89.12316,24.72991],[89.12641,24.73107],[89.12484,24.72876],[89.12794,24.72565],[89.12768,24.72262],[89.13036,24.72333],[89.12966,24.7272],[89.13166,24.72609],[89.13089,24.7211],[89.13249,24.71982],[89.13018,24.71406],[89.12831,24.72113],[89.12039,24.72179],[89.1154,24.72464],[89.11071,24.72157],[89.11632,24.72207],[89.11797,24.72097],[89.12155,24.71777],[89.12063,24.71442],[89.11533,24.71396],[89.11352,24.71743],[89.11344,24.71527],[89.10956,24.71523],[89.10891,24.71719],[89.10713,24.71531],[89.10537,24.71673],[89.10603,24.71975],[89.09896,24.72582],[89.08914,24.71978],[89.08527,24.7202],[89.08352,24.71864],[89.08464,24.72843],[89.08338,24.73],[89.08529,24.73044],[89.08543,24.72724],[89.0882,24.72716],[89.0898,24.72831],[89.08832,24.72885],[89.08985,24.73117],[89.09182,24.7299],[89.09337,24.7331],[89.09691,24.73448],[89.08406,24.74054],[89.08874,24.74462],[89.08946,24.74825],[89.09626,24.7513],[89.08898,24.75271],[89.08924,24.75616],[89.085,24.75884],[89.0878,24.76296],[89.08181,24.76452],[89.08186,24.77088],[89.0887,24.78222],[89.0865,24.78636],[89.08263,24.78626],[89.07676,24.78915],[89.07562,24.78659],[89.07184,24.78649],[89.07322,24.78385],[89.07166,24.78193],[89.07065,24.78442],[89.06892,24.78487],[89.06672,24.78156],[89.06407,24.78279],[89.06306,24.78131],[89.06155,24.78481],[89.05911,24.78636],[89.05482,24.78076],[89.05254,24.78305],[89.05432,24.78605],[89.05224,24.78701],[89.0521,24.78975],[89.04716,24.79],[89.03755,24.78097],[89.03384,24.77989],[89.03033,24.78218],[89.02946,24.78045],[89.0276,24.78043],[89.0252,24.78208],[89.02503,24.78037],[89.02126,24.78],[89.02125,24.77142],[89.01419,24.77006],[89.01356,24.76564],[89.01132,24.76376],[89.00374,24.76687],[88.99724,24.76635],[88.99243,24.75514],[88.98915,24.75449],[88.98981,24.74348],[88.98006,24.74711],[88.97497,24.74494],[88.97384,24.74248],[88.97571,24.73938],[88.97473,24.73886],[88.96364,24.74335],[88.96239,24.74672],[88.96759,24.74518],[88.96332,24.75297],[88.96378,24.75539],[88.96688,24.75564],[88.96634,24.76423],[88.97033,24.76631],[88.97124,24.77011],[88.97481,24.77251],[88.97524,24.78189],[88.97778,24.78366],[88.9742,24.78469],[88.97091,24.78948],[88.97651,24.79006],[88.97803,24.79705],[88.97741,24.80274],[88.98083,24.80208],[88.98215,24.80311],[88.98098,24.8066],[88.9733,24.80915],[88.97353,24.81166],[88.97116,24.81511],[88.97234,24.81827],[88.96991,24.82332],[88.97728,24.82364],[88.97756,24.82684],[88.97954,24.82651],[88.98182,24.82343],[88.98478,24.82467],[88.98641,24.82359],[88.98799,24.82544],[88.98729,24.82913],[88.97885,24.82949],[88.9786,24.83754],[88.97566,24.83778],[88.97418,24.84868],[88.97734,24.85353],[88.98185,24.85384],[88.98304,24.85624],[88.99003,24.85944]]]}},{"type":"Feature","properties":{"ADM2_EN":"Narail","ADM1_EN":"Khulna"},"geometry":{"type":"Polygon","coordinates":[[[89.80105,22.94126],[89.8064,22.95919],[89.80552,22.96443],[89.80178,22.97151],[89.79463,22.97648],[89.79266,22.97946],[89.79335,22.98861],[89.79706,22.99603],[89.78746,23.00094],[89.76874,23.00455],[89.76219,23.00767],[89.75701,23.01522],[89.7547,23.03205],[89.74677,23.04864],[89.74443,23.05067],[89.73371,23.05134],[89.73031,23.05284],[89.72861,23.05539],[89.72881,23.06008],[89.73635,23.07096],[89.73558,23.07344],[89.72996,23.07861],[89.70489,23.08952],[89.69064,23.09868],[89.67782,23.11264],[89.67261,23.12314],[89.67285,23.12801],[89.67539,23.13156],[89.68039,23.13359],[89.6862,23.13276],[89.69506,23.1271],[89.69985,23.11466],[89.70668,23.11365],[89.71323,23.11607],[89.72952,23.12638],[89.73857,23.1296],[89.74071,23.13339],[89.74167,23.14229],[89.73018,23.15845],[89.73228,23.1682],[89.73852,23.17326],[89.76217,23.17491],[89.76481,23.17993],[89.75974,23.18535],[89.75365,23.18769],[89.73346,23.18645],[89.71329,23.17769],[89.70259,23.17011],[89.69655,23.16224],[89.69107,23.16262],[89.68622,23.16826],[89.67903,23.18327],[89.68419,23.20732],[89.68801,23.21039],[89.68429,23.21221],[89.68839,23.21969],[89.68736,23.22411],[89.67036,23.24425],[89.66497,23.24446],[89.66499,23.24593],[89.66374,23.24597],[89.66389,23.24274],[89.65496,23.24065],[89.64746,23.23464],[89.64183,23.23246],[89.63744,23.23334],[89.63325,23.23713],[89.63203,23.24912],[89.63683,23.26162],[89.64884,23.27303],[89.65805,23.27647],[89.66563,23.2765],[89.66906,23.27834],[89.66572,23.28284],[89.65286,23.2888],[89.63029,23.28999],[89.62215,23.29585],[89.61765,23.30444],[89.61422,23.30848],[89.60447,23.31221],[89.60464,23.32103],[89.59268,23.31956],[89.58968,23.32165],[89.58147,23.32199],[89.5785,23.32339],[89.57702,23.32084],[89.57001,23.31937],[89.56014,23.32039],[89.55939,23.31311],[89.556,23.30849],[89.54494,23.30686],[89.5437,23.30454],[89.54007,23.30503],[89.53425,23.30318],[89.53256,23.29609],[89.52778,23.29053],[89.52743,23.28449],[89.52448,23.27818],[89.51663,23.28009],[89.5166,23.28443],[89.51045,23.28807],[89.50362,23.28811],[89.49815,23.29529],[89.49319,23.29469],[89.49023,23.29667],[89.48542,23.29626],[89.4845,23.29805],[89.47905,23.29945],[89.4768,23.29459],[89.48029,23.28492],[89.47171,23.28775],[89.46365,23.28398],[89.46131,23.27288],[89.46261,23.26786],[89.45838,23.2672],[89.45776,23.26325],[89.45635,23.26469],[89.45508,23.26388],[89.45505,23.25722],[89.44804,23.25753],[89.44034,23.26184],[89.43527,23.2588],[89.42557,23.25872],[89.42258,23.25226],[89.42431,23.24351],[89.42613,23.23906],[89.43356,23.23337],[89.43098,23.23207],[89.42769,23.23311],[89.42642,23.23078],[89.42074,23.23168],[89.41776,23.22974],[89.41712,23.22424],[89.41913,23.22583],[89.42097,23.22486],[89.42019,23.22396],[89.42347,23.21609],[89.41966,23.21855],[89.42248,23.20777],[89.42233,23.20151],[89.42038,23.19777],[89.42079,23.19073],[89.42335,23.18367],[89.42191,23.18382],[89.42211,23.18065],[89.41977,23.17966],[89.41928,23.17574],[89.41599,23.17399],[89.41865,23.16926],[89.41803,23.16758],[89.41208,23.16761],[89.41294,23.16335],[89.4147,23.16463],[89.41504,23.15854],[89.40974,23.15825],[89.40883,23.15343],[89.42014,23.14644],[89.4193,23.14036],[89.41307,23.14007],[89.4085,23.14188],[89.40237,23.13899],[89.40137,23.14061],[89.39881,23.14033],[89.3989,23.14292],[89.39735,23.14211],[89.39267,23.14471],[89.39158,23.14355],[89.39376,23.14277],[89.39208,23.14073],[89.39052,23.14188],[89.38817,23.13989],[89.38638,23.14024],[89.38654,23.13867],[89.37822,23.13557],[89.38275,23.12895],[89.3896,23.10648],[89.38487,23.08577],[89.39675,23.07976],[89.39982,23.07684],[89.40045,23.07786],[89.3971,23.08237],[89.39916,23.08427],[89.41663,23.08307],[89.4192,23.08919],[89.42502,23.09349],[89.42676,23.09667],[89.42804,23.09643],[89.43133,23.1043],[89.436,23.10654],[89.43868,23.11188],[89.44231,23.11455],[89.44351,23.1121],[89.44243,23.10345],[89.44364,23.09101],[89.44049,23.07355],[89.44556,23.07091],[89.45197,23.07003],[89.45326,23.06812],[89.44389,23.06655],[89.44399,23.05474],[89.44908,23.05027],[89.45442,23.05399],[89.45743,23.04091],[89.46215,23.03486],[89.46745,23.03272],[89.472,23.03305],[89.47511,23.03558],[89.48266,23.03522],[89.48962,23.03772],[89.50122,23.0331],[89.50595,23.02706],[89.50972,23.01586],[89.52196,23.01244],[89.52225,23.01071],[89.52012,23.00985],[89.52086,23.0084],[89.52954,23.00682],[89.52809,23.00277],[89.53082,23.00143],[89.53026,22.99626],[89.53291,22.99814],[89.53473,22.99669],[89.53711,22.98431],[89.54353,22.98141],[89.54565,22.97703],[89.55208,22.97728],[89.56055,22.98385],[89.56345,22.98972],[89.56677,22.99154],[89.58693,22.98545],[89.58475,22.97758],[89.59397,22.97132],[89.60591,22.95738],[89.61127,22.95553],[89.61591,22.9635],[89.6211,22.96438],[89.62346,22.97038],[89.62585,22.96247],[89.62844,22.96142],[89.64988,22.96853],[89.65133,22.97429],[89.6479,22.97902],[89.65179,22.98349],[89.66361,22.97664],[89.66948,22.97719],[89.67551,22.97036],[89.67621,22.96753],[89.68187,22.96943],[89.68241,22.97505],[89.68932,22.97673],[89.70288,22.97435],[89.70977,22.97127],[89.7229,22.97336],[89.72967,22.97069],[89.73646,22.97317],[89.73618,22.96964],[89.74171,22.96512],[89.74411,22.96379],[89.74916,22.96391],[89.76085,22.96479],[89.76658,22.97667],[89.7733,22.98174],[89.7798,22.9834],[89.78761,22.98208],[89.78833,22.97984],[89.78383,22.9724],[89.78636,22.96209],[89.79331,22.95619],[89.79609,22.9452],[89.80105,22.94126]]]}},{"type":"Feature","properties":{"ADM2_EN":"Narayanganj","ADM1_EN":"Dhaka"},"geometry":{"type":"Polygon","coordinates":[[[90.73461,23.76284],[90.73221,23.76589],[90.73204,23.77285],[90.74115,23.78747],[90.73443,23.7892],[90.73399,23.79175],[90.73125,23.79246],[90.73151,23.79397],[90.7263,23.79336],[90.72327,23.7974],[90.71461,23.79927],[90.71602,23.80446],[90.7137,23.80846],[90.70862,23.81318],[90.7022,23.81522],[90.69676,23.82032],[90.68663,23.82082],[90.67715,23.82885],[90.67646,23.82793],[90.68016,23.82421],[90.67842,23.8197],[90.68018,23.82034],[90.68004,23.81794],[90.68473,23.81434],[90.68484,23.81128],[90.68755,23.80876],[90.68706,23.80362],[90.68956,23.79889],[90.68424,23.79717],[90.68322,23.79432],[90.67754,23.79636],[90.67278,23.79599],[90.67002,23.79424],[90.66405,23.79554],[90.66623,23.79891],[90.66368,23.80233],[90.66005,23.8002],[90.65997,23.79882],[90.65719,23.79991],[90.65541,23.79742],[90.64819,23.80099],[90.64618,23.80854],[90.6391,23.81655],[90.63653,23.82429],[90.64378,23.83578],[90.65556,23.8382],[90.65893,23.8353],[90.66271,23.84158],[90.66089,23.84323],[90.65534,23.84114],[90.65617,23.84245],[90.64659,23.84791],[90.64594,23.85129],[90.65431,23.85539],[90.65133,23.85656],[90.65121,23.86213],[90.64548,23.86335],[90.64512,23.86958],[90.64181,23.86732],[90.63389,23.8685],[90.62419,23.86161],[90.62108,23.85519],[90.6219,23.85303],[90.61853,23.85143],[90.6189,23.84805],[90.62157,23.84517],[90.62156,23.84173],[90.61907,23.83706],[90.61611,23.83817],[90.60986,23.83256],[90.60722,23.83481],[90.60766,23.83742],[90.60472,23.84071],[90.59852,23.84433],[90.59985,23.84678],[90.59578,23.85354],[90.59819,23.85618],[90.59796,23.85849],[90.60776,23.85826],[90.60954,23.87217],[90.61301,23.87187],[90.6111,23.87504],[90.61269,23.87974],[90.61072,23.8852],[90.60703,23.8833],[90.60494,23.88556],[90.60459,23.88923],[90.60307,23.88979],[90.59982,23.88828],[90.59936,23.88199],[90.59453,23.88162],[90.59214,23.88246],[90.59259,23.88439],[90.58903,23.88852],[90.5799,23.88973],[90.57067,23.89499],[90.56259,23.89465],[90.56228,23.89188],[90.55756,23.89323],[90.55566,23.89029],[90.55404,23.89024],[90.55421,23.88607],[90.55078,23.8868],[90.54937,23.88527],[90.5491,23.88715],[90.54307,23.88833],[90.54331,23.88656],[90.53794,23.88859],[90.5345,23.88702],[90.53295,23.89204],[90.53139,23.89084],[90.53025,23.89338],[90.52762,23.89411],[90.52726,23.89689],[90.52568,23.89651],[90.52726,23.893],[90.5266,23.89061],[90.5221,23.89213],[90.51865,23.89071],[90.51698,23.88788],[90.52086,23.88322],[90.52018,23.87642],[90.51187,23.87458],[90.50526,23.87484],[90.50582,23.87037],[90.50227,23.8579],[90.49138,23.85338],[90.49058,23.85123],[90.48755,23.85048],[90.48755,23.84869],[90.48318,23.8469],[90.47395,23.84928],[90.47127,23.84731],[90.47175,23.84249],[90.47725,23.83498],[90.48046,23.83221],[90.48394,23.83158],[90.48427,23.82814],[90.48661,23.8261],[90.48577,23.82133],[90.48779,23.81764],[90.48538,23.81706],[90.4836,23.81118],[90.48419,23.80786],[90.48183,23.80285],[90.48053,23.79236],[90.47093,23.78355],[90.47346,23.77998],[90.4765,23.77936],[90.48244,23.77336],[90.48259,23.75965],[90.48752,23.755],[90.48571,23.7492],[90.49246,23.74332],[90.48993,23.73599],[90.49753,23.73062],[90.50047,23.72597],[90.49928,23.7225],[90.50185,23.71805],[90.50804,23.71469],[90.51279,23.70957],[90.50466,23.70574],[90.49902,23.70525],[90.49779,23.70149],[90.49147,23.70091],[90.48869,23.69906],[90.48871,23.69564],[90.48572,23.696],[90.47973,23.69366],[90.47781,23.6911],[90.4741,23.69022],[90.47009,23.68515],[90.46482,23.68275],[90.46193,23.68353],[90.45835,23.68035],[90.4586,23.67903],[90.45576,23.67712],[90.45386,23.67756],[90.4484,23.66532],[90.47198,23.63877],[90.47315,23.63583],[90.47236,23.63145],[90.47023,23.62925],[90.45425,23.62406],[90.44673,23.62387],[90.43679,23.61603],[90.43353,23.61032],[90.43019,23.60861],[90.43438,23.60517],[90.44001,23.59698],[90.44184,23.58622],[90.43975,23.57825],[90.43114,23.57071],[90.42905,23.56629],[90.43127,23.56224],[90.44251,23.55263],[90.44825,23.55051],[90.45667,23.55153],[90.46292,23.55526],[90.47503,23.56639],[90.48459,23.57041],[90.50187,23.57366],[90.51832,23.57308],[90.52307,23.57189],[90.52625,23.56847],[90.54532,23.56053],[90.55214,23.55391],[90.56492,23.53439],[90.57457,23.53387],[90.57862,23.53551],[90.57937,23.53984],[90.57496,23.5495],[90.55935,23.57384],[90.55792,23.58086],[90.5605,23.58938],[90.56453,23.59314],[90.57348,23.59733],[90.58465,23.59907],[90.59959,23.59848],[90.60834,23.60029],[90.61519,23.60417],[90.62414,23.61297],[90.62692,23.61405],[90.62995,23.62082],[90.63799,23.64911],[90.63797,23.67036],[90.6403,23.67483],[90.65842,23.67173],[90.66532,23.67353],[90.66801,23.67769],[90.67098,23.67906],[90.67651,23.68003],[90.69787,23.66605],[90.70875,23.66238],[90.72157,23.66173],[90.73022,23.6645],[90.73276,23.66708],[90.73844,23.68091],[90.74114,23.69262],[90.74099,23.6978],[90.73863,23.70273],[90.73017,23.71086],[90.72487,23.71837],[90.72182,23.73073],[90.72308,23.74527],[90.73461,23.76284]]]}},{"type":"Feature","properties":{"ADM2_EN":"Narsingdi","ADM1_EN":"Dhaka"},"geometry":{"type":"Polygon","coordinates":[[[90.98599,24.0306],[90.98165,24.03312],[90.96674,24.03206],[90.96176,24.03368],[90.95962,24.03964],[90.96687,24.05406],[90.96794,24.06006],[90.9662,24.06282],[90.95358,24.06705],[90.94942,24.0779],[90.94437,24.08425],[90.9372,24.08364],[90.92341,24.07535],[90.91255,24.07489],[90.9065,24.07807],[90.89643,24.08775],[90.89416,24.09424],[90.89112,24.0964],[90.87119,24.10411],[90.85716,24.10544],[90.85212,24.10942],[90.84603,24.11161],[90.84578,24.11634],[90.8487,24.12062],[90.86397,24.12513],[90.86867,24.12898],[90.87055,24.13154],[90.87099,24.13999],[90.86486,24.14375],[90.85322,24.14091],[90.84504,24.1426],[90.83758,24.14967],[90.82515,24.1571],[90.82103,24.16514],[90.82035,24.17232],[90.81197,24.17658],[90.80721,24.18801],[90.80521,24.18499],[90.80101,24.1846],[90.79291,24.18726],[90.79115,24.19039],[90.78615,24.19305],[90.78614,24.19857],[90.79041,24.20307],[90.79232,24.21125],[90.7911,24.21455],[90.79349,24.21882],[90.78331,24.22663],[90.78135,24.2321],[90.78307,24.23791],[90.78155,24.24267],[90.77948,24.24431],[90.77021,24.25076],[90.75179,24.25157],[90.73308,24.23846],[90.72224,24.23528],[90.71854,24.23814],[90.71252,24.23645],[90.70793,24.23678],[90.69423,24.24219],[90.68295,24.24435],[90.68539,24.23931],[90.68535,24.23565],[90.67265,24.22261],[90.67169,24.20484],[90.68634,24.18953],[90.68797,24.18261],[90.68456,24.1668],[90.68641,24.15738],[90.685,24.15006],[90.68658,24.14562],[90.6953,24.13996],[90.69346,24.13568],[90.68663,24.13197],[90.68429,24.12622],[90.67677,24.11879],[90.6763,24.11553],[90.68454,24.11278],[90.69553,24.11649],[90.70073,24.11297],[90.70296,24.10656],[90.69972,24.10131],[90.68056,24.10142],[90.67021,24.09862],[90.66813,24.09966],[90.65663,24.0923],[90.64827,24.09594],[90.64468,24.10043],[90.64285,24.10727],[90.63969,24.10609],[90.63884,24.09825],[90.64095,24.08931],[90.64106,24.07624],[90.63602,24.07366],[90.63533,24.07078],[90.65218,24.0387],[90.65031,24.03687],[90.65209,24.0307],[90.65704,24.02657],[90.65624,24.02077],[90.65797,24.01347],[90.65681,24.0113],[90.64156,24.00613],[90.63885,24.00368],[90.63006,23.97945],[90.61809,23.96842],[90.61613,23.93563],[90.6141,23.92809],[90.60815,23.92152],[90.59263,23.91445],[90.576,23.91659],[90.57037,23.91528],[90.56454,23.91146],[90.56039,23.9111],[90.56259,23.90236],[90.57067,23.89499],[90.5799,23.88973],[90.58903,23.88852],[90.59259,23.88439],[90.59214,23.88246],[90.59453,23.88162],[90.59936,23.88199],[90.59982,23.88828],[90.60307,23.88979],[90.60459,23.88923],[90.60494,23.88556],[90.60703,23.8833],[90.61072,23.8852],[90.61269,23.87974],[90.6111,23.87504],[90.61301,23.87187],[90.60954,23.87217],[90.60776,23.85826],[90.59796,23.85849],[90.59819,23.85618],[90.59578,23.85354],[90.59985,23.84678],[90.59852,23.84433],[90.60472,23.84071],[90.60766,23.83742],[90.60722,23.83481],[90.60986,23.83256],[90.61611,23.83817],[90.61907,23.83706],[90.62156,23.84173],[90.62157,23.84517],[90.6189,23.84805],[90.61853,23.85143],[90.6219,23.85303],[90.62108,23.85519],[90.62419,23.86161],[90.63389,23.8685],[90.64181,23.86732],[90.64512,23.86958],[90.64548,23.86335],[90.65121,23.86213],[90.65133,23.85656],[90.65431,23.85539],[90.64594,23.85129],[90.64659,23.84791],[90.65617,23.84245],[90.65534,23.84114],[90.66089,23.84323],[90.66271,23.84158],[90.65893,23.8353],[90.65556,23.8382],[90.64378,23.83578],[90.63653,23.82429],[90.6391,23.81655],[90.64618,23.80854],[90.64819,23.80099],[90.65541,23.79742],[90.65719,23.79991],[90.65997,23.79882],[90.66005,23.8002],[90.66368,23.80233],[90.66623,23.79891],[90.66405,23.79554],[90.67002,23.79424],[90.67278,23.79599],[90.67754,23.79636],[90.68322,23.79432],[90.68424,23.79717],[90.68956,23.79889],[90.68706,23.80362],[90.68755,23.80876],[90.68484,23.81128],[90.68473,23.81434],[90.68004,23.81794],[90.68018,23.82034],[90.67842,23.8197],[90.68016,23.82421],[90.67646,23.82793],[90.67715,23.82885],[90.68663,23.82082],[90.69676,23.82032],[90.7022,23.81522],[90.70862,23.81318],[90.7137,23.80846],[90.71602,23.80446],[90.71461,23.79927],[90.72327,23.7974],[90.7263,23.79336],[90.73151,23.79397],[90.73125,23.79246],[90.73399,23.79175],[90.73443,23.7892],[90.74115,23.78747],[90.73204,23.77285],[90.73221,23.76589],[90.73461,23.76284],[90.74075,23.77158],[90.75371,23.7848],[90.75486,23.78784],[90.75895,23.79076],[90.7662,23.80312],[90.76785,23.82137],[90.76039,23.84332],[90.75947,23.85004],[90.7622,23.86005],[90.76666,23.86421],[90.78113,23.86591],[90.82862,23.86421],[90.83252,23.86308],[90.8371,23.86586],[90.84129,23.87094],[90.8581,23.87904],[90.87356,23.87371],[90.89477,23.86319],[90.90177,23.86381],[90.90923,23.86801],[90.92024,23.8829],[90.92475,23.8978],[90.9312,23.91144],[90.93897,23.91927],[90.94504,23.92151],[90.9504,23.92635],[90.95306,23.95388],[90.96089,23.96329],[90.97154,23.96751],[90.97273,23.96932],[90.97382,23.98848],[90.97095,23.99684],[90.96677,23.99965],[90.96588,24.0054],[90.97516,24.02122],[90.98599,24.0306]]]}},{"type":"Feature","properties":{"ADM2_EN":"Natore","ADM1_EN":"Rajshani"},"geometry":{"type":"Polygon","coordinates":[[[89.13796,24.68401],[89.1332,24.67203],[89.13589,24.66355],[89.13419,24.66345],[89.13532,24.66003],[89.13193,24.6592],[89.13604,24.65663],[89.13524,24.65445],[89.12882,24.65081],[89.12487,24.65404],[89.12422,24.6498],[89.1215,24.65384],[89.12029,24.65163],[89.12227,24.64684],[89.11942,24.64612],[89.11897,24.64182],[89.1154,24.6387],[89.11062,24.64074],[89.10447,24.63483],[89.10349,24.63764],[89.10008,24.63918],[89.09758,24.63731],[89.09771,24.63491],[89.09977,24.63376],[89.09718,24.63258],[89.09902,24.62871],[89.10068,24.6282],[89.09897,24.62455],[89.10102,24.62369],[89.10185,24.62117],[89.09828,24.6193],[89.09737,24.61384],[89.09845,24.61165],[89.09678,24.60831],[89.09916,24.60669],[89.09589,24.60319],[89.09976,24.60348],[89.10013,24.60247],[89.09533,24.59877],[89.09513,24.59452],[89.10145,24.58903],[89.10173,24.58677],[89.10448,24.58677],[89.1035,24.58491],[89.10481,24.58363],[89.10233,24.58047],[89.10475,24.57739],[89.10336,24.57295],[89.10458,24.56977],[89.10277,24.56434],[89.10387,24.56239],[89.10175,24.55949],[89.09733,24.55783],[89.10015,24.55592],[89.09964,24.55386],[89.09709,24.55238],[89.09611,24.54733],[89.09664,24.5431],[89.09827,24.54165],[89.09223,24.53799],[89.09031,24.53928],[89.08908,24.54337],[89.08477,24.54458],[89.08376,24.53956],[89.08069,24.5387],[89.07909,24.53332],[89.06567,24.53335],[89.06059,24.53864],[89.05259,24.53423],[89.04174,24.54441],[89.03471,24.54558],[89.02818,24.55723],[89.02107,24.55689],[89.01611,24.54975],[89.01031,24.5508],[89.00447,24.55633],[89.01099,24.56086],[89.00949,24.5656],[88.99365,24.57251],[88.99192,24.57168],[88.98731,24.57607],[88.98491,24.57634],[88.98401,24.57843],[88.97562,24.581],[88.97214,24.58499],[88.96766,24.58333],[88.96329,24.5836],[88.96179,24.57017],[88.96367,24.56563],[88.9631,24.55187],[88.96108,24.54806],[88.95215,24.54498],[88.94755,24.54544],[88.94048,24.53588],[88.93562,24.53618],[88.93421,24.53862],[88.92101,24.54453],[88.91967,24.54234],[88.91164,24.54044],[88.90777,24.5364],[88.90113,24.53697],[88.89664,24.53497],[88.89797,24.52477],[88.88959,24.52755],[88.88717,24.52659],[88.88745,24.53061],[88.88313,24.52593],[88.88428,24.52112],[88.88281,24.52246],[88.87952,24.5208],[88.88129,24.51956],[88.88002,24.51817],[88.88417,24.51588],[88.88864,24.5193],[88.89428,24.52017],[88.89804,24.51688],[88.89756,24.51149],[88.91183,24.51427],[88.91783,24.51334],[88.92388,24.51709],[88.92672,24.5159],[88.9284,24.5109],[88.9252,24.50911],[88.92281,24.50384],[88.92546,24.50068],[88.9161,24.5045],[88.91229,24.50205],[88.9129,24.49922],[88.91136,24.49876],[88.91035,24.49571],[88.90761,24.49834],[88.90544,24.49783],[88.90314,24.48668],[88.90138,24.48535],[88.9002,24.48726],[88.89524,24.48625],[88.89506,24.47956],[88.89278,24.47714],[88.89258,24.4751],[88.89532,24.47438],[88.90007,24.46421],[88.89865,24.46081],[88.89515,24.46045],[88.89315,24.45583],[88.90142,24.4502],[88.90267,24.44652],[88.89709,24.43963],[88.8994,24.43645],[88.8985,24.4269],[88.90131,24.42443],[88.90246,24.41948],[88.89821,24.41025],[88.90042,24.41025],[88.90249,24.40728],[88.89867,24.40522],[88.89427,24.39099],[88.89007,24.38449],[88.89018,24.38297],[88.89636,24.37875],[88.89348,24.36375],[88.89162,24.36282],[88.89191,24.3655],[88.88603,24.36466],[88.88329,24.36164],[88.88294,24.36427],[88.88212,24.36356],[88.87994,24.36551],[88.87904,24.36339],[88.87253,24.36089],[88.87451,24.3587],[88.87269,24.35747],[88.87045,24.36059],[88.86898,24.35969],[88.86682,24.36112],[88.86605,24.3632],[88.86173,24.36362],[88.85924,24.35779],[88.85548,24.35408],[88.85335,24.3457],[88.84679,24.34044],[88.85105,24.3261],[88.84861,24.32553],[88.84681,24.31958],[88.84874,24.31548],[88.85463,24.31079],[88.85378,24.30454],[88.86118,24.30409],[88.85989,24.30643],[88.86397,24.30801],[88.86323,24.30981],[88.86629,24.31095],[88.87143,24.30813],[88.87622,24.30048],[88.87751,24.3004],[88.87823,24.2927],[88.88672,24.29449],[88.90268,24.29028],[88.90002,24.27106],[88.90381,24.26821],[88.90711,24.25764],[88.91487,24.25512],[88.91763,24.25096],[88.91484,24.24899],[88.91533,24.24059],[88.91173,24.24089],[88.90843,24.23738],[88.90578,24.23687],[88.89986,24.24012],[88.89778,24.23838],[88.89733,24.23557],[88.89959,24.23157],[88.896,24.22891],[88.8903,24.22937],[88.88712,24.22571],[88.88257,24.2276],[88.8798,24.22534],[88.87742,24.2278],[88.87857,24.23578],[88.8744,24.23476],[88.87576,24.23328],[88.87398,24.22802],[88.87206,24.22715],[88.8712,24.22269],[88.8714,24.21722],[88.87461,24.2168],[88.87469,24.21359],[88.87332,24.21022],[88.86885,24.20888],[88.87198,24.20664],[88.87059,24.20296],[88.87438,24.20256],[88.87619,24.20045],[88.87358,24.19175],[88.86737,24.18957],[88.86554,24.18573],[88.87236,24.18282],[88.87258,24.17999],[88.86889,24.17464],[88.86285,24.17323],[88.86054,24.166],[88.86641,24.16291],[88.86771,24.16521],[88.87235,24.16416],[88.87566,24.16506],[88.8801,24.16377],[88.87976,24.16118],[88.8928,24.16204],[88.89328,24.15918],[88.89561,24.15767],[88.89124,24.15404],[88.89237,24.15163],[88.90111,24.15224],[88.89968,24.15066],[88.89093,24.14928],[88.88251,24.13013],[88.87124,24.12998],[88.86593,24.12294],[88.86332,24.1136],[88.86071,24.11183],[88.86207,24.10706],[88.86567,24.11049],[88.87171,24.11097],[88.88113,24.11523],[88.88319,24.10664],[88.87395,24.09917],[88.88328,24.10273],[88.88479,24.10171],[88.91167,24.11305],[88.91049,24.12179],[88.90733,24.12159],[88.91053,24.12561],[88.92272,24.12897],[88.92008,24.12491],[88.92031,24.11839],[88.93971,24.13209],[88.94991,24.1251],[88.98933,24.12179],[89.00668,24.11812],[89.01051,24.12321],[89.01031,24.12966],[89.00849,24.13647],[89.00303,24.14238],[89.01265,24.13945],[89.01566,24.14373],[88.99707,24.14427],[89.01454,24.14751],[89.01179,24.14883],[89.00764,24.1479],[89.00471,24.15117],[88.99844,24.15339],[88.9975,24.15591],[89.00699,24.1601],[89.01169,24.15973],[89.01809,24.16162],[89.025,24.16933],[89.02825,24.16922],[89.03276,24.16529],[89.03181,24.15636],[89.03409,24.14719],[89.04146,24.1402],[89.04706,24.13907],[89.0519,24.14115],[89.05011,24.14414],[89.05056,24.14695],[89.05604,24.1509],[89.06752,24.15],[89.08082,24.15472],[89.08174,24.16282],[89.08043,24.16629],[89.08447,24.16369],[89.08645,24.16457],[89.09085,24.15845],[89.09536,24.15682],[89.10236,24.16065],[89.10852,24.16009],[89.11112,24.16592],[89.11715,24.16733],[89.11898,24.16614],[89.12873,24.16712],[89.12622,24.1711],[89.13058,24.1687],[89.13398,24.16947],[89.13852,24.16762],[89.14884,24.17076],[89.15623,24.17017],[89.15605,24.17338],[89.16165,24.1788],[89.16317,24.18635],[89.17503,24.20067],[89.18134,24.19907],[89.18222,24.20098],[89.18584,24.20213],[89.18907,24.19799],[89.1913,24.19816],[89.19578,24.2039],[89.19962,24.20468],[89.20083,24.20766],[89.20449,24.20814],[89.20821,24.2068],[89.21412,24.21064],[89.21982,24.22156],[89.22287,24.2246],[89.21916,24.23482],[89.22216,24.23643],[89.22735,24.23478],[89.23022,24.24382],[89.23168,24.24498],[89.23775,24.24298],[89.23861,24.2447],[89.24078,24.25391],[89.23911,24.25706],[89.23302,24.25755],[89.23182,24.2621],[89.23331,24.26664],[89.23758,24.26687],[89.23844,24.27139],[89.24166,24.27564],[89.24646,24.27583],[89.24845,24.27376],[89.25436,24.27296],[89.25838,24.28118],[89.26547,24.28801],[89.26825,24.29564],[89.27341,24.29603],[89.27668,24.30471],[89.28099,24.30668],[89.28663,24.30483],[89.28779,24.31065],[89.28487,24.31754],[89.28721,24.3307],[89.29688,24.33077],[89.29916,24.33547],[89.30379,24.33786],[89.30711,24.33548],[89.31073,24.33566],[89.31768,24.34178],[89.31735,24.34754],[89.31967,24.35085],[89.31864,24.35307],[89.31308,24.35098],[89.31218,24.35663],[89.30585,24.35999],[89.30015,24.36712],[89.29326,24.36483],[89.28932,24.37107],[89.28871,24.37536],[89.28336,24.37912],[89.28698,24.38597],[89.2864,24.39594],[89.28764,24.40021],[89.28335,24.40318],[89.28594,24.41334],[89.28513,24.4205],[89.27774,24.42173],[89.2723,24.42717],[89.26693,24.42777],[89.25935,24.42307],[89.25271,24.42381],[89.24717,24.42738],[89.24831,24.43292],[89.25103,24.43356],[89.25123,24.43631],[89.25386,24.43384],[89.25566,24.43451],[89.25578,24.43896],[89.25969,24.43893],[89.25955,24.4412],[89.26366,24.44091],[89.27136,24.44511],[89.27544,24.44868],[89.2772,24.4562],[89.28116,24.45646],[89.28181,24.46116],[89.28391,24.46216],[89.28277,24.46423],[89.28428,24.4654],[89.27895,24.46661],[89.27944,24.46763],[89.28323,24.46726],[89.28072,24.4695],[89.28459,24.46986],[89.28515,24.4715],[89.28368,24.4763],[89.2806,24.477],[89.28404,24.48129],[89.28323,24.48492],[89.28734,24.48271],[89.28958,24.48679],[89.29412,24.48835],[89.29435,24.49146],[89.30008,24.49842],[89.30563,24.49953],[89.30633,24.50605],[89.30461,24.50745],[89.30773,24.50691],[89.30907,24.50947],[89.31159,24.51008],[89.31124,24.51262],[89.31619,24.51439],[89.31578,24.51722],[89.3201,24.5196],[89.31734,24.52309],[89.32243,24.52465],[89.32135,24.52979],[89.32593,24.52943],[89.32618,24.53275],[89.33035,24.53486],[89.33213,24.54115],[89.33484,24.54387],[89.33775,24.54425],[89.33606,24.54579],[89.33771,24.5539],[89.34153,24.55861],[89.33903,24.55946],[89.33756,24.55929],[89.33753,24.56112],[89.33492,24.56063],[89.33697,24.56368],[89.33553,24.56425],[89.33767,24.56537],[89.33316,24.56615],[89.33511,24.56968],[89.33045,24.56911],[89.33249,24.57108],[89.32737,24.57534],[89.32872,24.57809],[89.3267,24.57807],[89.32493,24.58851],[89.32871,24.59448],[89.32867,24.59918],[89.30794,24.59824],[89.30627,24.60584],[89.307,24.61396],[89.29718,24.61438],[89.30038,24.61922],[89.29627,24.61975],[89.29605,24.62256],[89.28645,24.62659],[89.28044,24.6258],[89.27967,24.62871],[89.2778,24.62878],[89.27695,24.62641],[89.27391,24.62461],[89.26977,24.62567],[89.26833,24.62998],[89.25709,24.62891],[89.25819,24.62579],[89.25515,24.62087],[89.25254,24.6188],[89.24826,24.61942],[89.24858,24.61581],[89.25494,24.61424],[89.2542,24.60549],[89.24356,24.60206],[89.23965,24.5954],[89.23638,24.59528],[89.23612,24.59269],[89.23766,24.59132],[89.2353,24.58798],[89.23811,24.58434],[89.23143,24.58328],[89.22754,24.57982],[89.22464,24.58018],[89.22218,24.5867],[89.21877,24.58807],[89.21675,24.59262],[89.2168,24.59835],[89.2133,24.59941],[89.21336,24.60103],[89.21674,24.60287],[89.21607,24.61306],[89.20788,24.6111],[89.20709,24.60566],[89.20546,24.60421],[89.20485,24.61052],[89.20314,24.61297],[89.20011,24.61433],[89.19586,24.61397],[89.19765,24.61707],[89.20114,24.61811],[89.20067,24.62779],[89.20641,24.62825],[89.2101,24.63464],[89.20352,24.63432],[89.20407,24.6409],[89.20074,24.64342],[89.19892,24.63997],[89.19192,24.64128],[89.19361,24.6481],[89.19018,24.65103],[89.18859,24.65158],[89.18282,24.64873],[89.17948,24.64367],[89.1734,24.64636],[89.17112,24.63528],[89.17539,24.6341],[89.1758,24.63145],[89.1714,24.62927],[89.17179,24.6217],[89.16873,24.62137],[89.16703,24.61962],[89.15697,24.6193],[89.1568,24.6163],[89.14961,24.61674],[89.14955,24.61798],[89.15344,24.61875],[89.15247,24.62112],[89.15374,24.62166],[89.1508,24.62384],[89.14622,24.62337],[89.14282,24.62976],[89.14361,24.63113],[89.14177,24.63222],[89.14164,24.63606],[89.14012,24.63635],[89.13571,24.644],[89.13866,24.64464],[89.138,24.65151],[89.13616,24.65221],[89.13644,24.656],[89.1397,24.65837],[89.14553,24.65873],[89.14609,24.66596],[89.14334,24.66605],[89.14438,24.67097],[89.15398,24.67287],[89.15422,24.66845],[89.16241,24.66865],[89.16326,24.67021],[89.16679,24.67082],[89.16594,24.67693],[89.16338,24.67969],[89.16334,24.68554],[89.15683,24.68747],[89.15242,24.68659],[89.15102,24.68128],[89.14279,24.67847],[89.14049,24.68567],[89.13796,24.68401]]]}},{"type":"Feature","properties":{"ADM2_EN":"Nawabganj","ADM1_EN":"Rajshani"},"geometry":{"type":"Polygon","coordinates":[[[88.39511,24.96471],[88.39288,24.96492],[88.39344,24.96038],[88.399,24.95954],[88.39735,24.95758],[88.40045,24.9548],[88.4018,24.95086],[88.39502,24.94171],[88.39303,24.94138],[88.3914,24.94297],[88.38961,24.94176],[88.38837,24.94381],[88.38731,24.93954],[88.38363,24.93881],[88.37598,24.94397],[88.37116,24.94227],[88.37002,24.94595],[88.36672,24.94499],[88.36505,24.94624],[88.3668,24.94824],[88.36388,24.9489],[88.36584,24.9533],[88.36201,24.9522],[88.35873,24.95343],[88.35803,24.95204],[88.36033,24.94953],[88.35614,24.94627],[88.35473,24.94232],[88.34974,24.945],[88.33975,24.93967],[88.3413,24.93521],[88.33697,24.93127],[88.33798,24.92642],[88.33507,24.92767],[88.33425,24.92669],[88.33654,24.91859],[88.333,24.91855],[88.33012,24.92034],[88.32949,24.91706],[88.32656,24.91892],[88.32472,24.91846],[88.328,24.9043],[88.33195,24.90533],[88.33447,24.90368],[88.33272,24.89728],[88.33743,24.8998],[88.34389,24.89967],[88.34681,24.89251],[88.34261,24.88842],[88.34298,24.88519],[88.33883,24.87844],[88.33417,24.87758],[88.3352,24.87434],[88.33114,24.87038],[88.3268,24.87048],[88.32132,24.87564],[88.32059,24.8836],[88.31734,24.88338],[88.31665,24.88076],[88.31217,24.88169],[88.31231,24.87977],[88.30742,24.87764],[88.3032,24.87184],[88.29808,24.88083],[88.29839,24.88255],[88.30056,24.88209],[88.30198,24.88594],[88.29816,24.88517],[88.29683,24.88835],[88.29144,24.88951],[88.28563,24.88653],[88.28618,24.88926],[88.2813,24.89089],[88.27807,24.88815],[88.27756,24.89179],[88.27573,24.8919],[88.27723,24.89752],[88.27619,24.89808],[88.27279,24.89658],[88.26895,24.89133],[88.26717,24.87845],[88.26378,24.87693],[88.25903,24.87814],[88.26272,24.88395],[88.26491,24.89279],[88.26414,24.91457],[88.26243,24.92104],[88.25906,24.92634],[88.25352,24.92928],[88.23983,24.94089],[88.23456,24.94726],[88.2293,24.95807],[88.22621,24.95975],[88.20342,24.95766],[88.18806,24.95169],[88.18354,24.95565],[88.18113,24.95121],[88.17544,24.94634],[88.17361,24.94721],[88.17493,24.94884],[88.17015,24.95049],[88.16691,24.94644],[88.16496,24.94633],[88.16456,24.94143],[88.15834,24.94148],[88.15964,24.93811],[88.15746,24.93358],[88.14958,24.93269],[88.14585,24.93497],[88.14546,24.93682],[88.138,24.93626],[88.14031,24.91416],[88.14377,24.91435],[88.14886,24.91126],[88.15362,24.9065],[88.1554,24.90174],[88.15385,24.89973],[88.16195,24.8974],[88.16189,24.89321],[88.16524,24.89552],[88.16685,24.89335],[88.16897,24.89308],[88.16748,24.88946],[88.16866,24.88833],[88.16624,24.8886],[88.1656,24.89005],[88.16066,24.88914],[88.15772,24.89246],[88.15263,24.88453],[88.15534,24.88376],[88.15537,24.88169],[88.16015,24.88085],[88.16367,24.87808],[88.15928,24.87218],[88.16588,24.8635],[88.17188,24.8638],[88.17542,24.86188],[88.17498,24.86025],[88.17008,24.86096],[88.16216,24.85806],[88.16401,24.85005],[88.16042,24.84858],[88.15929,24.85026],[88.15089,24.84935],[88.15034,24.85343],[88.15035,24.85006],[88.14686,24.85025],[88.14681,24.85202],[88.14491,24.8512],[88.14484,24.84365],[88.14707,24.84374],[88.14123,24.84194],[88.14187,24.84059],[88.13956,24.83612],[88.14089,24.83448],[88.13461,24.83414],[88.13373,24.83631],[88.13189,24.83611],[88.13405,24.82999],[88.13389,24.81805],[88.13625,24.8054],[88.13072,24.80508],[88.12357,24.81942],[88.12354,24.82317],[88.1123,24.81415],[88.10499,24.79967],[88.10608,24.77966],[88.09595,24.78032],[88.08898,24.78302],[88.07783,24.76921],[88.07243,24.77306],[88.06829,24.76927],[88.07109,24.76789],[88.06883,24.76385],[88.07451,24.76087],[88.06571,24.75081],[88.07245,24.74376],[88.06284,24.72164],[88.05592,24.71564],[88.05367,24.71096],[88.04866,24.70963],[88.04175,24.7049],[88.00863,24.66788],[88.02357,24.65546],[88.02788,24.64991],[88.04115,24.64343],[88.05226,24.62527],[88.0692,24.60336],[88.07119,24.59801],[88.0828,24.58176],[88.08945,24.56695],[88.09694,24.55654],[88.10559,24.54631],[88.1303,24.52348],[88.14072,24.51134],[88.14951,24.50388],[88.15821,24.5022],[88.17343,24.49314],[88.18498,24.48159],[88.18996,24.47428],[88.19132,24.46856],[88.19839,24.46258],[88.21045,24.45783],[88.22745,24.4556],[88.2489,24.44833],[88.2633,24.44599],[88.27562,24.43778],[88.28489,24.42229],[88.29169,24.41636],[88.32043,24.43732],[88.32751,24.43784],[88.33089,24.44763],[88.31499,24.46166],[88.31161,24.47161],[88.30798,24.47558],[88.30814,24.47893],[88.30525,24.48145],[88.30403,24.49395],[88.30987,24.50548],[88.31207,24.52119],[88.30937,24.54083],[88.30179,24.5584],[88.30052,24.56493],[88.30649,24.56413],[88.30463,24.56851],[88.30754,24.57094],[88.31321,24.56913],[88.31828,24.56925],[88.32775,24.57814],[88.33252,24.58721],[88.34495,24.58599],[88.35465,24.59443],[88.35514,24.60026],[88.35944,24.60295],[88.36112,24.60317],[88.36366,24.59891],[88.36749,24.59896],[88.36702,24.59511],[88.36911,24.59452],[88.36885,24.60015],[88.3712,24.60283],[88.38055,24.60274],[88.38216,24.60051],[88.39011,24.59961],[88.3942,24.60357],[88.39666,24.60367],[88.39809,24.60607],[88.41027,24.609],[88.41519,24.61548],[88.42264,24.61588],[88.41758,24.62237],[88.41799,24.63034],[88.42089,24.63371],[88.42833,24.63435],[88.43031,24.6381],[88.43037,24.64248],[88.42048,24.64741],[88.41995,24.64906],[88.4242,24.65189],[88.43399,24.65102],[88.43517,24.65803],[88.43326,24.66371],[88.4353,24.66676],[88.44063,24.66787],[88.44814,24.66207],[88.45699,24.66115],[88.45642,24.6593],[88.45828,24.6582],[88.46473,24.65825],[88.46592,24.66141],[88.47423,24.65838],[88.47603,24.65964],[88.48065,24.65874],[88.48576,24.65966],[88.48737,24.65651],[88.49108,24.65672],[88.49142,24.6616],[88.48815,24.66473],[88.49477,24.66919],[88.50132,24.66656],[88.50142,24.67425],[88.51093,24.6722],[88.51126,24.68177],[88.50228,24.68119],[88.49946,24.67834],[88.49123,24.67905],[88.48949,24.67603],[88.4803,24.67875],[88.47578,24.67311],[88.47495,24.66957],[88.47294,24.66869],[88.46366,24.67218],[88.45532,24.67789],[88.45992,24.68485],[88.46522,24.68343],[88.4693,24.68469],[88.47482,24.68419],[88.48007,24.68055],[88.48284,24.68125],[88.4844,24.68495],[88.48314,24.68639],[88.48973,24.69033],[88.48965,24.70141],[88.48787,24.70652],[88.49089,24.70863],[88.49772,24.71011],[88.49879,24.71723],[88.50557,24.71863],[88.5117,24.73416],[88.5044,24.73464],[88.49367,24.73907],[88.48963,24.73372],[88.48163,24.73352],[88.47503,24.73572],[88.47026,24.7306],[88.46543,24.73095],[88.46256,24.73196],[88.46221,24.73407],[88.4655,24.74744],[88.45535,24.75019],[88.45874,24.75897],[88.46931,24.76119],[88.47518,24.75874],[88.47511,24.74724],[88.47961,24.74729],[88.4853,24.74412],[88.49074,24.74838],[88.49493,24.74544],[88.4932,24.75155],[88.48957,24.75635],[88.49394,24.76153],[88.49563,24.76841],[88.49459,24.77177],[88.48869,24.77017],[88.48696,24.77198],[88.48313,24.7713],[88.4799,24.77321],[88.47587,24.76513],[88.47297,24.76261],[88.46784,24.76533],[88.46872,24.76772],[88.4668,24.76731],[88.45584,24.77185],[88.45723,24.77589],[88.45266,24.77748],[88.44447,24.77543],[88.43404,24.77727],[88.43224,24.77281],[88.42748,24.76871],[88.42418,24.76939],[88.42094,24.76784],[88.41521,24.76769],[88.41244,24.76884],[88.41253,24.77341],[88.41913,24.77458],[88.41792,24.78112],[88.42402,24.78464],[88.43096,24.78408],[88.43155,24.78906],[88.43004,24.79357],[88.43699,24.80707],[88.44078,24.80249],[88.445,24.8135],[88.44356,24.81628],[88.44915,24.82234],[88.44734,24.82588],[88.43809,24.82289],[88.43732,24.81963],[88.4346,24.81757],[88.43104,24.81764],[88.4282,24.82358],[88.42574,24.82511],[88.41949,24.82217],[88.41473,24.82272],[88.41219,24.82433],[88.41294,24.82615],[88.41144,24.82839],[88.4131,24.83044],[88.42159,24.83101],[88.42014,24.83909],[88.41393,24.83956],[88.41113,24.83767],[88.41588,24.83862],[88.41763,24.8374],[88.41371,24.83179],[88.40759,24.83196],[88.4038,24.82668],[88.40155,24.82578],[88.40183,24.82368],[88.39723,24.82345],[88.39344,24.81755],[88.38855,24.81662],[88.3831,24.82032],[88.38472,24.83047],[88.38679,24.83095],[88.38654,24.82805],[88.38858,24.82715],[88.39393,24.82866],[88.39808,24.8275],[88.40079,24.82902],[88.40251,24.83255],[88.39639,24.83604],[88.39992,24.83791],[88.40667,24.83823],[88.40736,24.84114],[88.40584,24.84454],[88.41208,24.84785],[88.41478,24.8468],[88.41528,24.84301],[88.41951,24.84445],[88.42215,24.84784],[88.4251,24.84806],[88.4271,24.84602],[88.42654,24.84215],[88.43628,24.83935],[88.44226,24.84684],[88.45741,24.84586],[88.45938,24.84839],[88.45463,24.85087],[88.44996,24.85638],[88.44608,24.85579],[88.44993,24.86142],[88.45958,24.85943],[88.4746,24.84453],[88.47753,24.85112],[88.47586,24.86296],[88.47867,24.86478],[88.48223,24.8649],[88.48239,24.86697],[88.48615,24.87015],[88.48647,24.87496],[88.48971,24.87688],[88.49032,24.88009],[88.49459,24.88075],[88.48958,24.88653],[88.48957,24.88923],[88.48688,24.89112],[88.48779,24.89527],[88.48476,24.89928],[88.48585,24.90346],[88.4906,24.90433],[88.49415,24.90679],[88.49414,24.91447],[88.49081,24.91821],[88.49289,24.92471],[88.48565,24.9299],[88.47883,24.93099],[88.47129,24.93814],[88.45972,24.93184],[88.45179,24.93164],[88.45371,24.925],[88.45911,24.92342],[88.45888,24.91936],[88.4573,24.91761],[88.45141,24.91626],[88.44667,24.9195],[88.44046,24.92038],[88.4319,24.92873],[88.4326,24.93187],[88.43128,24.93446],[88.43305,24.94198],[88.43154,24.94529],[88.43638,24.9547],[88.43417,24.96087],[88.42733,24.96524],[88.42299,24.96613],[88.41958,24.966],[88.40972,24.96138],[88.40792,24.96373],[88.39951,24.95967],[88.39511,24.96471]]]}},{"type":"Feature","properties":{"ADM2_EN":"Netrakona","ADM1_EN":"Mymensingh"},"geometry":{"type":"Polygon","coordinates":[[[91.19521,24.63114],[91.19903,24.63432],[91.20474,24.63178],[91.20779,24.64968],[91.20988,24.65246],[91.21993,24.65329],[91.22141,24.65061],[91.22407,24.65196],[91.22605,24.65057],[91.22755,24.65391],[91.22999,24.65471],[91.23274,24.66643],[91.22253,24.66938],[91.22382,24.67522],[91.23345,24.67227],[91.23859,24.67504],[91.24195,24.67996],[91.24027,24.68293],[91.24094,24.69156],[91.23951,24.69285],[91.2346,24.69184],[91.23092,24.69286],[91.21972,24.70239],[91.22192,24.70421],[91.22548,24.7043],[91.22659,24.70663],[91.22663,24.71569],[91.2293,24.72374],[91.22528,24.72751],[91.22194,24.72814],[91.21936,24.72378],[91.22059,24.72062],[91.21235,24.71315],[91.20659,24.71388],[91.20684,24.70898],[91.20006,24.71404],[91.19766,24.71103],[91.18027,24.72408],[91.17209,24.72562],[91.16893,24.72496],[91.16563,24.72243],[91.16305,24.71672],[91.1591,24.71775],[91.15995,24.72207],[91.15875,24.7249],[91.14133,24.72421],[91.14179,24.72597],[91.15177,24.73004],[91.15142,24.7355],[91.14606,24.74216],[91.14726,24.74672],[91.15084,24.74689],[91.15554,24.74096],[91.15858,24.74235],[91.15934,24.74811],[91.15681,24.75046],[91.15196,24.74719],[91.1497,24.74887],[91.14886,24.7549],[91.13898,24.75413],[91.13523,24.7572],[91.15138,24.76628],[91.15832,24.76468],[91.15906,24.77065],[91.16551,24.77424],[91.16643,24.77983],[91.17121,24.77994],[91.17059,24.78831],[91.16883,24.7914],[91.1605,24.79193],[91.16405,24.80182],[91.17,24.80572],[91.17215,24.80962],[91.17069,24.82696],[91.16444,24.82919],[91.16574,24.83166],[91.16412,24.83342],[91.15875,24.83299],[91.15722,24.8361],[91.15296,24.83746],[91.15121,24.83305],[91.14429,24.8288],[91.14273,24.8254],[91.14993,24.81971],[91.1528,24.80933],[91.14917,24.80895],[91.14262,24.8006],[91.14456,24.79459],[91.13041,24.79284],[91.12882,24.79495],[91.12999,24.79917],[91.11622,24.80653],[91.11561,24.813],[91.11304,24.81451],[91.11249,24.81706],[91.11579,24.8226],[91.11484,24.8263],[91.11811,24.83023],[91.12032,24.83721],[91.1304,24.8406],[91.12453,24.84428],[91.1235,24.84872],[91.12091,24.84625],[91.11381,24.84754],[91.11226,24.85232],[91.11036,24.85311],[91.10906,24.86028],[91.10346,24.86366],[91.10391,24.86934],[91.10667,24.86756],[91.10889,24.87156],[91.10374,24.87993],[91.1011,24.88143],[91.10119,24.88463],[91.09796,24.88485],[91.09845,24.88959],[91.09564,24.88754],[91.08881,24.88758],[91.08765,24.89267],[91.0841,24.8918],[91.07842,24.90003],[91.07476,24.90128],[91.07081,24.89909],[91.06725,24.89909],[91.06679,24.90201],[91.06083,24.90329],[91.05384,24.90058],[91.05405,24.90282],[91.04886,24.90268],[91.0474,24.90677],[91.04447,24.90814],[91.03875,24.90521],[91.03955,24.90016],[91.03117,24.89175],[91.0294,24.88308],[91.02771,24.88358],[91.02535,24.88849],[91.02015,24.88506],[91.01762,24.88525],[91.0155,24.88898],[91.02049,24.89057],[91.01624,24.89332],[91.0156,24.89855],[91.00536,24.89282],[90.99806,24.89214],[90.99649,24.90846],[90.99287,24.9141],[90.98954,24.9136],[90.97982,24.91716],[90.97278,24.91597],[90.97208,24.91335],[90.97065,24.91702],[90.96839,24.91584],[90.96723,24.91184],[90.96465,24.91139],[90.95728,24.91485],[90.95329,24.91916],[90.95675,24.92514],[90.95494,24.92968],[90.95526,24.93954],[90.95393,24.94031],[90.95008,24.93656],[90.94914,24.93968],[90.95235,24.94189],[90.96339,24.94187],[90.96522,24.94579],[90.97066,24.9481],[90.97317,24.95842],[90.97166,24.96087],[90.96741,24.96201],[90.9642,24.96933],[90.96004,24.97278],[90.95665,24.97289],[90.9544,24.97102],[90.9483,24.97127],[90.94782,24.97526],[90.94366,24.97592],[90.94513,24.9828],[90.94031,24.98608],[90.94276,24.99318],[90.94697,24.99407],[90.94611,25.00062],[90.94743,25.00475],[90.94135,25.00444],[90.93629,25.00906],[90.93405,25.01994],[90.93513,25.02435],[90.93808,25.02515],[90.93804,25.0283],[90.94507,25.02954],[90.9451,25.03141],[90.95216,25.0342],[90.95757,25.03197],[90.96503,25.0357],[90.95886,25.03736],[90.95263,25.04128],[90.95069,25.04494],[90.9456,25.04323],[90.93887,25.04578],[90.93583,25.04313],[90.93286,25.04486],[90.93227,25.05283],[90.93008,25.05368],[90.92954,25.05726],[90.93147,25.06102],[90.92879,25.06312],[90.93574,25.06577],[90.93249,25.07122],[90.93266,25.0738],[90.92778,25.07799],[90.93199,25.0788],[90.93449,25.08099],[90.93953,25.07883],[90.94418,25.08156],[90.95106,25.07378],[90.95657,25.07044],[90.96269,25.07299],[90.96631,25.07008],[90.96976,25.0704],[90.97466,25.07428],[90.97418,25.07663],[90.97012,25.07994],[90.9701,25.08475],[90.96811,25.08887],[90.97214,25.09271],[90.97109,25.09542],[90.96535,25.09715],[90.95975,25.10097],[90.95753,25.10464],[90.95271,25.10655],[90.94742,25.11383],[90.9559,25.11953],[90.95453,25.12504],[90.95564,25.13016],[90.95224,25.13223],[90.95333,25.13544],[90.94923,25.13725],[90.95223,25.14922],[90.95802,25.14857],[90.96306,25.15452],[90.96693,25.1539],[90.9661,25.15772],[90.97026,25.16058],[90.96693,25.16473],[90.96229,25.16735],[90.96485,25.17188],[90.96066,25.17028],[90.94876,25.17089],[90.94644,25.16769],[90.9279,25.16234],[90.91871,25.16347],[90.90449,25.162],[90.8972,25.16638],[90.89414,25.16473],[90.88391,25.1668],[90.87507,25.16359],[90.87446,25.16134],[90.87187,25.15981],[90.86666,25.16126],[90.86306,25.15786],[90.86121,25.15789],[90.85939,25.16022],[90.85807,25.15959],[90.85982,25.15841],[90.85862,25.15782],[90.85414,25.1592],[90.84977,25.15774],[90.84439,25.15858],[90.84195,25.16441],[90.84055,25.16419],[90.84076,25.16119],[90.83658,25.16096],[90.81949,25.16274],[90.81789,25.16767],[90.81574,25.16803],[90.81364,25.16711],[90.81464,25.16391],[90.80584,25.16605],[90.80395,25.16811],[90.8054,25.17372],[90.80264,25.17285],[90.79868,25.17448],[90.79465,25.18138],[90.78724,25.17883],[90.78393,25.17945],[90.78409,25.18142],[90.7815,25.18082],[90.78167,25.1856],[90.78028,25.18622],[90.77491,25.18179],[90.76911,25.1827],[90.76338,25.17808],[90.76318,25.17605],[90.75886,25.17255],[90.76168,25.17004],[90.76034,25.16828],[90.75897,25.16793],[90.75839,25.16953],[90.7575,25.16827],[90.75659,25.16985],[90.74938,25.167],[90.74757,25.16412],[90.74201,25.166],[90.74181,25.17035],[90.73986,25.16939],[90.73962,25.16678],[90.73417,25.16695],[90.73314,25.16212],[90.73784,25.16442],[90.74188,25.16137],[90.73921,25.15782],[90.73436,25.15817],[90.73319,25.15501],[90.73187,25.1551],[90.73139,25.15748],[90.72657,25.15819],[90.72535,25.16337],[90.72201,25.16482],[90.71768,25.16383],[90.71471,25.16766],[90.70992,25.16821],[90.708,25.16666],[90.7065,25.16121],[90.70232,25.16218],[90.70059,25.16493],[90.69924,25.16131],[90.70052,25.15946],[90.69851,25.15686],[90.69498,25.16014],[90.6917,25.16101],[90.68985,25.16427],[90.68681,25.16493],[90.68365,25.16334],[90.68208,25.16438],[90.68043,25.16943],[90.68543,25.17235],[90.68563,25.17459],[90.6815,25.17228],[90.67508,25.1726],[90.67631,25.17631],[90.67455,25.17667],[90.66988,25.16642],[90.66594,25.16596],[90.66648,25.16967],[90.66376,25.17304],[90.6651,25.17641],[90.66336,25.17897],[90.66547,25.1811],[90.66495,25.1843],[90.66271,25.18567],[90.66367,25.18842],[90.66249,25.19169],[90.66507,25.19645],[90.6634,25.198],[90.66117,25.18931],[90.65798,25.18535],[90.65064,25.19499],[90.64736,25.19438],[90.65252,25.18878],[90.65134,25.18823],[90.65232,25.18699],[90.65109,25.18209],[90.64595,25.18093],[90.64028,25.18371],[90.63874,25.1802],[90.64186,25.17682],[90.64184,25.17493],[90.63449,25.17613],[90.63199,25.17365],[90.62702,25.17329],[90.62694,25.17232],[90.62515,25.17421],[90.62027,25.17446],[90.61822,25.17267],[90.61561,25.17755],[90.61404,25.17421],[90.61419,25.16045],[90.6163,25.15871],[90.61163,25.15164],[90.6129,25.14902],[90.6119,25.14479],[90.60625,25.14218],[90.60552,25.14048],[90.60897,25.13573],[90.61086,25.12957],[90.60417,25.12434],[90.60446,25.12226],[90.60716,25.12128],[90.60308,25.11882],[90.60085,25.11408],[90.6029,25.11147],[90.59923,25.1084],[90.60385,25.10534],[90.60384,25.10369],[90.60172,25.09951],[90.59818,25.09819],[90.59973,25.09362],[90.59454,25.08813],[90.58689,25.08323],[90.58747,25.08108],[90.59038,25.08172],[90.59202,25.07742],[90.59543,25.07647],[90.5938,25.07419],[90.59039,25.07331],[90.58889,25.06738],[90.59032,25.06166],[90.58803,25.06012],[90.58845,25.05873],[90.59698,25.06455],[90.59522,25.06754],[90.59747,25.06804],[90.59744,25.07035],[90.59982,25.07043],[90.60224,25.0727],[90.60741,25.07018],[90.60818,25.06537],[90.6061,25.06284],[90.60467,25.06508],[90.60414,25.0618],[90.6097,25.05943],[90.61275,25.05359],[90.60483,25.05143],[90.60762,25.04814],[90.60332,25.04304],[90.6035,25.03735],[90.60752,25.03407],[90.60311,25.03359],[90.60244,25.03212],[90.6066,25.03048],[90.60693,25.02849],[90.60509,25.02677],[90.59727,25.02781],[90.59348,25.03005],[90.591,25.03396],[90.58548,25.02678],[90.57848,25.03084],[90.57773,25.0335],[90.57449,25.03522],[90.56936,25.03667],[90.56351,25.03455],[90.54992,25.04176],[90.54785,25.04006],[90.54514,25.03245],[90.53541,25.03564],[90.53321,25.03294],[90.53485,25.02772],[90.54396,25.02584],[90.54686,25.02325],[90.54511,25.01544],[90.54241,25.01293],[90.53815,25.01214],[90.53168,25.01643],[90.52401,25.02992],[90.51767,25.02373],[90.51532,25.02492],[90.5135,25.03038],[90.51114,25.03027],[90.50977,25.02799],[90.50962,25.01919],[90.50681,25.01763],[90.50562,25.01928],[90.50607,25.02981],[90.50382,25.03193],[90.50066,25.03187],[90.49427,25.02736],[90.49475,25.01965],[90.49777,25.02092],[90.50411,25.01679],[90.50207,25.01357],[90.49918,25.01344],[90.49536,25.01001],[90.49272,25.00274],[90.503,25.00212],[90.5024,24.99705],[90.50587,24.99517],[90.50349,24.98487],[90.50595,24.98423],[90.51099,24.98685],[90.51317,24.97832],[90.51509,24.97904],[90.51645,24.97701],[90.52306,24.97932],[90.52303,24.97721],[90.51737,24.97314],[90.51492,24.96251],[90.51278,24.96043],[90.5127,24.95163],[90.51609,24.95014],[90.51638,24.94614],[90.52537,24.94806],[90.52882,24.95269],[90.53051,24.95116],[90.53105,24.94586],[90.52623,24.94455],[90.52558,24.94229],[90.53473,24.94179],[90.53819,24.93727],[90.54413,24.93708],[90.54413,24.93275],[90.53945,24.93264],[90.53371,24.92703],[90.53542,24.92222],[90.53351,24.9169],[90.53819,24.91511],[90.53833,24.91169],[90.54113,24.90703],[90.53792,24.90473],[90.53942,24.89915],[90.5332,24.89593],[90.53459,24.89158],[90.5413,24.88532],[90.54879,24.88658],[90.55477,24.88371],[90.5603,24.88667],[90.56836,24.88525],[90.56687,24.88335],[90.568,24.88115],[90.56679,24.8772],[90.57205,24.87251],[90.56805,24.87063],[90.56793,24.86187],[90.57231,24.85646],[90.56731,24.85556],[90.56924,24.84969],[90.56671,24.84743],[90.56025,24.84746],[90.55927,24.84347],[90.56389,24.84339],[90.56669,24.8408],[90.57054,24.84259],[90.5734,24.83848],[90.57579,24.83934],[90.57886,24.84431],[90.58821,24.84194],[90.58796,24.8346],[90.5846,24.83622],[90.57721,24.82415],[90.5746,24.82416],[90.5644,24.81721],[90.5634,24.81162],[90.56636,24.81079],[90.56997,24.81259],[90.5787,24.82215],[90.58144,24.8198],[90.58205,24.81164],[90.59519,24.81222],[90.60078,24.80962],[90.60533,24.81366],[90.60812,24.81433],[90.60866,24.81014],[90.61136,24.80864],[90.6117,24.80532],[90.61828,24.8044],[90.62169,24.80243],[90.62464,24.79546],[90.64041,24.7988],[90.64874,24.79149],[90.65605,24.79209],[90.66904,24.79827],[90.67105,24.80324],[90.67446,24.80289],[90.67755,24.80066],[90.68287,24.8026],[90.68893,24.80084],[90.69451,24.80262],[90.69593,24.80058],[90.70057,24.79944],[90.70275,24.80155],[90.70826,24.8014],[90.71138,24.79715],[90.71021,24.79283],[90.70754,24.79242],[90.70567,24.79022],[90.70556,24.78663],[90.71864,24.78244],[90.72285,24.77822],[90.72271,24.7743],[90.71913,24.77001],[90.70976,24.7672],[90.70666,24.77309],[90.6984,24.7745],[90.6955,24.7715],[90.69751,24.76176],[90.69532,24.75836],[90.69869,24.7562],[90.70439,24.75605],[90.71534,24.75252],[90.7148,24.74303],[90.72169,24.7426],[90.72434,24.73157],[90.7179,24.72726],[90.7086,24.72992],[90.7021,24.716],[90.69552,24.71412],[90.69582,24.70704],[90.69719,24.70548],[90.69585,24.7001],[90.70475,24.70021],[90.70898,24.69284],[90.70517,24.69123],[90.70698,24.68746],[90.70351,24.6849],[90.70063,24.67568],[90.70417,24.66706],[90.70784,24.66587],[90.71077,24.66055],[90.72202,24.64919],[90.7242,24.64905],[90.72715,24.65345],[90.72957,24.65328],[90.73084,24.64912],[90.7354,24.65044],[90.74066,24.64912],[90.74388,24.6376],[90.75825,24.6374],[90.76113,24.628],[90.76012,24.62422],[90.75847,24.62369],[90.75696,24.61047],[90.77301,24.60875],[90.7766,24.61195],[90.77609,24.61672],[90.77963,24.61478],[90.78122,24.60889],[90.78307,24.60752],[90.79404,24.60586],[90.79602,24.59546],[90.79419,24.59077],[90.79194,24.58971],[90.79263,24.5873],[90.78877,24.58485],[90.7903,24.58171],[90.79567,24.58395],[90.79571,24.58132],[90.79252,24.57782],[90.79677,24.57546],[90.79906,24.58012],[90.80257,24.5792],[90.80718,24.58034],[90.8092,24.58228],[90.80486,24.58575],[90.80556,24.5866],[90.80908,24.58568],[90.81266,24.58125],[90.81582,24.58141],[90.81709,24.58218],[90.81546,24.58712],[90.81997,24.58802],[90.82351,24.58807],[90.82762,24.58324],[90.83473,24.58243],[90.83976,24.57992],[90.84179,24.58479],[90.8437,24.58411],[90.84561,24.58815],[90.85075,24.59118],[90.84816,24.59312],[90.85048,24.59667],[90.85487,24.59707],[90.85694,24.59948],[90.86324,24.59912],[90.86309,24.59438],[90.87636,24.5945],[90.88,24.59247],[90.88172,24.59882],[90.88477,24.60034],[90.89084,24.60032],[90.89906,24.59767],[90.90402,24.5998],[90.90725,24.59463],[90.90914,24.59749],[90.91585,24.60118],[90.91632,24.61373],[90.92376,24.61334],[90.92747,24.61586],[90.93019,24.6127],[90.93312,24.61217],[90.93219,24.60696],[90.93869,24.60185],[90.94482,24.60506],[90.95002,24.60188],[90.95355,24.60243],[90.95576,24.60682],[90.95907,24.60705],[90.96286,24.6115],[90.96498,24.60985],[90.96629,24.60514],[90.97688,24.59954],[90.98448,24.60522],[90.99284,24.60145],[90.99605,24.60307],[91.00427,24.60203],[91.01024,24.60573],[91.01835,24.60312],[91.021,24.60533],[91.02264,24.6118],[91.0215,24.6189],[91.02689,24.62832],[91.02997,24.62996],[91.04133,24.62436],[91.0361,24.61932],[91.03652,24.61256],[91.03823,24.61098],[91.04564,24.61023],[91.05315,24.61439],[91.05523,24.61267],[91.05827,24.61307],[91.06321,24.61723],[91.07319,24.61896],[91.0785,24.61378],[91.08328,24.61139],[91.08394,24.60859],[91.09184,24.60525],[91.0931,24.60159],[91.09727,24.60273],[91.09689,24.59999],[91.09924,24.59944],[91.09996,24.60503],[91.10459,24.59971],[91.10578,24.60128],[91.10394,24.60608],[91.10466,24.608],[91.11771,24.60598],[91.12309,24.61064],[91.12886,24.61003],[91.13079,24.61665],[91.13305,24.62038],[91.13466,24.62064],[91.13465,24.62218],[91.12961,24.62543],[91.12732,24.62916],[91.12981,24.63294],[91.12711,24.63583],[91.12972,24.63773],[91.12858,24.64043],[91.12991,24.64211],[91.13625,24.63795],[91.13816,24.63459],[91.14223,24.63549],[91.14508,24.63859],[91.14722,24.63646],[91.14955,24.63873],[91.15434,24.63896],[91.15889,24.63395],[91.16381,24.63218],[91.16833,24.63473],[91.17485,24.64308],[91.18505,24.63565],[91.19205,24.63844],[91.19521,24.63114]]]}},{"type":"Feature","properties":{"ADM2_EN":"Nilphamari","ADM1_EN":"Rangpur"},"geometry":{"type":"Polygon","coordinates":[[[88.94107,25.73433],[88.94659,25.74275],[88.94924,25.74232],[88.94742,25.74108],[88.94838,25.7396],[88.95041,25.74121],[88.95066,25.7398],[88.95454,25.73952],[88.95347,25.74082],[88.95467,25.74096],[88.95178,25.74225],[88.95425,25.74279],[88.95344,25.75056],[88.95178,25.75053],[88.95083,25.75343],[88.94539,25.75258],[88.94352,25.75856],[88.94569,25.76142],[88.94081,25.76191],[88.94045,25.76368],[88.94547,25.76414],[88.9461,25.76749],[88.9441,25.76791],[88.94552,25.77514],[88.9475,25.77302],[88.94983,25.77806],[88.95714,25.77834],[88.95678,25.78014],[88.96183,25.78433],[88.96129,25.78723],[88.95506,25.78822],[88.96069,25.79206],[88.95678,25.79517],[88.9567,25.79936],[88.95461,25.80256],[88.95231,25.8034],[88.94758,25.79999],[88.94218,25.80222],[88.94507,25.80496],[88.94302,25.80647],[88.94786,25.80845],[88.94834,25.81],[88.95434,25.81022],[88.95669,25.81383],[88.96456,25.8136],[88.96893,25.81019],[88.9714,25.80995],[88.97335,25.80728],[88.98572,25.8074],[88.98663,25.81086],[88.98869,25.81107],[88.99034,25.81418],[88.99698,25.81154],[89.00469,25.81234],[89.00508,25.81341],[89.00199,25.81568],[89.00669,25.81401],[89.01405,25.81967],[89.01472,25.81705],[89.03272,25.81857],[89.03804,25.81566],[89.04333,25.81637],[89.04283,25.81258],[89.04862,25.81858],[89.04868,25.82158],[89.05632,25.8278],[89.05659,25.83158],[89.06026,25.83179],[89.06201,25.8341],[89.07218,25.8337],[89.07804,25.83116],[89.08155,25.83151],[89.08288,25.82615],[89.08881,25.82844],[89.0905,25.8268],[89.09127,25.82905],[89.0881,25.83273],[89.08728,25.84588],[89.08901,25.8479],[89.10049,25.85137],[89.09614,25.85961],[89.09629,25.86192],[89.1011,25.86426],[89.10363,25.86747],[89.10257,25.87522],[89.11491,25.88142],[89.11628,25.88612],[89.11188,25.88652],[89.1109,25.88991],[89.10895,25.89191],[89.10748,25.89159],[89.10555,25.89679],[89.10201,25.89867],[89.10004,25.89688],[89.09925,25.89756],[89.09957,25.90217],[89.09765,25.90537],[89.10019,25.90664],[89.0999,25.90957],[89.10285,25.91078],[89.10359,25.91299],[89.10108,25.91416],[89.10031,25.91694],[89.1037,25.92333],[89.10293,25.92702],[89.1008,25.92634],[89.10023,25.928],[89.10325,25.93072],[89.10421,25.9347],[89.10211,25.93531],[89.10048,25.9325],[89.09423,25.93672],[89.09857,25.93663],[89.10211,25.93954],[89.10273,25.94514],[89.10656,25.95012],[89.10937,25.95802],[89.10761,25.96473],[89.10968,25.96618],[89.11694,25.96647],[89.12536,25.96052],[89.13271,25.9644],[89.13515,25.96296],[89.14184,25.96417],[89.12908,25.97854],[89.12365,25.98134],[89.12096,25.98461],[89.11964,25.98996],[89.11546,25.99092],[89.11223,25.9936],[89.10621,26.01384],[89.10168,26.0182],[89.0996,26.02627],[89.10158,26.02722],[89.09349,26.03372],[89.09762,26.03619],[89.09568,26.0405],[89.09619,26.04543],[89.09035,26.05993],[89.09456,26.06336],[89.09204,26.07046],[89.0951,26.07422],[89.09943,26.07623],[89.08913,26.08875],[89.089,26.09974],[89.09067,26.10527],[89.09034,26.1153],[89.09874,26.11572],[89.1016,26.12037],[89.09675,26.13638],[89.09795,26.14628],[89.09401,26.15106],[89.08512,26.15677],[89.08331,26.16206],[89.07292,26.17055],[89.06655,26.17051],[89.06529,26.16929],[89.0616,26.17015],[89.05702,26.16791],[89.04741,26.17508],[89.04372,26.1742],[89.04197,26.17675],[89.04146,26.17389],[89.03725,26.17441],[89.0349,26.17856],[89.03741,26.18189],[89.03548,26.182],[89.03334,26.17866],[89.03313,26.18076],[89.03036,26.18234],[89.02831,26.1891],[89.02293,26.19251],[89.0193,26.19134],[89.02369,26.19829],[89.02912,26.19867],[89.03305,26.20365],[89.03206,26.21059],[89.03613,26.22037],[89.03324,26.22488],[89.02204,26.22796],[89.02166,26.23155],[89.01942,26.23298],[89.01722,26.23801],[89.01892,26.24223],[89.01584,26.24472],[88.99373,26.24557],[88.97911,26.2449],[88.97861,26.24278],[88.96531,26.23878],[88.95677,26.24064],[88.95698,26.24267],[88.95309,26.24209],[88.95073,26.2478],[88.94427,26.25458],[88.94018,26.26361],[88.93512,26.2671],[88.93108,26.27753],[88.92622,26.28389],[88.91984,26.28458],[88.91807,26.28803],[88.8982,26.28874],[88.87579,26.28665],[88.87077,26.2842],[88.86634,26.27949],[88.86708,26.27631],[88.86134,26.27273],[88.86432,26.26791],[88.86127,26.26374],[88.8614,26.25212],[88.86801,26.24908],[88.86758,26.24672],[88.87176,26.24457],[88.87169,26.2405],[88.87314,26.23981],[88.87577,26.24237],[88.87769,26.2423],[88.87647,26.23806],[88.87782,26.23349],[88.87246,26.23311],[88.87161,26.23415],[88.85974,26.23154],[88.85422,26.23516],[88.85182,26.23522],[88.84374,26.23249],[88.84389,26.23067],[88.84026,26.23141],[88.83847,26.2322],[88.83807,26.23824],[88.83424,26.23776],[88.83189,26.23833],[88.83096,26.24027],[88.82758,26.23973],[88.82689,26.24483],[88.82859,26.2453],[88.8291,26.24981],[88.8234,26.24863],[88.82318,26.25344],[88.81952,26.25385],[88.81903,26.2553],[88.81352,26.25468],[88.81213,26.26487],[88.81465,26.26526],[88.81495,26.26911],[88.81374,26.27349],[88.8103,26.27435],[88.80996,26.27702],[88.81321,26.28853],[88.81907,26.29459],[88.8131,26.29721],[88.80175,26.30642],[88.79347,26.31007],[88.78488,26.30422],[88.7818,26.3031],[88.7762,26.30375],[88.7718,26.30064],[88.76403,26.29898],[88.7597,26.30034],[88.75926,26.30414],[88.75826,26.29783],[88.76379,26.29286],[88.76641,26.28655],[88.76347,26.26884],[88.75811,26.26142],[88.7622,26.24537],[88.76292,26.23612],[88.77617,26.23938],[88.7818,26.23688],[88.78534,26.23252],[88.79006,26.23039],[88.79747,26.21479],[88.79612,26.21147],[88.79062,26.2076],[88.79031,26.2054],[88.79755,26.20626],[88.79783,26.20338],[88.79352,26.18881],[88.78252,26.18162],[88.77578,26.18056],[88.78173,26.17755],[88.77901,26.16522],[88.78433,26.15733],[88.78607,26.14768],[88.78347,26.14579],[88.78355,26.13258],[88.78925,26.1304],[88.7892,26.12353],[88.78213,26.11273],[88.77434,26.10585],[88.77327,26.09985],[88.76723,26.08779],[88.76339,26.08539],[88.75819,26.08572],[88.75766,26.08464],[88.77528,26.0731],[88.77649,26.07103],[88.7754,26.06728],[88.7788,26.06235],[88.77503,26.05781],[88.77431,26.05445],[88.7683,26.05035],[88.76225,26.04225],[88.76117,26.03393],[88.75883,26.03389],[88.75922,26.03722],[88.75771,26.03634],[88.75921,26.03266],[88.75752,26.02787],[88.75952,26.0266],[88.759,26.02475],[88.75469,26.02239],[88.74916,26.02565],[88.74471,26.02483],[88.74018,26.0172],[88.73495,26.01468],[88.73614,26.01289],[88.73458,26.00921],[88.7375,25.99759],[88.74163,25.99295],[88.74816,25.9773],[88.74373,25.96497],[88.75145,25.94745],[88.74455,25.93989],[88.74448,25.93816],[88.75068,25.93577],[88.75508,25.931],[88.75623,25.93719],[88.75955,25.93895],[88.76691,25.93614],[88.77858,25.93486],[88.80151,25.92203],[88.8039,25.91483],[88.8004,25.90836],[88.80145,25.90051],[88.80911,25.887],[88.8131,25.88375],[88.81597,25.87723],[88.82016,25.86228],[88.82015,25.8555],[88.82243,25.85698],[88.82545,25.85639],[88.82765,25.8538],[88.82589,25.84487],[88.82247,25.84059],[88.82744,25.83257],[88.8276,25.81317],[88.8304,25.81206],[88.83955,25.81353],[88.84427,25.81082],[88.84631,25.80546],[88.84505,25.8031],[88.84684,25.80345],[88.8474,25.8021],[88.84792,25.79174],[88.85002,25.78873],[88.85258,25.78875],[88.85271,25.78728],[88.85507,25.78683],[88.85218,25.78513],[88.85661,25.77658],[88.86148,25.77598],[88.867,25.77113],[88.87349,25.77237],[88.88096,25.77089],[88.88571,25.77232],[88.88985,25.7708],[88.88987,25.76052],[88.89237,25.75955],[88.8912,25.75403],[88.89358,25.75119],[88.89394,25.74597],[88.89158,25.74181],[88.89488,25.74097],[88.8976,25.7353],[88.91581,25.73545],[88.91156,25.73924],[88.90712,25.73709],[88.90493,25.7378],[88.90708,25.74497],[88.90909,25.74574],[88.91255,25.74505],[88.91189,25.74154],[88.91612,25.73869],[88.92138,25.73926],[88.91942,25.74003],[88.92121,25.74095],[88.92499,25.74081],[88.92826,25.73497],[88.92969,25.73674],[88.93052,25.73398],[88.93389,25.73302],[88.93492,25.73504],[88.93525,25.73115],[88.93744,25.73353],[88.94012,25.73137],[88.93831,25.73469],[88.94107,25.73433]]]}},{"type":"Feature","properties":{"ADM2_EN":"Noakhali","ADM1_EN":"Chittagong"},"geometry":{"type":"MultiPolygon","coordinates":[[[[91.08274,22.05355],[91.08455,22.06176],[91.08272,22.06411],[91.08026,22.06456],[91.06897,22.06315],[91.04867,22.05415],[91.04878,22.04813],[91.05135,22.04854],[91.05358,22.05297],[91.05645,22.05176],[91.05504,22.03786],[91.05709,22.03082],[91.06063,22.03128],[91.06079,22.03319],[91.06605,22.03674],[91.07191,22.04483],[91.07771,22.05019],[91.08156,22.05069],[91.08274,22.05355]]],[[[91.03095,22.08382],[91.02517,22.08534],[91.007,22.09884],[91.00146,22.10053],[90.99854,22.09966],[90.97835,22.08155],[90.97309,22.07172],[90.97285,22.05153],[90.97487,22.04707],[90.97599,22.03744],[90.98157,22.02794],[90.98418,22.02798],[90.98672,22.02457],[90.99084,22.02311],[91.00842,22.03337],[91.01423,22.03898],[91.02288,22.04399],[91.02349,22.04284],[91.02105,22.03927],[91.01714,22.0371],[91.0183,22.03451],[91.02429,22.03366],[91.02847,22.03707],[91.02901,22.04022],[91.03233,22.03858],[91.03361,22.04206],[91.03539,22.04252],[91.04789,22.07378],[91.04219,22.08338],[91.03095,22.08382]]],[[[91.01505,22.17566],[91.01575,22.1736],[91.01859,22.1733],[91.02449,22.17714],[91.03104,22.19981],[91.02257,22.19503],[91.01747,22.18697],[91.01726,22.17973],[91.01505,22.17566]]],[[[91.01533,22.24263],[91.02914,22.27171],[91.02888,22.28199],[91.03394,22.29988],[91.03664,22.32027],[91.03453,22.32406],[91.01901,22.33231],[91.02403,22.31673],[91.02092,22.30705],[91.0194,22.29282],[91.01961,22.28176],[91.01366,22.26985],[91.01278,22.25767],[91.01533,22.24263]]],[[[91.0362,22.33763],[91.04936,22.34199],[91.05434,22.34855],[91.05411,22.35128],[91.04757,22.36045],[91.04107,22.37402],[91.03374,22.36924],[91.01961,22.35226],[91.02308,22.34603],[91.03319,22.3375],[91.0362,22.33763]]],[[[91.05527,22.35956],[91.05665,22.36858],[91.05411,22.37309],[91.0523,22.38462],[91.05097,22.38592],[91.04383,22.37937],[91.04349,22.37493],[91.04969,22.36184],[91.05527,22.35956]]],[[[91.14094,22.37321],[91.13379,22.37862],[91.13159,22.38361],[91.09852,22.39361],[91.08296,22.40227],[91.06999,22.40699],[91.07502,22.37938],[91.0749,22.36356],[91.06854,22.35972],[91.06668,22.35262],[91.05922,22.34923],[91.06015,22.34694],[91.06511,22.3442],[91.06881,22.3398],[91.0658,22.32863],[91.07028,22.29633],[91.06819,22.27159],[91.06971,22.25509],[91.06848,22.24214],[91.0618,22.21441],[91.05392,22.19094],[91.03813,22.15828],[91.02972,22.14418],[91.00599,22.12038],[91.004,22.11361],[91.00591,22.1079],[91.01535,22.10092],[91.0362,22.09041],[91.05032,22.08607],[91.05776,22.07923],[91.06208,22.08116],[91.07324,22.09098],[91.07786,22.0917],[91.08209,22.09474],[91.09928,22.11145],[91.10517,22.11932],[91.11353,22.12481],[91.11437,22.12719],[91.12264,22.13167],[91.12863,22.13001],[91.13588,22.13182],[91.13802,22.13668],[91.1356,22.14234],[91.13776,22.14319],[91.13718,22.14629],[91.14259,22.14926],[91.14466,22.15436],[91.15379,22.15664],[91.15325,22.1597],[91.15548,22.16327],[91.16019,22.16453],[91.16494,22.16856],[91.169,22.19128],[91.17967,22.21443],[91.18002,22.21931],[91.18339,22.22086],[91.18824,22.23282],[91.19101,22.24719],[91.18872,22.25605],[91.19041,22.26469],[91.18897,22.27588],[91.19014,22.28072],[91.18664,22.28711],[91.18431,22.2965],[91.18639,22.30523],[91.18651,22.31578],[91.18988,22.32661],[91.18903,22.3436],[91.1853,22.35151],[91.18601,22.3578],[91.18469,22.36537],[91.18213,22.36783],[91.1783,22.37902],[91.17499,22.38375],[91.16086,22.38033],[91.15364,22.37488],[91.14591,22.37184],[91.14306,22.37113],[91.14094,22.37321]]],[[[90.99018,22.391],[90.98106,22.41687],[90.97718,22.42033],[90.97228,22.4206],[90.99018,22.391]]],[[[91.25625,22.40976],[91.26385,22.41463],[91.26637,22.42379],[91.26057,22.43339],[91.25648,22.43548],[91.25091,22.43356],[91.24575,22.42629],[91.25179,22.41147],[91.25625,22.40976]]],[[[91.27709,22.4411],[91.2769,22.4476],[91.27264,22.44845],[91.27056,22.44588],[91.27099,22.44311],[91.27709,22.4411]]],[[[91.01295,22.36049],[91.02033,22.36503],[91.03036,22.37711],[91.0348,22.39056],[91.03539,22.40413],[91.04331,22.41474],[91.04532,22.43595],[91.0415,22.44377],[91.03414,22.45075],[91.01659,22.45937],[91.00189,22.46347],[90.99259,22.46071],[90.98724,22.45429],[90.98839,22.4497],[90.98773,22.43565],[90.99396,22.40807],[91.0016,22.38398],[91.00385,22.37073],[91.00966,22.36128],[91.01295,22.36049]]],[[[90.96773,22.42763],[90.96782,22.44552],[90.96954,22.44823],[90.96965,22.45277],[90.97358,22.457],[90.97783,22.46544],[90.97505,22.46459],[90.97646,22.46774],[90.97244,22.46944],[90.96195,22.47098],[90.95088,22.46454],[90.96553,22.43578],[90.96773,22.42763]]],[[[90.93393,22.49373],[90.93819,22.49652],[90.95319,22.4971],[90.98015,22.50502],[90.98212,22.50701],[90.98225,22.51156],[90.97645,22.52198],[90.93211,22.49702],[90.93393,22.49373]]],[[[91.33943,22.52602],[91.33727,22.52594],[91.33869,22.52851],[91.33479,22.5322],[91.33919,22.5301],[91.3362,22.55593],[91.33259,22.56488],[91.33221,22.56566],[91.32392,22.58252],[91.31112,22.60281],[91.28765,22.57618],[91.27383,22.55485],[91.27208,22.54891],[91.27594,22.54881],[91.27143,22.54512],[91.26791,22.53611],[91.26595,22.52014],[91.26976,22.51423],[91.28286,22.50036],[91.29104,22.48395],[91.29581,22.48685],[91.30315,22.48744],[91.30459,22.49302],[91.30659,22.49293],[91.30758,22.49507],[91.31236,22.49446],[91.31425,22.49846],[91.31806,22.49793],[91.31726,22.50324],[91.31028,22.5071],[91.31576,22.50705],[91.32581,22.50102],[91.32792,22.50423],[91.32988,22.50371],[91.33038,22.50743],[91.33416,22.50719],[91.33535,22.51019],[91.33437,22.51263],[91.332,22.51516],[91.32692,22.51707],[91.33155,22.51703],[91.33005,22.52099],[91.33602,22.51606],[91.33991,22.51764],[91.33943,22.52602]]],[[[91.33841,22.73205],[91.32952,22.73184],[91.30821,22.72663],[91.29286,22.7172],[91.28778,22.71043],[91.28652,22.69969],[91.29599,22.67296],[91.30367,22.66167],[91.31818,22.64989],[91.32343,22.65338],[91.33452,22.66722],[91.34318,22.68581],[91.34866,22.71589],[91.33841,22.73205]]],[[[91.40719,22.7654],[91.4091,22.75628],[91.41361,22.75136],[91.42205,22.74863],[91.42412,22.75739],[91.41713,22.76264],[91.40719,22.7654]]],[[[91.37704,22.78451],[91.37395,22.78096],[91.37947,22.77936],[91.37704,22.78451]]],[[[91.34453,22.78905],[91.35951,22.78259],[91.36521,22.77745],[91.36847,22.77807],[91.37682,22.78533],[91.37327,22.79692],[91.36786,22.80175],[91.36555,22.79725],[91.35514,22.79485],[91.34453,22.78905]]],[[[91.33599,22.82124],[91.33539,22.81889],[91.33816,22.82081],[91.33599,22.82124]]],[[[90.96185,23.13104],[90.95612,23.13014],[90.9552,23.12665],[90.95312,23.12609],[90.95433,23.12268],[90.95355,23.11297],[90.94861,23.11226],[90.94876,23.10706],[90.94473,23.10654],[90.9443,23.10357],[90.94152,23.10149],[90.94132,23.0976],[90.94488,23.0966],[90.94491,23.09024],[90.94732,23.0896],[90.94423,23.08815],[90.94528,23.08584],[90.94272,23.08595],[90.93954,23.08372],[90.93083,23.09073],[90.93074,23.08203],[90.92918,23.08047],[90.92333,23.07762],[90.92179,23.08152],[90.91741,23.0808],[90.91658,23.07839],[90.91139,23.07976],[90.91279,23.07629],[90.9157,23.07574],[90.91603,23.07247],[90.91857,23.07067],[90.91908,23.0655],[90.9123,23.06628],[90.90598,23.07238],[90.89896,23.0715],[90.9008,23.06189],[90.91036,23.05801],[90.90984,23.0528],[90.91452,23.04529],[90.91767,23.04668],[90.91881,23.0419],[90.91724,23.04034],[90.91348,23.04209],[90.90618,23.04187],[90.90531,23.04072],[90.90797,23.04006],[90.90678,23.03462],[90.8975,23.03917],[90.89657,23.03582],[90.89376,23.03542],[90.89146,23.02956],[90.88663,23.02556],[90.89316,23.02132],[90.89363,23.01441],[90.8971,23.01386],[90.89779,23.01174],[90.90516,23.01461],[90.914,23.01456],[90.91594,23.01246],[90.92074,23.01398],[90.92209,23.01018],[90.91916,23.01015],[90.91901,23.00654],[90.92663,23.00598],[90.92756,23.0025],[90.9264,22.99948],[90.93006,22.99808],[90.93306,22.99468],[90.93343,22.9867],[90.93511,22.98655],[90.93715,22.98997],[90.94166,22.99133],[90.94374,22.9904],[90.9421,22.99308],[90.94504,22.99353],[90.94343,22.99493],[90.94504,22.99626],[90.94314,22.9967],[90.94428,22.99814],[90.94703,22.9959],[90.94931,22.99647],[90.9516,22.99289],[90.95184,22.99437],[90.95399,22.99445],[90.9546,22.99248],[90.95246,22.99118],[90.95183,22.98779],[90.95992,22.98686],[90.96044,22.98256],[90.96326,22.98263],[90.96601,22.97937],[90.9712,22.98052],[90.97317,22.98497],[90.97667,22.98409],[90.97767,22.97937],[90.98208,22.97712],[90.98637,22.97201],[90.98848,22.9786],[90.99247,22.97923],[90.99885,22.97741],[90.9962,22.97085],[90.99835,22.96428],[90.99555,22.96337],[90.99469,22.96145],[90.99924,22.95872],[91.00124,22.95929],[91.00125,22.95624],[90.99736,22.95518],[90.99918,22.95381],[90.99766,22.95209],[90.99989,22.94936],[90.99735,22.94878],[90.9958,22.94407],[90.98893,22.93969],[90.98879,22.93806],[90.99178,22.93611],[90.98983,22.93345],[90.99137,22.93087],[90.98882,22.93084],[90.98886,22.92467],[90.98409,22.92116],[90.98131,22.91619],[90.98251,22.91467],[90.98699,22.91537],[90.98707,22.91349],[90.9843,22.91292],[90.98254,22.91033],[90.98567,22.90534],[90.9881,22.90536],[90.99129,22.90306],[90.99027,22.89978],[90.98706,22.89974],[90.98141,22.89198],[90.98264,22.88739],[90.98599,22.88398],[90.9864,22.87857],[90.98303,22.8748],[90.97621,22.87426],[90.9769,22.87303],[90.97466,22.87177],[90.97557,22.87023],[90.97317,22.87026],[90.97275,22.86707],[90.96928,22.86603],[90.9691,22.86469],[90.96481,22.86664],[90.95699,22.86318],[90.95861,22.86566],[90.95614,22.86591],[90.95339,22.86309],[90.95405,22.86145],[90.95602,22.86154],[90.95543,22.85928],[90.94956,22.86101],[90.94678,22.8594],[90.94456,22.86288],[90.94292,22.86223],[90.93951,22.85627],[90.94451,22.8489],[90.94509,22.84465],[90.94248,22.83974],[90.94539,22.83767],[90.9422,22.83572],[90.93991,22.83815],[90.93841,22.83461],[90.9401,22.83261],[90.93856,22.8299],[90.93651,22.82805],[90.93191,22.8283],[90.92873,22.82302],[90.92668,22.81393],[90.91097,22.81582],[90.90885,22.81334],[90.88995,22.81102],[90.90225,22.80195],[90.91477,22.79797],[90.94162,22.78136],[90.95014,22.7777],[90.97609,22.75617],[90.9813,22.75398],[90.98083,22.7154],[91.00222,22.70974],[91.00986,22.70524],[91.01094,22.69843],[91.01687,22.68599],[91.01706,22.67895],[91.00091,22.66556],[90.98841,22.63932],[91.00347,22.62359],[91.01179,22.6069],[91.01443,22.59912],[91.01741,22.56818],[91.03637,22.55553],[91.0554,22.53686],[91.06584,22.51968],[91.07814,22.4933],[91.08251,22.50623],[91.09063,22.52219],[91.09726,22.52706],[91.10688,22.53097],[91.11333,22.53953],[91.12827,22.54471],[91.13415,22.55251],[91.13496,22.55786],[91.13666,22.55703],[91.13458,22.54897],[91.12969,22.54285],[91.11799,22.53964],[91.10844,22.5299],[91.09265,22.52088],[91.08478,22.50115],[91.08229,22.48486],[91.09282,22.46644],[91.11189,22.45187],[91.12372,22.44648],[91.13603,22.44288],[91.15168,22.45095],[91.16038,22.45819],[91.16401,22.46512],[91.16553,22.47042],[91.16536,22.47947],[91.19422,22.4998],[91.20119,22.51058],[91.19815,22.5121],[91.19146,22.52014],[91.1799,22.52127],[91.17107,22.52021],[91.15893,22.51432],[91.16049,22.50063],[91.14363,22.49532],[91.12652,22.48632],[91.11858,22.48914],[91.11256,22.48794],[91.1128,22.48933],[91.12304,22.49564],[91.14788,22.49872],[91.15288,22.50055],[91.15274,22.50324],[91.15575,22.50755],[91.15585,22.51539],[91.15337,22.53558],[91.15041,22.54035],[91.1534,22.54066],[91.1556,22.53926],[91.15626,22.52555],[91.16168,22.52073],[91.18094,22.52619],[91.19607,22.52331],[91.20918,22.52411],[91.21209,22.52544],[91.21203,22.52949],[91.2149,22.53148],[91.22083,22.53065],[91.22889,22.52585],[91.23429,22.53327],[91.23924,22.54807],[91.24118,22.54892],[91.24255,22.5474],[91.25068,22.55934],[91.25221,22.56343],[91.25071,22.56475],[91.25389,22.56589],[91.25895,22.57588],[91.25843,22.57929],[91.26057,22.58236],[91.25917,22.58283],[91.25894,22.58522],[91.26055,22.58539],[91.26363,22.58154],[91.28802,22.61862],[91.28446,22.62596],[91.27497,22.62732],[91.27838,22.62844],[91.27786,22.63081],[91.26343,22.63545],[91.27662,22.63376],[91.28057,22.63151],[91.2822,22.63186],[91.283,22.63522],[91.27971,22.65116],[91.27144,22.67144],[91.26379,22.68362],[91.25894,22.6856],[91.25404,22.68176],[91.24833,22.68016],[91.24626,22.68203],[91.24791,22.6836],[91.24671,22.69128],[91.23315,22.70472],[91.22468,22.70758],[91.21803,22.70699],[91.21421,22.70401],[91.21144,22.70453],[91.20769,22.70943],[91.20322,22.72374],[91.19595,22.73196],[91.1931,22.73292],[91.1965,22.73296],[91.20679,22.72579],[91.20816,22.7237],[91.20832,22.71552],[91.21085,22.71292],[91.21757,22.7118],[91.22868,22.71436],[91.2297,22.71679],[91.22586,22.71926],[91.22657,22.72062],[91.23565,22.7161],[91.24268,22.70795],[91.24974,22.70574],[91.25179,22.70221],[91.25885,22.69721],[91.26123,22.70336],[91.26594,22.70332],[91.27156,22.70805],[91.27789,22.72339],[91.28426,22.73276],[91.29891,22.74516],[91.3202,22.75158],[91.3297,22.75294],[91.36855,22.75154],[91.38437,22.75642],[91.38453,22.76517],[91.37457,22.76633],[91.36386,22.76993],[91.34539,22.78177],[91.33651,22.78307],[91.3312,22.78534],[91.32799,22.79017],[91.32814,22.79751],[91.3231,22.80316],[91.31345,22.80901],[91.31135,22.8161],[91.31249,22.81951],[91.31667,22.82177],[91.3311,22.8175],[91.332,22.82066],[91.33,22.82122],[91.32523,22.827],[91.32519,22.83707],[91.31883,22.83675],[91.30967,22.84087],[91.31203,22.84549],[91.3201,22.84546],[91.32646,22.84895],[91.32892,22.84831],[91.32997,22.85051],[91.32799,22.85297],[91.32931,22.85346],[91.3322,22.84906],[91.32977,22.84708],[91.33101,22.84506],[91.3341,22.84589],[91.33677,22.84485],[91.33915,22.8602],[91.3415,22.85964],[91.3476,22.85196],[91.35061,22.85116],[91.35225,22.85293],[91.34781,22.8569],[91.34906,22.86055],[91.352,22.86323],[91.35198,22.86622],[91.3457,22.86326],[91.33693,22.86326],[91.33796,22.86849],[91.34299,22.87741],[91.33528,22.87535],[91.32848,22.88166],[91.32925,22.88313],[91.33599,22.88482],[91.34458,22.88122],[91.34289,22.88733],[91.34449,22.89183],[91.34358,22.89674],[91.34509,22.89762],[91.35079,22.89431],[91.35254,22.8956],[91.35086,22.90204],[91.34391,22.90568],[91.34112,22.91329],[91.33862,22.9092],[91.33116,22.90979],[91.32996,22.90609],[91.32678,22.90732],[91.32183,22.90227],[91.31326,22.90066],[91.31225,22.9043],[91.30821,22.90522],[91.30649,22.89966],[91.29983,22.89401],[91.29764,22.89562],[91.29026,22.89419],[91.28663,22.89688],[91.27635,22.89939],[91.27743,22.89299],[91.2756,22.89271],[91.27486,22.89061],[91.26912,22.89155],[91.26607,22.88676],[91.26555,22.88154],[91.26265,22.88406],[91.26106,22.88276],[91.26125,22.88585],[91.25867,22.8875],[91.25822,22.89112],[91.2575,22.88954],[91.25356,22.89418],[91.25151,22.8919],[91.24815,22.89422],[91.24796,22.89989],[91.24673,22.90084],[91.25009,22.90241],[91.24862,22.90557],[91.25004,22.90645],[91.25384,22.90395],[91.25615,22.90833],[91.26011,22.9099],[91.25902,22.92347],[91.26312,22.9459],[91.2593,22.94724],[91.26114,22.95261],[91.26007,22.95877],[91.25235,22.96048],[91.25603,22.96393],[91.2556,22.97019],[91.25798,22.97305],[91.25884,22.98454],[91.25745,22.98715],[91.26009,22.99538],[91.25873,23.01118],[91.26185,23.01354],[91.26495,23.02186],[91.26067,23.0306],[91.25812,23.03122],[91.2631,23.03174],[91.26384,23.03453],[91.25676,23.03756],[91.25556,23.03947],[91.25895,23.05461],[91.25592,23.0561],[91.25052,23.05558],[91.24648,23.0576],[91.23553,23.05879],[91.23691,23.06223],[91.23591,23.06598],[91.22685,23.06413],[91.22549,23.06655],[91.22284,23.06423],[91.2226,23.05792],[91.22145,23.0604],[91.21757,23.06039],[91.21721,23.06597],[91.21455,23.0667],[91.20469,23.06641],[91.20388,23.06242],[91.2004,23.06322],[91.19811,23.06057],[91.19294,23.06155],[91.1904,23.05995],[91.18527,23.06025],[91.18286,23.06161],[91.18075,23.06683],[91.17782,23.06711],[91.17266,23.07098],[91.1692,23.06881],[91.16778,23.0698],[91.16661,23.07166],[91.1674,23.07505],[91.16243,23.08007],[91.16411,23.08136],[91.1599,23.08407],[91.15297,23.08328],[91.15184,23.08076],[91.14955,23.08215],[91.14055,23.07928],[91.14002,23.07429],[91.13503,23.07678],[91.12931,23.07461],[91.12646,23.0767],[91.12419,23.07472],[91.11406,23.0755],[91.10987,23.0723],[91.07944,23.0716],[91.08036,23.07677],[91.07055,23.07867],[91.06485,23.07756],[91.06093,23.08114],[91.05074,23.08348],[91.04678,23.08932],[91.04299,23.09043],[91.03602,23.11441],[91.02887,23.11222],[91.02705,23.10706],[91.02324,23.10628],[91.0201,23.11034],[91.02026,23.11329],[91.01455,23.114],[91.01355,23.1161],[91.00114,23.11417],[90.99879,23.11863],[90.99628,23.11982],[90.98546,23.11737],[90.98424,23.11996],[90.98548,23.12777],[90.98075,23.1332],[90.96813,23.13121],[90.9644,23.12836],[90.96185,23.13104]]]]}},{"type":"Feature","properties":{"ADM2_EN":"Pabna","ADM1_EN":"Rajshani"},"geometry":{"type":"Polygon","coordinates":[[[89.35535,23.88594],[89.35695,23.89799],[89.3582,23.89785],[89.35831,23.89304],[89.35961,23.89177],[89.3635,23.89196],[89.36514,23.89475],[89.3646,23.9107],[89.38522,23.90781],[89.39097,23.90418],[89.40893,23.88173],[89.43156,23.86745],[89.45015,23.85193],[89.46859,23.83925],[89.49958,23.82694],[89.5052,23.82247],[89.51496,23.81864],[89.55121,23.81366],[89.57153,23.80811],[89.57537,23.80899],[89.58387,23.81444],[89.62939,23.8092],[89.63659,23.80927],[89.65006,23.81247],[89.66385,23.80932],[89.67244,23.80974],[89.69575,23.8145],[89.7047,23.81922],[89.71163,23.82566],[89.72045,23.82802],[89.73274,23.83537],[89.73086,23.8398],[89.71217,23.85836],[89.71013,23.8671],[89.70711,23.86796],[89.70383,23.8771],[89.70092,23.87677],[89.69829,23.86654],[89.69696,23.86661],[89.69628,23.87299],[89.70083,23.88116],[89.69786,23.88501],[89.6994,23.88988],[89.70259,23.89224],[89.70231,23.89552],[89.69823,23.89594],[89.69843,23.90002],[89.70052,23.9026],[89.69671,23.91429],[89.69542,23.92392],[89.68791,23.9235],[89.6845,23.92525],[89.68743,23.93264],[89.6861,23.93776],[89.68393,23.93936],[89.69277,23.94273],[89.69142,23.97613],[89.6934,23.9873],[89.69929,23.99734],[89.71129,24.00728],[89.72158,24.01353],[89.70938,24.02017],[89.7062,24.02384],[89.70301,24.02367],[89.70111,24.03222],[89.69712,24.03555],[89.70204,24.03538],[89.69821,24.03871],[89.69186,24.03799],[89.68302,24.03424],[89.68388,24.04092],[89.68138,24.05564],[89.68459,24.05839],[89.68127,24.06203],[89.67543,24.06382],[89.66626,24.06948],[89.65984,24.07545],[89.64417,24.08217],[89.63709,24.08683],[89.63,24.08333],[89.61629,24.09697],[89.61314,24.09608],[89.61029,24.0981],[89.60821,24.09627],[89.60466,24.09666],[89.60457,24.09829],[89.59311,24.1024],[89.59014,24.10791],[89.58111,24.10804],[89.58079,24.11157],[89.57502,24.11113],[89.56891,24.11276],[89.56576,24.10932],[89.55936,24.11136],[89.55573,24.11531],[89.55542,24.119],[89.56118,24.11718],[89.5644,24.12212],[89.55745,24.12727],[89.54998,24.1297],[89.54855,24.12484],[89.54697,24.12413],[89.54565,24.12548],[89.54587,24.13148],[89.54411,24.12929],[89.54139,24.12951],[89.54124,24.12828],[89.53812,24.12898],[89.53611,24.13171],[89.53292,24.13013],[89.53186,24.13555],[89.52929,24.13653],[89.53033,24.14126],[89.52825,24.14705],[89.52417,24.14937],[89.52169,24.15424],[89.52802,24.15579],[89.52941,24.15921],[89.523,24.16655],[89.5234,24.16877],[89.52691,24.16931],[89.53326,24.16658],[89.53515,24.16809],[89.53512,24.1728],[89.53055,24.17565],[89.52368,24.17553],[89.51773,24.17901],[89.5157,24.18538],[89.51736,24.18912],[89.52112,24.18879],[89.52508,24.19124],[89.52235,24.19725],[89.51991,24.19852],[89.51565,24.1971],[89.51021,24.19985],[89.50969,24.20151],[89.51202,24.20249],[89.50858,24.20457],[89.50446,24.21254],[89.50441,24.21545],[89.50078,24.21707],[89.49243,24.21463],[89.493,24.21726],[89.48954,24.21708],[89.48572,24.21436],[89.48793,24.21073],[89.48591,24.20375],[89.47884,24.20512],[89.47553,24.20271],[89.47182,24.20337],[89.46943,24.20083],[89.46792,24.20341],[89.4692,24.20418],[89.46853,24.20812],[89.46611,24.20741],[89.46766,24.21507],[89.46411,24.21606],[89.46143,24.22457],[89.46353,24.22493],[89.46397,24.22141],[89.46938,24.22227],[89.47064,24.21928],[89.47347,24.21921],[89.47779,24.22378],[89.47817,24.22937],[89.47446,24.2338],[89.47113,24.23454],[89.47101,24.23202],[89.46844,24.23025],[89.46656,24.23135],[89.46143,24.22962],[89.45741,24.2307],[89.45411,24.22767],[89.44658,24.23127],[89.44584,24.23366],[89.45657,24.23378],[89.45576,24.23831],[89.45832,24.24001],[89.46138,24.24929],[89.46322,24.25034],[89.45966,24.25818],[89.46023,24.26209],[89.45451,24.26333],[89.45265,24.26591],[89.44799,24.26825],[89.44839,24.26309],[89.44279,24.26281],[89.44039,24.26095],[89.43844,24.25573],[89.43936,24.25236],[89.43083,24.2521],[89.42844,24.24833],[89.4246,24.25035],[89.42437,24.25756],[89.4293,24.26701],[89.42691,24.27236],[89.42348,24.27243],[89.42501,24.28045],[89.42058,24.28316],[89.4216,24.2912],[89.41756,24.29269],[89.41784,24.2952],[89.4212,24.29795],[89.41822,24.30199],[89.41906,24.3045],[89.42117,24.30354],[89.42545,24.30705],[89.42354,24.30851],[89.42393,24.31088],[89.41963,24.31145],[89.41938,24.31559],[89.42232,24.31777],[89.41995,24.31865],[89.41718,24.31714],[89.41833,24.32193],[89.41044,24.32337],[89.40721,24.32254],[89.40453,24.31976],[89.4034,24.32239],[89.4015,24.3229],[89.40036,24.32152],[89.39854,24.32361],[89.39891,24.33048],[89.40076,24.33278],[89.39757,24.3376],[89.39558,24.33763],[89.39231,24.33444],[89.38383,24.34087],[89.37967,24.34136],[89.37756,24.3385],[89.37503,24.33831],[89.37841,24.34373],[89.37829,24.34826],[89.37212,24.34909],[89.36605,24.35387],[89.3592,24.35245],[89.35351,24.34827],[89.34986,24.34846],[89.34852,24.34985],[89.3459,24.34916],[89.33891,24.3522],[89.33822,24.34998],[89.33644,24.35108],[89.33604,24.34929],[89.33347,24.34873],[89.33256,24.35092],[89.32185,24.3507],[89.31864,24.35307],[89.31967,24.35085],[89.31735,24.34754],[89.31768,24.34178],[89.31073,24.33566],[89.30711,24.33548],[89.30379,24.33786],[89.29916,24.33547],[89.29688,24.33077],[89.28721,24.3307],[89.28487,24.31754],[89.28779,24.31065],[89.28663,24.30483],[89.28099,24.30668],[89.27668,24.30471],[89.27341,24.29603],[89.26825,24.29564],[89.26547,24.28801],[89.25838,24.28118],[89.25436,24.27296],[89.24845,24.27376],[89.24646,24.27583],[89.24166,24.27564],[89.23844,24.27139],[89.23758,24.26687],[89.23331,24.26664],[89.23182,24.2621],[89.23302,24.25755],[89.23911,24.25706],[89.24078,24.25391],[89.23861,24.2447],[89.23775,24.24298],[89.23168,24.24498],[89.23022,24.24382],[89.22735,24.23478],[89.22216,24.23643],[89.21916,24.23482],[89.22287,24.2246],[89.21982,24.22156],[89.21412,24.21064],[89.20821,24.2068],[89.20449,24.20814],[89.20083,24.20766],[89.19962,24.20468],[89.19578,24.2039],[89.1913,24.19816],[89.18907,24.19799],[89.18584,24.20213],[89.18222,24.20098],[89.18134,24.19907],[89.17503,24.20067],[89.16317,24.18635],[89.16165,24.1788],[89.15605,24.17338],[89.15623,24.17017],[89.14884,24.17076],[89.13852,24.16762],[89.13398,24.16947],[89.13058,24.1687],[89.12622,24.1711],[89.12873,24.16712],[89.11898,24.16614],[89.11715,24.16733],[89.11112,24.16592],[89.10852,24.16009],[89.10236,24.16065],[89.09536,24.15682],[89.09085,24.15845],[89.08645,24.16457],[89.08447,24.16369],[89.08043,24.16629],[89.08174,24.16282],[89.08082,24.15472],[89.06752,24.15],[89.05604,24.1509],[89.05056,24.14695],[89.05011,24.14414],[89.0519,24.14115],[89.04706,24.13907],[89.04146,24.1402],[89.03409,24.14719],[89.03181,24.15636],[89.03276,24.16529],[89.02825,24.16922],[89.025,24.16933],[89.01809,24.16162],[89.01169,24.15973],[89.00699,24.1601],[88.9975,24.15591],[88.99844,24.15339],[89.00471,24.15117],[89.00764,24.1479],[89.01179,24.14883],[89.01454,24.14751],[88.99707,24.14427],[89.01566,24.14373],[89.01265,24.13945],[89.00303,24.14238],[89.00849,24.13647],[89.01031,24.12966],[89.01051,24.12321],[89.00668,24.11812],[89.0137,24.11175],[89.01719,24.10447],[89.02649,24.09174],[89.02748,24.08461],[89.03043,24.07889],[89.03089,24.07149],[89.04813,24.01962],[89.06263,23.99162],[89.06281,23.98737],[89.07276,23.97788],[89.09605,23.97278],[89.09622,23.96471],[89.09862,23.95986],[89.11144,23.95932],[89.12695,23.96217],[89.13201,23.96065],[89.13606,23.95521],[89.14013,23.95334],[89.14254,23.95447],[89.14828,23.95056],[89.15618,23.94981],[89.16059,23.95127],[89.16304,23.94976],[89.17005,23.95099],[89.17982,23.96335],[89.17841,23.96426],[89.17919,23.96687],[89.17748,23.96732],[89.18022,23.97586],[89.1769,23.97615],[89.17609,23.97852],[89.17766,23.98739],[89.19904,23.98709],[89.20878,23.98879],[89.21628,23.98849],[89.21651,23.97154],[89.22022,23.97149],[89.2301,23.976],[89.237,23.97289],[89.23525,23.95672],[89.23587,23.94599],[89.24052,23.93921],[89.24342,23.93917],[89.2437,23.93705],[89.24746,23.93413],[89.25133,23.93375],[89.25284,23.9228],[89.25491,23.91819],[89.25648,23.91558],[89.26001,23.91528],[89.2602,23.91146],[89.26248,23.90971],[89.25913,23.89988],[89.2585,23.88545],[89.26387,23.87866],[89.27099,23.87651],[89.26904,23.8843],[89.27351,23.90133],[89.27515,23.90424],[89.27856,23.90604],[89.2813,23.90428],[89.28365,23.89712],[89.29483,23.89093],[89.30387,23.88878],[89.30472,23.88314],[89.31238,23.87426],[89.33053,23.87928],[89.34715,23.88922],[89.35009,23.88706],[89.35187,23.88264],[89.35434,23.88344],[89.35535,23.88594]]]}},{"type":"Feature","properties":{"ADM2_EN":"Panchagarh","ADM1_EN":"Rangpur"},"geometry":{"type":"Polygon","coordinates":[[[88.73495,26.01468],[88.74018,26.0172],[88.74471,26.02483],[88.74916,26.02565],[88.75469,26.02239],[88.759,26.02475],[88.75952,26.0266],[88.75752,26.02787],[88.75921,26.03266],[88.75771,26.03634],[88.75922,26.03722],[88.75883,26.03389],[88.76117,26.03393],[88.76225,26.04225],[88.7683,26.05035],[88.77431,26.05445],[88.77503,26.05781],[88.7788,26.06235],[88.7754,26.06728],[88.77649,26.07103],[88.77528,26.0731],[88.75766,26.08464],[88.75819,26.08572],[88.76339,26.08539],[88.76723,26.08779],[88.77327,26.09985],[88.77434,26.10585],[88.78213,26.11273],[88.7892,26.12353],[88.78925,26.1304],[88.78355,26.13258],[88.78347,26.14579],[88.78607,26.14768],[88.78433,26.15733],[88.77901,26.16522],[88.78173,26.17755],[88.77578,26.18056],[88.78252,26.18162],[88.79352,26.18881],[88.79783,26.20338],[88.79755,26.20626],[88.79031,26.2054],[88.79062,26.2076],[88.79612,26.21147],[88.79747,26.21479],[88.79006,26.23039],[88.78534,26.23252],[88.7818,26.23688],[88.77617,26.23938],[88.76292,26.23612],[88.7622,26.24537],[88.75811,26.26142],[88.76347,26.26884],[88.76641,26.28655],[88.76379,26.29286],[88.75826,26.29783],[88.75926,26.30414],[88.75656,26.31057],[88.74663,26.31111],[88.74322,26.29932],[88.74078,26.29569],[88.74537,26.29357],[88.74506,26.29075],[88.73732,26.29156],[88.73691,26.29371],[88.72966,26.29469],[88.73051,26.2913],[88.72833,26.28934],[88.72647,26.29024],[88.72757,26.29292],[88.71975,26.2931],[88.72168,26.28985],[88.72106,26.28778],[88.7237,26.28625],[88.72195,26.28293],[88.70455,26.28186],[88.69579,26.27954],[88.6961,26.27737],[88.69178,26.27156],[88.69243,26.26913],[88.69009,26.26861],[88.69003,26.26673],[88.68739,26.26627],[88.68597,26.26766],[88.68459,26.26575],[88.68626,26.26317],[88.68317,26.26092],[88.67943,26.25901],[88.67674,26.26477],[88.67466,26.26345],[88.67007,26.26404],[88.66621,26.26274],[88.66745,26.26663],[88.67181,26.26697],[88.67215,26.26857],[88.67204,26.27233],[88.66761,26.27204],[88.6668,26.27387],[88.66735,26.27817],[88.66962,26.28086],[88.66566,26.28486],[88.66617,26.28932],[88.66964,26.28965],[88.66798,26.29727],[88.67473,26.29853],[88.67478,26.29735],[88.68067,26.29528],[88.68039,26.29249],[88.68425,26.29226],[88.68564,26.28857],[88.68718,26.28832],[88.68153,26.28716],[88.6827,26.28353],[88.6862,26.28212],[88.68804,26.28218],[88.68779,26.28519],[88.69034,26.28572],[88.69044,26.28371],[88.69543,26.28278],[88.69683,26.28492],[88.70146,26.28437],[88.70131,26.28583],[88.70461,26.2858],[88.70552,26.28846],[88.70939,26.28887],[88.70578,26.28909],[88.70648,26.29149],[88.70264,26.29258],[88.69978,26.29237],[88.69981,26.29142],[88.70267,26.29177],[88.70042,26.28948],[88.69217,26.2906],[88.69482,26.29145],[88.69325,26.29555],[88.68968,26.29434],[88.68474,26.2952],[88.68244,26.2985],[88.6846,26.30151],[88.6816,26.30254],[88.68013,26.30153],[88.67824,26.30437],[88.67872,26.30793],[88.68302,26.30856],[88.6825,26.31261],[88.68077,26.31163],[88.67791,26.31464],[88.67847,26.31344],[88.67524,26.31145],[88.67591,26.31349],[88.67455,26.31435],[88.67615,26.31652],[88.67507,26.32017],[88.67822,26.32026],[88.67927,26.32225],[88.6897,26.32313],[88.69095,26.32898],[88.69569,26.32882],[88.69675,26.32585],[88.69223,26.3257],[88.68985,26.32344],[88.69236,26.32169],[88.69088,26.31851],[88.69321,26.31408],[88.6964,26.31443],[88.69719,26.31222],[88.69886,26.31446],[88.7063,26.31478],[88.71498,26.31806],[88.71905,26.31577],[88.71919,26.31225],[88.72082,26.31439],[88.72599,26.31564],[88.72627,26.31762],[88.73116,26.31848],[88.73058,26.32375],[88.74645,26.32247],[88.74868,26.33202],[88.74571,26.33253],[88.73994,26.32946],[88.73383,26.32859],[88.73594,26.33406],[88.74273,26.33679],[88.74399,26.33858],[88.74255,26.3442],[88.74424,26.3447],[88.74444,26.34347],[88.74582,26.34717],[88.74392,26.34883],[88.73629,26.34955],[88.73596,26.3521],[88.73754,26.35339],[88.7332,26.35393],[88.73291,26.35044],[88.73516,26.35011],[88.73586,26.34808],[88.72958,26.34813],[88.72927,26.34472],[88.72631,26.34423],[88.72608,26.34137],[88.72426,26.34123],[88.72378,26.34303],[88.71278,26.34373],[88.71236,26.33783],[88.7104,26.33729],[88.71009,26.33477],[88.70464,26.33258],[88.70271,26.33449],[88.70318,26.33775],[88.70159,26.33889],[88.70415,26.33995],[88.70394,26.34199],[88.69853,26.34124],[88.69798,26.34379],[88.69506,26.34424],[88.69405,26.34687],[88.6971,26.34808],[88.69851,26.35687],[88.69378,26.35651],[88.69145,26.36005],[88.69623,26.36204],[88.69491,26.36366],[88.68914,26.36376],[88.68763,26.37162],[88.6853,26.37477],[88.68657,26.3789],[88.68127,26.378],[88.68103,26.38022],[88.68259,26.38056],[88.68286,26.38239],[88.70212,26.38585],[88.70225,26.38855],[88.69877,26.39021],[88.69409,26.38766],[88.68738,26.38691],[88.68771,26.39165],[88.68593,26.39022],[88.68573,26.39152],[88.68962,26.39498],[88.68848,26.39603],[88.68363,26.39361],[88.67812,26.39353],[88.67807,26.39569],[88.67417,26.39541],[88.6703,26.39779],[88.67687,26.39912],[88.67574,26.40114],[88.67902,26.4021],[88.67898,26.40056],[88.68086,26.40058],[88.68159,26.40216],[88.68736,26.40107],[88.6856,26.40553],[88.68669,26.40612],[88.68422,26.40578],[88.6835,26.40759],[88.68561,26.40839],[88.68394,26.40879],[88.68569,26.41268],[88.68343,26.41156],[88.68357,26.41379],[88.68043,26.41381],[88.6817,26.40804],[88.67948,26.40869],[88.67953,26.41173],[88.67788,26.40782],[88.66774,26.40731],[88.66767,26.40964],[88.66485,26.41023],[88.66383,26.40897],[88.66277,26.40996],[88.66039,26.41641],[88.65049,26.41562],[88.65032,26.41751],[88.64677,26.41704],[88.64653,26.41867],[88.6444,26.41883],[88.65101,26.42176],[88.64976,26.42969],[88.63824,26.42956],[88.63513,26.43206],[88.63078,26.43151],[88.63043,26.43474],[88.62787,26.43358],[88.62373,26.43486],[88.62313,26.43838],[88.62492,26.44048],[88.62824,26.44112],[88.62285,26.47116],[88.59395,26.47084],[88.59585,26.46928],[88.59459,26.45231],[88.59307,26.4523],[88.59255,26.44874],[88.59031,26.44891],[88.59186,26.44968],[88.59031,26.45134],[88.58428,26.45039],[88.58451,26.45416],[88.58291,26.45572],[88.55996,26.45711],[88.55783,26.45896],[88.56284,26.45916],[88.56273,26.46046],[88.55987,26.46124],[88.55932,26.46425],[88.56253,26.46562],[88.56238,26.46747],[88.55776,26.46672],[88.55805,26.47101],[88.56012,26.47256],[88.55399,26.47186],[88.55683,26.47488],[88.55232,26.47556],[88.55646,26.48487],[88.52645,26.48149],[88.52764,26.48457],[88.52415,26.48487],[88.52793,26.48617],[88.52283,26.4868],[88.52467,26.49167],[88.51863,26.50133],[88.52282,26.5063],[88.52135,26.51059],[88.51373,26.51068],[88.51004,26.51272],[88.50804,26.51628],[88.50556,26.51643],[88.5,26.51573],[88.50036,26.51375],[88.4897,26.51044],[88.48758,26.52661],[88.48863,26.53062],[88.4825,26.53113],[88.48353,26.54107],[88.48047,26.54109],[88.4739,26.5445],[88.46253,26.54387],[88.46155,26.54722],[88.45884,26.54723],[88.45736,26.54494],[88.45838,26.54033],[88.45513,26.53909],[88.45643,26.53699],[88.44817,26.53538],[88.4433,26.53938],[88.44302,26.54408],[88.43725,26.54414],[88.43124,26.55016],[88.42112,26.5711],[88.42253,26.58286],[88.41938,26.59205],[88.4198,26.5992],[88.41691,26.61219],[88.41798,26.62165],[88.41455,26.62251],[88.41605,26.6317],[88.41513,26.63326],[88.41055,26.63451],[88.39836,26.62594],[88.39626,26.61998],[88.3905,26.61629],[88.38766,26.61204],[88.39023,26.60769],[88.39827,26.60618],[88.39847,26.60373],[88.37963,26.59825],[88.37591,26.59427],[88.37396,26.57919],[88.37009,26.5755],[88.37157,26.56765],[88.37084,26.56067],[88.36586,26.55634],[88.36527,26.5521],[88.35737,26.54267],[88.35938,26.53029],[88.35188,26.52326],[88.35303,26.51604],[88.34873,26.50759],[88.33595,26.49956],[88.33206,26.4932],[88.33116,26.48463],[88.33439,26.48164],[88.33372,26.47881],[88.34068,26.47844],[88.34046,26.4691],[88.34703,26.4684],[88.34826,26.46001],[88.35326,26.45138],[88.35208,26.44815],[88.35489,26.44711],[88.35691,26.45244],[88.36149,26.45517],[88.35899,26.4568],[88.36097,26.46146],[88.36035,26.4644],[88.36603,26.47085],[88.3619,26.47432],[88.36268,26.47789],[88.36183,26.48064],[88.36048,26.48075],[88.36054,26.48474],[88.36331,26.48701],[88.37114,26.48826],[88.3744,26.48852],[88.37557,26.48408],[88.3862,26.48293],[88.38768,26.47894],[88.40124,26.48323],[88.40234,26.48544],[88.40492,26.48589],[88.40495,26.48066],[88.40861,26.47957],[88.41014,26.47504],[88.41249,26.47423],[88.41531,26.46931],[88.41863,26.4694],[88.41952,26.4659],[88.42245,26.46606],[88.42134,26.46866],[88.42293,26.46992],[88.42277,26.47278],[88.42839,26.47302],[88.43042,26.47045],[88.43373,26.47228],[88.434,26.4681],[88.43707,26.46608],[88.45815,26.46673],[88.4852,26.46035],[88.48424,26.45669],[88.48008,26.45514],[88.47884,26.45263],[88.48136,26.45051],[88.48644,26.45067],[88.48659,26.4454],[88.49077,26.44408],[88.49108,26.44046],[88.49616,26.4372],[88.49559,26.43337],[88.48993,26.43207],[88.48978,26.42972],[88.49609,26.42794],[88.49817,26.4256],[88.49817,26.42428],[88.49413,26.42249],[88.49393,26.41886],[88.49606,26.41712],[88.50266,26.41759],[88.4961,26.4116],[88.4956,26.40953],[88.50033,26.40783],[88.5015,26.40387],[88.50309,26.40313],[88.50663,26.40698],[88.50888,26.4073],[88.51049,26.40413],[88.50964,26.40108],[88.50573,26.40039],[88.50482,26.39898],[88.51325,26.38746],[88.5167,26.39029],[88.51909,26.3901],[88.51564,26.3856],[88.51283,26.3773],[88.51732,26.37067],[88.52433,26.37538],[88.52217,26.36723],[88.51528,26.36511],[88.51654,26.36254],[88.52124,26.36328],[88.52321,26.36159],[88.52119,26.35846],[88.51773,26.35665],[88.51852,26.35185],[88.50927,26.35273],[88.50996,26.35052],[88.50753,26.35119],[88.50713,26.34885],[88.50561,26.34866],[88.50381,26.34962],[88.50571,26.3508],[88.50544,26.35643],[88.50701,26.35655],[88.5077,26.36263],[88.50567,26.3637],[88.50367,26.36036],[88.49684,26.35904],[88.48832,26.36036],[88.49186,26.3515],[88.48826,26.35066],[88.48838,26.34893],[88.48355,26.34967],[88.48023,26.35073],[88.48016,26.3533],[88.47727,26.35397],[88.47734,26.3578],[88.47412,26.35801],[88.47286,26.3565],[88.46828,26.3587],[88.46316,26.35736],[88.46241,26.36082],[88.45856,26.36219],[88.4594,26.36404],[88.4573,26.36451],[88.46002,26.36967],[88.4599,26.37114],[88.45745,26.37146],[88.45912,26.37438],[88.45902,26.37705],[88.45765,26.37676],[88.45627,26.37197],[88.45163,26.37048],[88.45078,26.36681],[88.44646,26.36503],[88.44259,26.35293],[88.43915,26.35023],[88.44074,26.34956],[88.43684,26.3417],[88.43871,26.34133],[88.43639,26.34022],[88.43555,26.33586],[88.42455,26.33637],[88.42453,26.33523],[88.4138,26.33736],[88.41079,26.33559],[88.41243,26.33524],[88.40993,26.33293],[88.40905,26.33372],[88.40458,26.32995],[88.40373,26.32821],[88.4079,26.3278],[88.40698,26.32375],[88.41561,26.32444],[88.41652,26.32176],[88.41496,26.31519],[88.39827,26.31712],[88.39748,26.3155],[88.39511,26.31606],[88.38998,26.3129],[88.38872,26.31518],[88.38737,26.31292],[88.38418,26.31272],[88.3844,26.3109],[88.38326,26.31183],[88.38345,26.30865],[88.37943,26.30963],[88.37868,26.30591],[88.37596,26.30617],[88.37703,26.30496],[88.37595,26.30483],[88.37314,26.30586],[88.37487,26.3045],[88.37306,26.30289],[88.37313,26.30568],[88.37151,26.30599],[88.36822,26.29951],[88.36384,26.30007],[88.36378,26.29412],[88.35519,26.2854],[88.35341,26.28686],[88.35196,26.28473],[88.35264,26.28219],[88.3496,26.28231],[88.35058,26.27954],[88.34923,26.27788],[88.35182,26.27596],[88.34886,26.27411],[88.35011,26.27166],[88.34816,26.26847],[88.3519,26.26761],[88.34951,26.26516],[88.3514,26.26391],[88.34825,26.25495],[88.34959,26.25182],[88.34826,26.25045],[88.35101,26.25058],[88.35405,26.24791],[88.35339,26.24692],[88.35072,26.24845],[88.34977,26.24768],[88.3516,26.24563],[88.35922,26.24294],[88.35873,26.2398],[88.35435,26.23829],[88.35573,26.23252],[88.35115,26.23044],[88.35096,26.22834],[88.35324,26.22688],[88.34935,26.22592],[88.35127,26.22182],[88.35012,26.22033],[88.34781,26.22198],[88.33977,26.21766],[88.33329,26.21602],[88.33116,26.21714],[88.3311,26.21282],[88.32868,26.2136],[88.32652,26.21074],[88.32306,26.21034],[88.32573,26.2063],[88.32139,26.20437],[88.32302,26.20116],[88.32574,26.20062],[88.32838,26.19792],[88.32963,26.19303],[88.3338,26.19148],[88.33067,26.185],[88.33514,26.18725],[88.3407,26.18725],[88.34141,26.18942],[88.34344,26.18981],[88.34756,26.18826],[88.35193,26.18207],[88.35726,26.18054],[88.36268,26.18191],[88.37016,26.17901],[88.37585,26.1844],[88.38381,26.18213],[88.38514,26.18358],[88.38447,26.18536],[88.38739,26.19134],[88.3851,26.19263],[88.38561,26.20117],[88.39158,26.20143],[88.39936,26.19842],[88.40092,26.19952],[88.40464,26.19484],[88.40817,26.19513],[88.41545,26.19779],[88.4105,26.19953],[88.41175,26.20154],[88.40906,26.20287],[88.40946,26.20403],[88.41311,26.20289],[88.41692,26.20404],[88.42091,26.20102],[88.42677,26.20225],[88.43157,26.20138],[88.43096,26.19995],[88.43492,26.19883],[88.43339,26.19554],[88.439,26.19905],[88.44328,26.19694],[88.44672,26.19761],[88.44845,26.19596],[88.4517,26.19844],[88.45649,26.19784],[88.4593,26.19711],[88.45731,26.1938],[88.45986,26.19309],[88.46609,26.19392],[88.46689,26.19831],[88.47334,26.19761],[88.46857,26.20154],[88.4775,26.20382],[88.48057,26.20228],[88.4818,26.20374],[88.48314,26.20197],[88.48841,26.20341],[88.49711,26.20175],[88.49873,26.20348],[88.50373,26.20299],[88.50221,26.20143],[88.50616,26.20175],[88.5087,26.19947],[88.51302,26.20145],[88.51311,26.19856],[88.51667,26.20098],[88.52055,26.19364],[88.5191,26.19001],[88.52107,26.18689],[88.52198,26.18036],[88.52646,26.18008],[88.52853,26.18257],[88.53056,26.1828],[88.53423,26.17854],[88.53769,26.17997],[88.53679,26.18403],[88.54184,26.18519],[88.54584,26.18945],[88.548,26.18918],[88.54811,26.18454],[88.54452,26.18152],[88.54875,26.17789],[88.55302,26.17769],[88.55635,26.17974],[88.55618,26.17729],[88.55788,26.17573],[88.55691,26.1741],[88.55884,26.17307],[88.5624,26.17583],[88.56368,26.17535],[88.56246,26.17285],[88.56404,26.17194],[88.55972,26.17078],[88.5595,26.16563],[88.56583,26.16425],[88.56684,26.15676],[88.56904,26.15866],[88.57116,26.15487],[88.57092,26.15173],[88.57317,26.15118],[88.57267,26.14963],[88.57731,26.14974],[88.57787,26.15168],[88.58162,26.14828],[88.58535,26.15035],[88.58601,26.14124],[88.58756,26.14332],[88.59679,26.14401],[88.60766,26.14005],[88.61323,26.13489],[88.62197,26.13064],[88.62127,26.12636],[88.62706,26.12107],[88.62756,26.11663],[88.63038,26.1163],[88.63285,26.11042],[88.63837,26.10791],[88.63427,26.10423],[88.6368,26.10483],[88.63882,26.10273],[88.64116,26.1027],[88.64162,26.09201],[88.64552,26.09197],[88.64653,26.08267],[88.64508,26.08024],[88.64384,26.08196],[88.64263,26.0797],[88.63653,26.07911],[88.63628,26.07562],[88.63766,26.07443],[88.63383,26.07275],[88.6369,26.07247],[88.63591,26.07114],[88.63787,26.07038],[88.63556,26.0675],[88.63357,26.06796],[88.63289,26.06489],[88.6345,26.06352],[88.62951,26.06156],[88.62676,26.05593],[88.62987,26.04936],[88.64602,26.04301],[88.65453,26.02928],[88.6615,26.02257],[88.66362,26.01694],[88.66959,26.01313],[88.69957,26.01571],[88.70032,26.00781],[88.70653,26.00635],[88.71249,26.00882],[88.71372,26.00662],[88.71553,26.00814],[88.71969,26.00819],[88.7199,26.01133],[88.72572,26.01625],[88.73007,26.01706],[88.73495,26.01468]]]}},{"type":"Feature","properties":{"ADM2_EN":"Patuakhali","ADM1_EN":"Barisal"},"geometry":{"type":"MultiPolygon","coordinates":[[[[90.47753,21.76919],[90.47994,21.77053],[90.4797,21.77622],[90.4768,21.78153],[90.47512,21.78192],[90.47119,21.77796],[90.47036,21.77423],[90.47403,21.76987],[90.47753,21.76919]]],[[[90.38345,21.78775],[90.39244,21.79633],[90.39134,21.8058],[90.3898,21.80528],[90.38249,21.79239],[90.37834,21.7892],[90.38345,21.78775]]],[[[90.48002,21.80127],[90.48018,21.8037],[90.47561,21.80845],[90.47717,21.81461],[90.4724,21.81941],[90.46963,21.81961],[90.46683,21.81718],[90.46497,21.81197],[90.46174,21.80945],[90.46143,21.80677],[90.47547,21.80396],[90.48002,21.80127]]],[[[90.38092,21.85421],[90.37596,21.85652],[90.36837,21.85414],[90.37293,21.85308],[90.36616,21.84258],[90.366,21.83976],[90.36876,21.83607],[90.37713,21.83576],[90.38389,21.83747],[90.38383,21.84053],[90.38051,21.8445],[90.3826,21.85014],[90.38092,21.85421]]],[[[90.43478,21.83172],[90.45748,21.83879],[90.45984,21.84088],[90.45836,21.85709],[90.45576,21.8603],[90.43287,21.84612],[90.43008,21.83566],[90.43478,21.83172]]],[[[90.54129,21.85359],[90.53449,21.85806],[90.52191,21.86145],[90.50223,21.85993],[90.49782,21.85813],[90.48102,21.84245],[90.47574,21.82549],[90.47752,21.81965],[90.48149,21.81467],[90.48722,21.81174],[90.49704,21.81061],[90.49966,21.81151],[90.51563,21.82413],[90.52255,21.82702],[90.52975,21.83575],[90.53413,21.84377],[90.54404,21.85153],[90.54871,21.85237],[90.55051,21.85461],[90.54129,21.85359]]],[[[90.41925,21.85531],[90.43148,21.8604],[90.43653,21.86904],[90.43448,21.86909],[90.43439,21.86541],[90.42348,21.86319],[90.41445,21.85934],[90.41521,21.85546],[90.41925,21.85531]]],[[[90.55308,21.8639],[90.55093,21.87065],[90.52717,21.88708],[90.51668,21.8819],[90.50356,21.86617],[90.51134,21.86375],[90.52591,21.86332],[90.54814,21.85737],[90.55729,21.85949],[90.5576,21.86112],[90.55308,21.8639]]],[[[90.46845,21.84916],[90.48205,21.85724],[90.47981,21.86887],[90.48645,21.87224],[90.48542,21.88558],[90.48389,21.8886],[90.48097,21.88665],[90.46522,21.86389],[90.46413,21.85266],[90.46561,21.85007],[90.46845,21.84916]]],[[[90.40743,21.87619],[90.41647,21.88434],[90.41808,21.89265],[90.41444,21.89252],[90.40787,21.88761],[90.40605,21.87743],[90.40605,21.87609],[90.40743,21.87619]]],[[[90.09031,21.87386],[90.10132,21.88516],[90.1085,21.89581],[90.0975,21.88629],[90.09031,21.87386]]],[[[90.49287,21.87557],[90.50347,21.88338],[90.51162,21.89196],[90.50534,21.90474],[90.50011,21.91054],[90.49193,21.90254],[90.48828,21.89112],[90.48913,21.87687],[90.49287,21.87557]]],[[[90.42415,21.88205],[90.43537,21.88355],[90.45117,21.89072],[90.45436,21.89468],[90.45969,21.9115],[90.45702,21.91155],[90.43834,21.90214],[90.42732,21.89925],[90.4226,21.89663],[90.41733,21.88154],[90.41963,21.88024],[90.42415,21.88205]]],[[[90.47521,21.90215],[90.48377,21.91308],[90.48644,21.92129],[90.48357,21.9202],[90.47635,21.90889],[90.47424,21.90359],[90.47521,21.90215]]],[[[90.11033,21.89838],[90.11432,21.90423],[90.11113,21.91905],[90.11469,21.92582],[90.11059,21.92244],[90.10791,21.91549],[90.11033,21.89838]]],[[[90.13332,21.9288],[90.14462,21.92973],[90.14147,21.93572],[90.14283,21.93145],[90.13332,21.9288]]],[[[90.61003,21.96356],[90.60695,21.92382],[90.61267,21.9337],[90.61481,21.94346],[90.61466,21.95986],[90.61003,21.96356]]],[[[90.5437,21.97934],[90.54964,21.98369],[90.55041,21.98598],[90.54534,21.98514],[90.54294,21.98077],[90.5437,21.97934]]],[[[90.58729,21.98394],[90.5757,21.98474],[90.56808,21.98812],[90.56271,21.98594],[90.52985,21.95703],[90.5194,21.94449],[90.50881,21.9285],[90.50669,21.91608],[90.50785,21.90977],[90.51713,21.89152],[90.52607,21.89068],[90.53568,21.88635],[90.55682,21.88083],[90.56998,21.8804],[90.57703,21.8831],[90.57862,21.88802],[90.57771,21.89314],[90.57992,21.89428],[90.58183,21.90297],[90.589,21.92107],[90.60179,21.96757],[90.58682,21.97425],[90.58467,21.97684],[90.58729,21.98394]]],[[[90.30049,21.95369],[90.3043,21.97524],[90.29789,21.9873],[90.29436,21.99066],[90.28823,21.98919],[90.27255,21.97812],[90.2669,21.96866],[90.26372,21.95743],[90.25992,21.95266],[90.25449,21.95071],[90.2477,21.95297],[90.23831,21.96172],[90.23023,21.97599],[90.22337,21.98044],[90.21008,21.98364],[90.1999,21.97892],[90.17424,21.97517],[90.16925,21.97594],[90.16085,21.98169],[90.15905,21.98116],[90.13668,21.95642],[90.13739,21.95015],[90.14727,21.93571],[90.1467,21.92868],[90.14328,21.925],[90.13959,21.92352],[90.12328,21.92554],[90.11723,21.92478],[90.1163,21.91933],[90.11906,21.90322],[90.12233,21.90307],[90.13078,21.898],[90.14228,21.89722],[90.14733,21.89502],[90.14826,21.90156],[90.15731,21.91108],[90.16197,21.91203],[90.17175,21.90891],[90.17933,21.92683],[90.18208,21.92884],[90.18987,21.93036],[90.19336,21.93336],[90.19509,21.94402],[90.19742,21.94731],[90.19853,21.94608],[90.19634,21.93372],[90.18926,21.92775],[90.18199,21.92662],[90.17554,21.90969],[90.1727,21.90663],[90.16724,21.90617],[90.16054,21.91028],[90.15051,21.90135],[90.15103,21.89512],[90.14886,21.89257],[90.14485,21.89268],[90.13862,21.89549],[90.12852,21.89566],[90.12195,21.89925],[90.11797,21.8994],[90.11047,21.87853],[90.09991,21.86814],[90.09156,21.86711],[90.08956,21.86565],[90.08541,21.8588],[90.08284,21.85028],[90.08548,21.83927],[90.09958,21.82347],[90.10628,21.81946],[90.12827,21.80984],[90.15903,21.80113],[90.17658,21.79956],[90.1783,21.79753],[90.18214,21.79737],[90.21948,21.80621],[90.22641,21.81415],[90.23415,21.81788],[90.2365,21.82379],[90.25865,21.84404],[90.25987,21.85221],[90.26663,21.86922],[90.26416,21.87673],[90.26729,21.87572],[90.27351,21.89092],[90.2777,21.8967],[90.29558,21.93539],[90.30049,21.95369]]],[[[90.55773,21.99376],[90.56152,21.99513],[90.56539,22.0002],[90.56657,22.00716],[90.56565,22.00917],[90.5618,22.00703],[90.55461,21.99787],[90.55445,21.99465],[90.55773,21.99376]]],[[[90.58245,22.02254],[90.57823,22.02031],[90.57404,22.01386],[90.56714,21.99273],[90.57266,21.98926],[90.58983,21.98687],[90.59244,21.99061],[90.5927,21.99605],[90.58245,22.02254]]],[[[90.34998,22.04499],[90.34917,22.05151],[90.34474,22.04877],[90.343,22.04435],[90.3467,22.04052],[90.34998,22.04499]]],[[[90.36683,22.04125],[90.37338,22.0456],[90.37705,22.0518],[90.36878,22.04931],[90.36594,22.04376],[90.36581,22.04125],[90.36683,22.04125]]],[[[90.38823,22.0372],[90.39126,22.04466],[90.3809,22.05353],[90.37376,22.04404],[90.36458,22.03618],[90.35297,22.00859],[90.33954,21.99129],[90.35173,21.99999],[90.37011,22.01841],[90.38586,22.0369],[90.38605,22.03487],[90.38823,22.0372]]],[[[90.48448,21.98762],[90.48082,22.00347],[90.47877,22.0327],[90.46616,22.05427],[90.46179,22.05406],[90.44327,22.04586],[90.41914,22.03282],[90.39722,22.00983],[90.35611,21.97913],[90.35321,21.96631],[90.33905,21.94648],[90.33543,21.93478],[90.32186,21.9058],[90.3068,21.88317],[90.30709,21.87437],[90.31339,21.85452],[90.32081,21.84905],[90.32664,21.84684],[90.3353,21.84654],[90.34985,21.84938],[90.35805,21.85156],[90.36246,21.8548],[90.37499,21.86835],[90.37654,21.87437],[90.36572,21.88721],[90.35553,21.91032],[90.35508,21.91556],[90.35733,21.9156],[90.3717,21.88506],[90.38427,21.87299],[90.39091,21.87249],[90.39318,21.87069],[90.3905,21.86681],[90.38568,21.86376],[90.38655,21.8629],[90.39142,21.86494],[90.40082,21.88555],[90.40861,21.894],[90.46452,21.91885],[90.48383,21.93675],[90.49368,21.95],[90.49838,21.96025],[90.49791,21.96371],[90.48851,21.97812],[90.48448,21.98762]]],[[[90.46948,22.05446],[90.46911,22.05727],[90.46801,22.05524],[90.46948,22.05446]]],[[[90.39106,22.03922],[90.40727,22.05884],[90.39808,22.05313],[90.39281,22.04603],[90.39106,22.03922]]],[[[90.44423,22.05447],[90.44821,22.05882],[90.44727,22.06342],[90.44393,22.062],[90.44288,22.05591],[90.44423,22.05447]]],[[[90.48454,22.032],[90.48198,22.0353],[90.47862,22.04547],[90.48039,22.05592],[90.48048,22.06417],[90.47913,22.06477],[90.475,22.05474],[90.47511,22.0508],[90.4809,22.03679],[90.48377,22.03201],[90.48454,22.032]]],[[[90.45199,22.05648],[90.45635,22.0582],[90.46015,22.06267],[90.45844,22.06787],[90.45125,22.0658],[90.4509,22.05666],[90.45199,22.05648]]],[[[90.39928,22.05519],[90.4093,22.06132],[90.42606,22.07578],[90.42406,22.07846],[90.40791,22.08113],[90.39541,22.08595],[90.39254,22.08581],[90.38153,22.07235],[90.36544,22.06144],[90.34016,22.02227],[90.3402,22.01212],[90.34242,22.00279],[90.34722,22.00349],[90.35166,22.01042],[90.36798,22.04964],[90.38197,22.05499],[90.38389,22.05439],[90.38638,22.04942],[90.39233,22.04744],[90.39928,22.05519]]],[[[90.50045,22.13424],[90.50538,22.13631],[90.50555,22.13989],[90.49831,22.13834],[90.49845,22.13482],[90.50045,22.13424]]],[[[90.38966,22.13112],[90.39649,22.1345],[90.39703,22.14186],[90.39004,22.1392],[90.38771,22.13256],[90.38966,22.13112]]],[[[90.58555,22.18478],[90.57551,22.18324],[90.56687,22.17925],[90.56671,22.17825],[90.57004,22.17843],[90.56713,22.17442],[90.54737,22.1557],[90.53865,22.13536],[90.50121,22.09392],[90.49048,22.08472],[90.48513,22.07374],[90.48113,22.04928],[90.48739,22.03453],[90.48761,22.02574],[90.49276,22.02582],[90.50457,22.0298],[90.50549,22.02889],[90.50031,22.02539],[90.48843,22.02131],[90.48565,22.01797],[90.48469,22.01377],[90.5019,21.97246],[90.50405,21.95888],[90.51014,21.96273],[90.51923,21.97484],[90.5312,21.99613],[90.53975,22.00508],[90.54273,22.00566],[90.54241,22.00783],[90.55286,22.01719],[90.55868,22.02461],[90.56063,22.02386],[90.57622,22.05009],[90.57856,22.05148],[90.57982,22.06871],[90.58585,22.08736],[90.58565,22.10638],[90.58097,22.12132],[90.58381,22.12837],[90.58466,22.14019],[90.57257,22.1468],[90.57002,22.15168],[90.57621,22.16225],[90.58555,22.18478]]],[[[90.53905,22.17608],[90.54272,22.17995],[90.54517,22.19912],[90.5439,22.20098],[90.53821,22.18991],[90.53663,22.17973],[90.53713,22.17686],[90.53905,22.17608]]],[[[90.56747,22.20313],[90.57225,22.20578],[90.57463,22.20906],[90.57824,22.22853],[90.56758,22.20891],[90.56627,22.20395],[90.56747,22.20313]]],[[[90.57001,22.19229],[90.57316,22.19431],[90.58534,22.21016],[90.58932,22.2286],[90.58723,22.23889],[90.57802,22.23471],[90.57935,22.22536],[90.57566,22.20912],[90.56773,22.2006],[90.56624,22.19636],[90.56648,22.19278],[90.57001,22.19229]]],[[[90.62154,22.24348],[90.60114,22.24323],[90.58896,22.2407],[90.59204,22.2272],[90.58601,22.20504],[90.58088,22.19942],[90.57741,22.19116],[90.58676,22.18904],[90.59257,22.20097],[90.60162,22.21112],[90.62154,22.24348]]],[[[90.64876,22.28623],[90.65178,22.28759],[90.6525,22.28944],[90.64958,22.30415],[90.64644,22.30512],[90.63546,22.28508],[90.6179,22.26932],[90.61414,22.26383],[90.61336,22.25995],[90.6174,22.25916],[90.62267,22.26081],[90.62326,22.26308],[90.63022,22.26867],[90.64413,22.28535],[90.6451,22.28588],[90.64502,22.28343],[90.64876,22.28623]]],[[[90.61021,22.47257],[90.61121,22.47833],[90.60903,22.48341],[90.60672,22.47561],[90.60106,22.46607],[90.61021,22.47257]]],[[[90.14742,21.97477],[90.15367,21.98212],[90.15882,21.98422],[90.16605,21.9834],[90.17263,21.97737],[90.1812,21.98061],[90.19742,21.98179],[90.21037,21.98588],[90.21385,21.98578],[90.22696,21.98034],[90.23224,21.97557],[90.23995,21.96478],[90.25355,21.95454],[90.25678,21.95363],[90.2606,21.96801],[90.26471,21.97642],[90.28381,21.99274],[90.28035,22.00398],[90.27171,22.01662],[90.27013,22.02059],[90.27172,22.02125],[90.28401,22.00366],[90.28702,21.99367],[90.29783,21.99202],[90.30208,21.98843],[90.30447,21.98187],[90.30755,21.98225],[90.31105,21.98793],[90.32384,22.02066],[90.33164,22.04689],[90.34388,22.06135],[90.35936,22.06943],[90.36165,22.06835],[90.36359,22.07178],[90.37439,22.07878],[90.37768,22.08288],[90.3781,22.08656],[90.374,22.10579],[90.37469,22.11416],[90.3764,22.12056],[90.38552,22.13734],[90.39854,22.14756],[90.39585,22.1646],[90.39943,22.17343],[90.40458,22.1773],[90.41932,22.18324],[90.42774,22.18855],[90.42774,22.18684],[90.43416,22.18674],[90.4331,22.19094],[90.43672,22.19113],[90.43208,22.18154],[90.42701,22.17898],[90.40935,22.17466],[90.4042,22.16953],[90.4063,22.15172],[90.40509,22.14281],[90.40091,22.13336],[90.38913,22.12268],[90.38722,22.1191],[90.38702,22.10294],[90.39109,22.08916],[90.39586,22.0891],[90.40785,22.08348],[90.42554,22.08262],[90.43204,22.07787],[90.44592,22.08854],[90.46507,22.10914],[90.48806,22.13958],[90.49714,22.1547],[90.49757,22.16025],[90.49301,22.17465],[90.49116,22.1871],[90.48472,22.1983],[90.48388,22.20643],[90.49552,22.21159],[90.49886,22.21385],[90.50015,22.21745],[90.50102,22.21665],[90.50043,22.21361],[90.4954,22.20953],[90.48507,22.20541],[90.49442,22.18557],[90.49621,22.1734],[90.50342,22.16649],[90.51844,22.17648],[90.52443,22.19855],[90.53295,22.21148],[90.55517,22.2343],[90.58984,22.26129],[90.60179,22.28228],[90.61573,22.3245],[90.61441,22.31121],[90.63084,22.31199],[90.626,22.30853],[90.61809,22.29508],[90.61664,22.28318],[90.61762,22.27405],[90.63193,22.28414],[90.63567,22.28879],[90.64618,22.30668],[90.64335,22.31392],[90.66069,22.31747],[90.66249,22.34022],[90.66072,22.35585],[90.65824,22.36603],[90.65688,22.38386],[90.64315,22.38097],[90.64088,22.41211],[90.63981,22.41536],[90.6303,22.42488],[90.62223,22.44672],[90.63162,22.42536],[90.63981,22.41821],[90.64351,22.43524],[90.64456,22.4519],[90.63447,22.45997],[90.63235,22.46298],[90.62567,22.47106],[90.61754,22.47581],[90.59568,22.44713],[90.59093,22.43099],[90.59178,22.42482],[90.59687,22.42352],[90.61496,22.40711],[90.616,22.40475],[90.60789,22.40412],[90.58995,22.42012],[90.5863,22.42841],[90.58684,22.4394],[90.59117,22.45459],[90.59609,22.45997],[90.59579,22.46158],[90.60501,22.47706],[90.60461,22.47911],[90.5956,22.48816],[90.59226,22.49954],[90.58765,22.50819],[90.5926,22.50082],[90.598,22.48648],[90.60633,22.47963],[90.60947,22.48717],[90.60558,22.49985],[90.59662,22.51576],[90.58548,22.52562],[90.58206,22.53398],[90.58679,22.52623],[90.59053,22.52371],[90.59094,22.53025],[90.57772,22.54285],[90.55062,22.55579],[90.53937,22.56334],[90.52129,22.5591],[90.51547,22.55968],[90.5128,22.55543],[90.51351,22.55219],[90.52112,22.55029],[90.5277,22.55138],[90.52872,22.54725],[90.51239,22.53409],[90.50705,22.53485],[90.50479,22.54426],[90.50119,22.54686],[90.49511,22.54362],[90.48821,22.53695],[90.47723,22.5323],[90.46839,22.53278],[90.46212,22.53613],[90.45718,22.53573],[90.44453,22.51821],[90.4394,22.50859],[90.43737,22.49922],[90.44065,22.48679],[90.43944,22.48061],[90.43635,22.47343],[90.42722,22.46045],[90.42449,22.46204],[90.41978,22.47],[90.40991,22.48129],[90.40397,22.48367],[90.39183,22.48479],[90.37136,22.50131],[90.36323,22.50436],[90.36016,22.50109],[90.35797,22.49187],[90.35411,22.49129],[90.35454,22.48743],[90.3416,22.47711],[90.34174,22.47343],[90.33577,22.46833],[90.33299,22.46775],[90.32964,22.46925],[90.32141,22.47791],[90.32394,22.47759],[90.32199,22.48105],[90.31379,22.48371],[90.31082,22.48135],[90.30754,22.47277],[90.29889,22.47492],[90.29495,22.47424],[90.29263,22.46873],[90.28801,22.46851],[90.28575,22.46668],[90.28497,22.46803],[90.28062,22.46881],[90.27954,22.47328],[90.27784,22.47],[90.27387,22.46943],[90.27474,22.4736],[90.2726,22.47458],[90.26768,22.4703],[90.26366,22.46261],[90.26139,22.46105],[90.25258,22.46058],[90.23035,22.45329],[90.22689,22.4496],[90.22115,22.44848],[90.22062,22.44667],[90.22385,22.43951],[90.21611,22.42965],[90.21181,22.42207],[90.21134,22.41816],[90.20078,22.4174],[90.19492,22.41361],[90.19313,22.40349],[90.18767,22.39513],[90.18658,22.36634],[90.18052,22.36191],[90.18339,22.35498],[90.1818,22.34742],[90.17794,22.33941],[90.16835,22.33859],[90.17341,22.33187],[90.17594,22.3243],[90.1708,22.32629],[90.16965,22.32848],[90.14677,22.33731],[90.14158,22.34197],[90.13827,22.3431],[90.13954,22.33641],[90.14354,22.33291],[90.14588,22.33451],[90.14974,22.32903],[90.15045,22.322],[90.15361,22.32233],[90.15421,22.32479],[90.1563,22.32556],[90.15745,22.32549],[90.15728,22.32259],[90.15939,22.3216],[90.15834,22.31758],[90.15937,22.31352],[90.1564,22.31037],[90.14561,22.31231],[90.14621,22.30586],[90.14778,22.30492],[90.14615,22.30276],[90.14344,22.28974],[90.14667,22.28236],[90.14794,22.27301],[90.15581,22.26483],[90.15349,22.2602],[90.1568,22.25589],[90.15862,22.24948],[90.18034,22.23496],[90.19484,22.22973],[90.20828,22.22213],[90.21498,22.22423],[90.22496,22.21712],[90.23291,22.22799],[90.23155,22.23012],[90.22594,22.23171],[90.22543,22.23434],[90.23422,22.23955],[90.2369,22.24969],[90.2459,22.26172],[90.27179,22.26261],[90.28137,22.25551],[90.28487,22.25546],[90.28783,22.2583],[90.29012,22.2577],[90.29203,22.25515],[90.29002,22.24991],[90.28611,22.2512],[90.28838,22.2475],[90.28262,22.24889],[90.28697,22.23504],[90.2917,22.23624],[90.28864,22.24333],[90.2956,22.24459],[90.29944,22.24281],[90.30303,22.24366],[90.31345,22.25377],[90.32812,22.26222],[90.334,22.26348],[90.3284,22.24539],[90.33451,22.24498],[90.33531,22.23829],[90.34307,22.23847],[90.34963,22.23049],[90.35264,22.22978],[90.35491,22.23323],[90.357,22.23391],[90.35957,22.23171],[90.35778,22.22469],[90.35998,22.22108],[90.35815,22.2191],[90.36321,22.21525],[90.35628,22.20584],[90.34799,22.20512],[90.34782,22.20229],[90.35101,22.19642],[90.35349,22.19527],[90.36249,22.19709],[90.36657,22.19901],[90.36725,22.20072],[90.37189,22.19748],[90.36594,22.18803],[90.34915,22.18015],[90.34253,22.17411],[90.33648,22.16498],[90.33707,22.13772],[90.3435,22.12942],[90.34357,22.12158],[90.34149,22.119],[90.34649,22.11015],[90.34266,22.10961],[90.33762,22.1115],[90.33309,22.10817],[90.33356,22.10009],[90.32899,22.08521],[90.32537,22.09305],[90.31481,22.09197],[90.31357,22.09006],[90.31791,22.08264],[90.30828,22.07989],[90.30447,22.07682],[90.2962,22.07644],[90.29099,22.07122],[90.28842,22.06384],[90.27911,22.06441],[90.28086,22.0607],[90.28917,22.05666],[90.27898,22.05154],[90.28295,22.04662],[90.27984,22.03655],[90.27637,22.03089],[90.27429,22.02973],[90.26629,22.03053],[90.2628,22.03305],[90.25462,22.03265],[90.25027,22.02724],[90.25349,22.0252],[90.24964,22.02503],[90.24926,22.02097],[90.24761,22.02016],[90.24083,22.02664],[90.24064,22.03281],[90.22116,22.03452],[90.2233,22.03731],[90.23928,22.04451],[90.23724,22.04704],[90.22637,22.04793],[90.23361,22.05753],[90.23392,22.0603],[90.23302,22.06214],[90.22626,22.06446],[90.22168,22.06287],[90.2187,22.06377],[90.21298,22.07189],[90.20687,22.06921],[90.20009,22.07649],[90.20212,22.07917],[90.20569,22.07763],[90.20901,22.08407],[90.19993,22.09189],[90.19687,22.09137],[90.1855,22.08414],[90.188,22.07564],[90.18658,22.06622],[90.19367,22.05858],[90.20004,22.06303],[90.20065,22.05326],[90.20841,22.05193],[90.2113,22.04906],[90.20688,22.04138],[90.21023,22.03089],[90.20788,22.0287],[90.20018,22.02897],[90.20234,22.02179],[90.19766,22.02053],[90.18031,22.02237],[90.17857,22.02141],[90.18508,22.01229],[90.17835,22.00119],[90.1862,21.99374],[90.19117,21.98469],[90.17246,21.9811],[90.16536,21.98683],[90.1606,21.98754],[90.1535,21.98256],[90.14742,21.97477]]],[[[90.57522,22.57046],[90.56822,22.57014],[90.57468,22.5712],[90.55774,22.58827],[90.55252,22.58658],[90.55162,22.58056],[90.55187,22.57688],[90.55729,22.56793],[90.57013,22.55669],[90.58623,22.54736],[90.58206,22.56022],[90.57522,22.57046]]],[[[90.53458,22.58373],[90.54069,22.57616],[90.54867,22.56993],[90.54262,22.58182],[90.54861,22.57283],[90.54795,22.57513],[90.538,22.58987],[90.53458,22.58373]]],[[[90.54678,22.59254],[90.55036,22.58736],[90.55716,22.58902],[90.55435,22.59264],[90.54678,22.59254]]]]}},{"type":"Feature","properties":{"ADM2_EN":"Pirojpur","ADM1_EN":"Barisal"},"geometry":{"type":"MultiPolygon","coordinates":[[[[89.88929,22.15819],[89.89093,22.15827],[89.88774,22.16524],[89.88929,22.15819]]],[[[89.88587,22.17727],[89.89761,22.17827],[89.90143,22.16337],[89.90719,22.15876],[89.9226,22.16019],[89.93082,22.16257],[89.93498,22.16597],[89.94211,22.17639],[89.95551,22.17102],[89.95764,22.17142],[89.95882,22.18271],[89.96931,22.19166],[89.96388,22.20771],[89.96473,22.21699],[89.96722,22.22046],[89.96853,22.22055],[89.96876,22.21132],[89.97497,22.20387],[89.97876,22.2026],[89.98357,22.20638],[89.9869,22.20145],[89.99082,22.19873],[89.99205,22.20031],[89.99159,22.20961],[89.9945,22.21241],[89.9996,22.21232],[90.00053,22.21382],[89.9979,22.21997],[89.99777,22.22869],[90.01087,22.22858],[90.01871,22.2305],[90.02082,22.24171],[90.02921,22.25983],[90.02025,22.27528],[90.02405,22.2878],[90.02399,22.29311],[90.03049,22.29795],[90.03291,22.30391],[90.03919,22.30471],[90.04217,22.31769],[90.04431,22.31788],[90.04928,22.31488],[90.05317,22.31496],[90.05359,22.32447],[90.04948,22.33367],[90.05086,22.33691],[90.05586,22.35681],[90.05168,22.35979],[90.04631,22.36035],[90.04476,22.36439],[90.04024,22.36813],[90.03596,22.3752],[90.03542,22.36496],[90.0337,22.36312],[90.03095,22.36732],[90.02353,22.36806],[90.019,22.37183],[90.02362,22.38692],[90.02284,22.39447],[90.02544,22.39607],[90.03117,22.39626],[90.03879,22.40228],[90.03444,22.40802],[90.03213,22.41827],[90.02849,22.42021],[90.02749,22.42798],[90.03032,22.43325],[90.03053,22.43708],[90.02729,22.44417],[90.03631,22.44862],[90.04259,22.44376],[90.05547,22.44169],[90.05998,22.44317],[90.06168,22.4453],[90.06066,22.45103],[90.05641,22.45347],[90.05635,22.45597],[90.05791,22.46125],[90.06084,22.46144],[90.06359,22.46523],[90.0656,22.46201],[90.06517,22.45762],[90.06772,22.45611],[90.06799,22.45316],[90.06923,22.45401],[90.0697,22.45238],[90.07417,22.4521],[90.07722,22.43994],[90.08136,22.43929],[90.08325,22.442],[90.09018,22.44195],[90.0903,22.44419],[90.09225,22.44479],[90.10071,22.44466],[90.10545,22.45389],[90.10566,22.46192],[90.11039,22.45871],[90.12234,22.46704],[90.1245,22.47003],[90.12584,22.47697],[90.13085,22.47965],[90.13399,22.4869],[90.1313,22.49136],[90.12693,22.49136],[90.12486,22.4899],[90.12256,22.49594],[90.12341,22.49806],[90.11685,22.503],[90.11364,22.49955],[90.11594,22.49539],[90.1137,22.49357],[90.1096,22.49388],[90.10916,22.49534],[90.10093,22.49964],[90.09881,22.49682],[90.08894,22.49541],[90.08895,22.4922],[90.08526,22.48793],[90.07908,22.48755],[90.0774,22.49229],[90.07897,22.49562],[90.07482,22.49728],[90.07435,22.49872],[90.0715,22.49876],[90.07038,22.50062],[90.07497,22.50743],[90.07277,22.51156],[90.06288,22.50508],[90.06687,22.51818],[90.06487,22.52829],[90.06739,22.52924],[90.06426,22.53448],[90.06569,22.55276],[90.06052,22.56071],[90.05976,22.57318],[90.05594,22.57983],[90.05904,22.58286],[90.06429,22.59485],[90.07435,22.58844],[90.07883,22.58784],[90.09217,22.59063],[90.10236,22.59631],[90.10817,22.60543],[90.10736,22.60697],[90.11011,22.60977],[90.10637,22.62112],[90.10039,22.62625],[90.10129,22.63752],[90.0965,22.6396],[90.09648,22.64619],[90.09933,22.65188],[90.09721,22.65561],[90.10114,22.65804],[90.10773,22.65902],[90.111,22.66272],[90.11703,22.66617],[90.13823,22.67361],[90.13893,22.67753],[90.14227,22.68072],[90.14296,22.68666],[90.14933,22.69348],[90.15156,22.70401],[90.15532,22.70483],[90.15786,22.71242],[90.15674,22.71552],[90.15814,22.71962],[90.16204,22.72073],[90.16467,22.72349],[90.1656,22.72787],[90.17238,22.72935],[90.17271,22.73116],[90.17946,22.73508],[90.18183,22.73928],[90.18771,22.74195],[90.1862,22.74311],[90.18862,22.74395],[90.18844,22.74511],[90.18331,22.7458],[90.17715,22.75268],[90.17369,22.75261],[90.17154,22.74771],[90.16798,22.74744],[90.1648,22.7515],[90.1668,22.76052],[90.16153,22.75919],[90.15173,22.76295],[90.15107,22.75728],[90.14613,22.75821],[90.14448,22.75706],[90.14067,22.75975],[90.14144,22.76862],[90.13694,22.76878],[90.13444,22.76685],[90.13242,22.76745],[90.12948,22.77157],[90.12741,22.76974],[90.12269,22.77062],[90.12185,22.77474],[90.11467,22.77808],[90.10845,22.77826],[90.10791,22.77569],[90.10543,22.77437],[90.09902,22.77551],[90.09829,22.77728],[90.10068,22.78206],[90.09422,22.7853],[90.08723,22.78368],[90.07673,22.78482],[90.06818,22.80085],[90.06064,22.80714],[90.05109,22.81019],[90.05454,22.81292],[90.0516,22.81794],[90.05444,22.8269],[90.04388,22.82443],[90.03723,22.81824],[90.02774,22.81755],[90.03438,22.83867],[90.03475,22.86568],[90.0203,22.8681],[90.01837,22.87104],[90.01267,22.86737],[89.98728,22.86582],[89.98634,22.8618],[89.97715,22.8588],[89.97065,22.859],[89.96703,22.85366],[89.96206,22.85293],[89.95394,22.8539],[89.95338,22.85608],[89.9512,22.85651],[89.94561,22.86258],[89.9419,22.86273],[89.94071,22.86499],[89.93887,22.86497],[89.93851,22.86254],[89.94378,22.85649],[89.94336,22.84781],[89.94031,22.84539],[89.94579,22.8317],[89.94466,22.82605],[89.93896,22.82453],[89.92398,22.81223],[89.9155,22.80753],[89.914,22.79976],[89.92336,22.79587],[89.92783,22.7966],[89.9323,22.79354],[89.93826,22.78494],[89.93286,22.78196],[89.92163,22.78415],[89.91738,22.78047],[89.91687,22.77724],[89.90878,22.7758],[89.90447,22.77256],[89.90939,22.7644],[89.91023,22.75776],[89.91342,22.75236],[89.91552,22.75153],[89.92751,22.75429],[89.93138,22.75238],[89.93316,22.73933],[89.932,22.72418],[89.92819,22.72199],[89.91236,22.72637],[89.90464,22.72585],[89.88067,22.71289],[89.87815,22.70994],[89.87598,22.70895],[89.8747,22.70999],[89.86858,22.7068],[89.86317,22.70286],[89.86141,22.69903],[89.86368,22.69413],[89.86825,22.69155],[89.90206,22.69544],[89.91663,22.69293],[89.93055,22.68569],[89.93688,22.68022],[89.9356,22.67678],[89.92466,22.66949],[89.91388,22.65968],[89.90923,22.65949],[89.90063,22.67213],[89.89665,22.67496],[89.8928,22.6726],[89.89011,22.66318],[89.89647,22.65594],[89.92238,22.64643],[89.92697,22.64182],[89.92391,22.62095],[89.91998,22.60668],[89.9569,22.5989],[89.9607,22.59658],[89.96236,22.5932],[89.96119,22.57858],[89.95906,22.57486],[89.95811,22.56432],[89.95424,22.55404],[89.94439,22.53806],[89.92942,22.52264],[89.92339,22.5103],[89.9318,22.5081],[89.96463,22.50768],[89.96811,22.50576],[89.96962,22.50144],[89.96839,22.49698],[89.96473,22.49245],[89.95067,22.49212],[89.93152,22.49686],[89.91419,22.50532],[89.8921,22.50688],[89.88458,22.50269],[89.8821,22.4972],[89.88409,22.48561],[89.89483,22.47573],[89.90923,22.47339],[89.92403,22.47766],[89.93067,22.4779],[89.94104,22.47348],[89.94456,22.46638],[89.94258,22.45679],[89.9336,22.4482],[89.92532,22.44545],[89.91091,22.44732],[89.90055,22.44355],[89.89292,22.43861],[89.88633,22.43055],[89.87611,22.42756],[89.87102,22.41896],[89.87238,22.41002],[89.8975,22.38336],[89.90163,22.37301],[89.90042,22.36152],[89.8954,22.34659],[89.87571,22.32013],[89.86762,22.30457],[89.86236,22.29113],[89.85786,22.26932],[89.85872,22.24793],[89.86186,22.23347],[89.86478,22.22565],[89.87463,22.21213],[89.8805,22.19947],[89.88587,22.17727]]]]}},{"type":"Feature","properties":{"ADM2_EN":"Rajbari","ADM1_EN":"Dhaka"},"geometry":{"type":"Polygon","coordinates":[[[89.8649,23.71887],[89.85518,23.73108],[89.83972,23.74218],[89.83582,23.75099],[89.81674,23.76352],[89.81094,23.77268],[89.78091,23.7977],[89.7772,23.80377],[89.77094,23.83329],[89.74209,23.83316],[89.73274,23.83537],[89.72045,23.82802],[89.71163,23.82566],[89.7047,23.81922],[89.69575,23.8145],[89.67244,23.80974],[89.66385,23.80932],[89.65006,23.81247],[89.63659,23.80927],[89.62939,23.8092],[89.58387,23.81444],[89.57537,23.80899],[89.57153,23.80811],[89.55121,23.81366],[89.51496,23.81864],[89.5052,23.82247],[89.49958,23.82694],[89.46859,23.83925],[89.45015,23.85193],[89.43156,23.86745],[89.40893,23.88173],[89.39097,23.90418],[89.38522,23.90781],[89.3646,23.9107],[89.36514,23.89475],[89.3635,23.89196],[89.35961,23.89177],[89.35831,23.89304],[89.3582,23.89785],[89.35695,23.89799],[89.35535,23.88594],[89.36077,23.88278],[89.35821,23.87498],[89.36203,23.87285],[89.36322,23.8701],[89.35815,23.86905],[89.35675,23.86519],[89.35152,23.86064],[89.35133,23.84113],[89.34492,23.8389],[89.34364,23.83544],[89.34245,23.83583],[89.34159,23.83428],[89.34068,23.83001],[89.33794,23.83026],[89.33646,23.82875],[89.33638,23.82584],[89.33798,23.82411],[89.33684,23.819],[89.32937,23.80358],[89.32897,23.795],[89.32696,23.79527],[89.32701,23.79094],[89.33047,23.79063],[89.33022,23.78388],[89.32843,23.78341],[89.3302,23.77854],[89.32672,23.77706],[89.31988,23.77707],[89.31882,23.77574],[89.31107,23.77616],[89.3126,23.77204],[89.31044,23.76847],[89.32305,23.76641],[89.31687,23.75343],[89.31576,23.74799],[89.31102,23.74709],[89.30952,23.74482],[89.30622,23.74517],[89.29816,23.73602],[89.30654,23.73445],[89.31098,23.73107],[89.31224,23.72756],[89.31165,23.7192],[89.31472,23.71591],[89.31939,23.7153],[89.32255,23.71316],[89.32349,23.7098],[89.32132,23.70636],[89.32171,23.70279],[89.32498,23.69946],[89.33035,23.69705],[89.33408,23.69116],[89.348,23.68277],[89.35006,23.67842],[89.34915,23.6711],[89.35269,23.66987],[89.36038,23.67089],[89.36595,23.66796],[89.36649,23.66412],[89.37516,23.66471],[89.37904,23.67096],[89.3857,23.67651],[89.40409,23.68145],[89.41201,23.68154],[89.41678,23.67303],[89.43951,23.65885],[89.43954,23.65561],[89.43567,23.64919],[89.43975,23.64034],[89.44233,23.63884],[89.45579,23.63877],[89.46995,23.63482],[89.48021,23.62745],[89.48218,23.62003],[89.4704,23.59951],[89.47061,23.59713],[89.48423,23.59276],[89.49732,23.57906],[89.50503,23.58372],[89.50838,23.59028],[89.51378,23.58735],[89.52044,23.58695],[89.52012,23.58204],[89.5244,23.57954],[89.52938,23.57088],[89.53375,23.56929],[89.53557,23.57172],[89.53722,23.56966],[89.54179,23.56864],[89.54255,23.56222],[89.54637,23.55995],[89.55252,23.56659],[89.55379,23.57081],[89.55219,23.57188],[89.55117,23.57087],[89.54306,23.57106],[89.54203,23.57284],[89.54378,23.57306],[89.54225,23.57679],[89.54674,23.58237],[89.54925,23.58245],[89.54746,23.58786],[89.54847,23.59133],[89.55584,23.59262],[89.56124,23.59135],[89.56442,23.59492],[89.56241,23.60238],[89.56332,23.60354],[89.57231,23.60452],[89.57747,23.59838],[89.59023,23.59377],[89.59886,23.59777],[89.59934,23.60058],[89.59387,23.60508],[89.59462,23.60786],[89.59767,23.60839],[89.60304,23.60232],[89.60501,23.59505],[89.60993,23.59479],[89.61126,23.59165],[89.61669,23.59092],[89.61924,23.58893],[89.62358,23.58854],[89.62337,23.59257],[89.62681,23.59175],[89.62979,23.5877],[89.63152,23.5884],[89.63123,23.59088],[89.63446,23.58946],[89.63761,23.59061],[89.64034,23.58869],[89.64156,23.59055],[89.64284,23.5897],[89.64646,23.59086],[89.65043,23.60508],[89.65474,23.60961],[89.65668,23.60981],[89.66645,23.60878],[89.66805,23.60741],[89.67267,23.596],[89.67059,23.5888],[89.66953,23.58899],[89.66976,23.58518],[89.67204,23.58605],[89.67331,23.58442],[89.67697,23.58452],[89.68436,23.58569],[89.69031,23.58961],[89.69834,23.59007],[89.70098,23.58781],[89.70696,23.59042],[89.71212,23.58887],[89.71327,23.5898],[89.712,23.5968],[89.71798,23.59512],[89.7194,23.58766],[89.72662,23.58255],[89.73208,23.58161],[89.74132,23.58322],[89.74221,23.58712],[89.74067,23.58958],[89.75229,23.59008],[89.75465,23.59769],[89.75272,23.60195],[89.74818,23.60634],[89.72843,23.61898],[89.72807,23.62851],[89.72604,23.63044],[89.73144,23.63645],[89.73023,23.6399],[89.731,23.64372],[89.72964,23.64548],[89.73042,23.65509],[89.72692,23.66554],[89.72834,23.66633],[89.72138,23.67268],[89.7282,23.67303],[89.7323,23.67762],[89.73473,23.67526],[89.7385,23.66626],[89.75573,23.66655],[89.75453,23.67565],[89.75681,23.67837],[89.76016,23.67875],[89.76304,23.68106],[89.77405,23.68009],[89.7821,23.68409],[89.78501,23.68237],[89.78984,23.68289],[89.78926,23.68602],[89.79419,23.68786],[89.79117,23.69092],[89.79271,23.70799],[89.79136,23.71172],[89.79546,23.7125],[89.81251,23.72196],[89.81401,23.72197],[89.81658,23.71671],[89.81918,23.71474],[89.83525,23.70952],[89.8406,23.70926],[89.84044,23.70642],[89.84637,23.70107],[89.8473,23.70267],[89.84538,23.70461],[89.84593,23.70845],[89.84368,23.71145],[89.84422,23.71303],[89.8524,23.71434],[89.8649,23.71887]]]}},{"type":"Feature","properties":{"ADM2_EN":"Rajshahi","ADM1_EN":"Rajshani"},"geometry":{"type":"Polygon","coordinates":[[[88.86071,24.11183],[88.86332,24.1136],[88.86593,24.12294],[88.87124,24.12998],[88.88251,24.13013],[88.89093,24.14928],[88.89968,24.15066],[88.90111,24.15224],[88.89237,24.15163],[88.89124,24.15404],[88.89561,24.15767],[88.89328,24.15918],[88.8928,24.16204],[88.87976,24.16118],[88.8801,24.16377],[88.87566,24.16506],[88.87235,24.16416],[88.86771,24.16521],[88.86641,24.16291],[88.86054,24.166],[88.86285,24.17323],[88.86889,24.17464],[88.87258,24.17999],[88.87236,24.18282],[88.86554,24.18573],[88.86737,24.18957],[88.87358,24.19175],[88.87619,24.20045],[88.87438,24.20256],[88.87059,24.20296],[88.87198,24.20664],[88.86885,24.20888],[88.87332,24.21022],[88.87469,24.21359],[88.87461,24.2168],[88.8714,24.21722],[88.8712,24.22269],[88.87206,24.22715],[88.87398,24.22802],[88.87576,24.23328],[88.8744,24.23476],[88.87857,24.23578],[88.87742,24.2278],[88.8798,24.22534],[88.88257,24.2276],[88.88712,24.22571],[88.8903,24.22937],[88.896,24.22891],[88.89959,24.23157],[88.89733,24.23557],[88.89778,24.23838],[88.89986,24.24012],[88.90578,24.23687],[88.90843,24.23738],[88.91173,24.24089],[88.91533,24.24059],[88.91484,24.24899],[88.91763,24.25096],[88.91487,24.25512],[88.90711,24.25764],[88.90381,24.26821],[88.90002,24.27106],[88.90268,24.29028],[88.88672,24.29449],[88.87823,24.2927],[88.87751,24.3004],[88.87622,24.30048],[88.87143,24.30813],[88.86629,24.31095],[88.86323,24.30981],[88.86397,24.30801],[88.85989,24.30643],[88.86118,24.30409],[88.85378,24.30454],[88.85463,24.31079],[88.84874,24.31548],[88.84681,24.31958],[88.84861,24.32553],[88.85105,24.3261],[88.84679,24.34044],[88.85335,24.3457],[88.85548,24.35408],[88.85924,24.35779],[88.86173,24.36362],[88.86605,24.3632],[88.86682,24.36112],[88.86898,24.35969],[88.87045,24.36059],[88.87269,24.35747],[88.87451,24.3587],[88.87253,24.36089],[88.87904,24.36339],[88.87994,24.36551],[88.88212,24.36356],[88.88294,24.36427],[88.88329,24.36164],[88.88603,24.36466],[88.89191,24.3655],[88.89162,24.36282],[88.89348,24.36375],[88.89636,24.37875],[88.89018,24.38297],[88.89007,24.38449],[88.89427,24.39099],[88.89867,24.40522],[88.90249,24.40728],[88.90042,24.41025],[88.89821,24.41025],[88.90246,24.41948],[88.90131,24.42443],[88.8985,24.4269],[88.8994,24.43645],[88.89709,24.43963],[88.90267,24.44652],[88.90142,24.4502],[88.89315,24.45583],[88.89515,24.46045],[88.89865,24.46081],[88.90007,24.46421],[88.89532,24.47438],[88.89258,24.4751],[88.89278,24.47714],[88.89506,24.47956],[88.89524,24.48625],[88.9002,24.48726],[88.90138,24.48535],[88.90314,24.48668],[88.90544,24.49783],[88.90761,24.49834],[88.91035,24.49571],[88.91136,24.49876],[88.9129,24.49922],[88.91229,24.50205],[88.9161,24.5045],[88.92546,24.50068],[88.92281,24.50384],[88.9252,24.50911],[88.9284,24.5109],[88.92672,24.5159],[88.92388,24.51709],[88.91783,24.51334],[88.91183,24.51427],[88.89756,24.51149],[88.89804,24.51688],[88.89428,24.52017],[88.88864,24.5193],[88.88417,24.51588],[88.88002,24.51817],[88.88129,24.51956],[88.87952,24.5208],[88.88281,24.52246],[88.88428,24.52112],[88.88313,24.52593],[88.88745,24.53061],[88.88717,24.52659],[88.88959,24.52755],[88.89797,24.52477],[88.89664,24.53497],[88.90113,24.53697],[88.90777,24.5364],[88.91164,24.54044],[88.91967,24.54234],[88.92101,24.54453],[88.93421,24.53862],[88.93562,24.53618],[88.94048,24.53588],[88.94755,24.54544],[88.95215,24.54498],[88.96108,24.54806],[88.9631,24.55187],[88.96367,24.56563],[88.96179,24.57017],[88.96329,24.5836],[88.95989,24.58443],[88.9529,24.57875],[88.95206,24.58086],[88.94864,24.58176],[88.94624,24.58668],[88.94115,24.58877],[88.94122,24.59154],[88.93901,24.59058],[88.93745,24.58707],[88.93372,24.58837],[88.93317,24.59544],[88.9266,24.59776],[88.92711,24.60523],[88.92382,24.61252],[88.92406,24.61812],[88.922,24.62134],[88.91889,24.61995],[88.91313,24.62921],[88.91074,24.63338],[88.9095,24.64329],[88.89727,24.64336],[88.88994,24.63776],[88.8829,24.64321],[88.87871,24.64257],[88.88092,24.63641],[88.87934,24.63575],[88.87425,24.63741],[88.87287,24.64558],[88.86339,24.64723],[88.86222,24.64847],[88.86423,24.64979],[88.86316,24.65216],[88.86033,24.65355],[88.86041,24.65651],[88.85464,24.65843],[88.83289,24.65851],[88.83133,24.65802],[88.82937,24.65311],[88.82206,24.65303],[88.81089,24.65806],[88.81362,24.66425],[88.81408,24.67459],[88.80544,24.67573],[88.80643,24.68043],[88.80237,24.68541],[88.79791,24.68658],[88.79469,24.68609],[88.78757,24.67806],[88.77694,24.67269],[88.77392,24.66889],[88.77066,24.66763],[88.75678,24.67052],[88.74843,24.6776],[88.75069,24.67986],[88.74267,24.68346],[88.7379,24.67747],[88.73637,24.67145],[88.73768,24.66694],[88.73535,24.66377],[88.72879,24.66635],[88.72483,24.65972],[88.7231,24.6601],[88.71989,24.6613],[88.72005,24.66787],[88.71404,24.66743],[88.7114,24.66489],[88.70142,24.66192],[88.69934,24.65648],[88.70395,24.65378],[88.70328,24.64672],[88.70138,24.64427],[88.69724,24.64356],[88.69518,24.63984],[88.70257,24.63822],[88.70323,24.63359],[88.70627,24.63171],[88.70606,24.62844],[88.69804,24.63087],[88.69547,24.62542],[88.69146,24.6282],[88.69418,24.63263],[88.69284,24.63548],[88.6913,24.63288],[88.68707,24.6363],[88.68267,24.637],[88.67994,24.63236],[88.66995,24.63276],[88.66923,24.63059],[88.66654,24.63054],[88.66322,24.62709],[88.65798,24.62741],[88.65651,24.62408],[88.65337,24.62421],[88.65251,24.6307],[88.64914,24.63134],[88.64593,24.62124],[88.63882,24.61717],[88.63261,24.62135],[88.63521,24.62538],[88.63222,24.62523],[88.63087,24.62769],[88.63584,24.63091],[88.6361,24.63253],[88.62948,24.63171],[88.62364,24.64469],[88.62728,24.64973],[88.63011,24.65124],[88.62751,24.66129],[88.62962,24.67031],[88.62573,24.6748],[88.62453,24.69547],[88.62282,24.69587],[88.62038,24.70179],[88.61568,24.70472],[88.60688,24.70306],[88.60159,24.69943],[88.59352,24.69843],[88.59339,24.69193],[88.591,24.68603],[88.58468,24.68261],[88.57834,24.67624],[88.57123,24.68164],[88.58172,24.69558],[88.58147,24.69896],[88.57602,24.6963],[88.57109,24.70001],[88.57159,24.70312],[88.56251,24.70532],[88.55968,24.70346],[88.55394,24.7051],[88.54604,24.7005],[88.54141,24.70513],[88.5355,24.70356],[88.5273,24.70924],[88.52338,24.70678],[88.51972,24.70749],[88.51864,24.71252],[88.51376,24.71224],[88.50557,24.71863],[88.49879,24.71723],[88.49772,24.71011],[88.49089,24.70863],[88.48787,24.70652],[88.48965,24.70141],[88.48973,24.69033],[88.48314,24.68639],[88.4844,24.68495],[88.48284,24.68125],[88.48007,24.68055],[88.47482,24.68419],[88.4693,24.68469],[88.46522,24.68343],[88.45992,24.68485],[88.45532,24.67789],[88.46366,24.67218],[88.47294,24.66869],[88.47495,24.66957],[88.47578,24.67311],[88.4803,24.67875],[88.48949,24.67603],[88.49123,24.67905],[88.49946,24.67834],[88.50228,24.68119],[88.51126,24.68177],[88.51093,24.6722],[88.50142,24.67425],[88.50132,24.66656],[88.49477,24.66919],[88.48815,24.66473],[88.49142,24.6616],[88.49108,24.65672],[88.48737,24.65651],[88.48576,24.65966],[88.48065,24.65874],[88.47603,24.65964],[88.47423,24.65838],[88.46592,24.66141],[88.46473,24.65825],[88.45828,24.6582],[88.45642,24.6593],[88.45699,24.66115],[88.44814,24.66207],[88.44063,24.66787],[88.4353,24.66676],[88.43326,24.66371],[88.43517,24.65803],[88.43399,24.65102],[88.4242,24.65189],[88.41995,24.64906],[88.42048,24.64741],[88.43037,24.64248],[88.43031,24.6381],[88.42833,24.63435],[88.42089,24.63371],[88.41799,24.63034],[88.41758,24.62237],[88.42264,24.61588],[88.41519,24.61548],[88.41027,24.609],[88.39809,24.60607],[88.39666,24.60367],[88.3942,24.60357],[88.39011,24.59961],[88.38216,24.60051],[88.38055,24.60274],[88.3712,24.60283],[88.36885,24.60015],[88.36911,24.59452],[88.36702,24.59511],[88.36749,24.59896],[88.36366,24.59891],[88.36112,24.60317],[88.35944,24.60295],[88.35514,24.60026],[88.35465,24.59443],[88.34495,24.58599],[88.33252,24.58721],[88.32775,24.57814],[88.31828,24.56925],[88.31321,24.56913],[88.30754,24.57094],[88.30463,24.56851],[88.30649,24.56413],[88.30052,24.56493],[88.30179,24.5584],[88.30937,24.54083],[88.31207,24.52119],[88.30987,24.50548],[88.30403,24.49395],[88.30525,24.48145],[88.30814,24.47893],[88.30798,24.47558],[88.31161,24.47161],[88.31499,24.46166],[88.33089,24.44763],[88.32751,24.43784],[88.32043,24.43732],[88.29169,24.41636],[88.3109,24.40152],[88.32827,24.38498],[88.34523,24.37661],[88.35702,24.37366],[88.38006,24.3743],[88.38939,24.37191],[88.41231,24.37692],[88.41962,24.38149],[88.43034,24.38377],[88.44633,24.37867],[88.46419,24.36682],[88.48353,24.35714],[88.49594,24.35449],[88.50786,24.34256],[88.51857,24.34251],[88.52711,24.34447],[88.55505,24.29341],[88.56758,24.32671],[88.58709,24.3242],[88.58804,24.31198],[88.60606,24.31035],[88.60667,24.31531],[88.62367,24.3156],[88.6285,24.30519],[88.63284,24.30805],[88.63422,24.30683],[88.64889,24.31106],[88.64984,24.30571],[88.65255,24.30519],[88.6589,24.31452],[88.69427,24.31564],[88.70457,24.31278],[88.72474,24.29788],[88.73737,24.27012],[88.73773,24.2611],[88.7409,24.25403],[88.7345,24.22236],[88.73523,24.21161],[88.73342,24.19388],[88.73853,24.19352],[88.74742,24.17495],[88.75722,24.16182],[88.78733,24.13301],[88.8057,24.12452],[88.81735,24.12113],[88.83516,24.12233],[88.84372,24.12588],[88.86071,24.11183]]]}},{"type":"Feature","properties":{"ADM2_EN":"Rangamati","ADM1_EN":"Chittagong"},"geometry":{"type":"Polygon","coordinates":[[[92.61391,21.85191],[92.61724,21.85446],[92.62063,21.86185],[92.62702,21.86093],[92.6316,21.86299],[92.63041,21.86871],[92.63434,21.87544],[92.63062,21.88167],[92.63068,21.88735],[92.628,21.89385],[92.62588,21.90894],[92.62231,21.91374],[92.62152,21.92091],[92.6196,21.92345],[92.61349,21.92177],[92.61205,21.92358],[92.61415,21.92721],[92.6103,21.92919],[92.61753,21.94033],[92.61521,21.94037],[92.61511,21.94336],[92.6107,21.94637],[92.61323,21.9586],[92.60961,21.96066],[92.61071,21.96565],[92.60614,21.97152],[92.60723,21.97458],[92.60319,21.97869],[92.60315,21.98121],[92.60352,21.98288],[92.61049,21.985],[92.61267,21.99138],[92.61004,21.99501],[92.60997,21.99819],[92.60578,21.99964],[92.59743,22.01196],[92.60054,22.02248],[92.59948,22.02872],[92.59335,22.03405],[92.59264,22.04113],[92.59911,22.04241],[92.59785,22.04794],[92.60027,22.05316],[92.60019,22.0591],[92.60264,22.06186],[92.59528,22.06219],[92.59226,22.06565],[92.5898,22.07079],[92.59057,22.08104],[92.58496,22.08248],[92.58533,22.08528],[92.58323,22.0873],[92.58411,22.0905],[92.58166,22.09178],[92.58254,22.09771],[92.57662,22.10511],[92.57516,22.1162],[92.57247,22.11977],[92.56369,22.12582],[92.56251,22.12827],[92.56388,22.13374],[92.56584,22.13504],[92.57638,22.13596],[92.57746,22.13753],[92.57625,22.13974],[92.5782,22.1436],[92.59188,22.13953],[92.59324,22.13769],[92.58889,22.13195],[92.59401,22.12559],[92.59959,22.12315],[92.60548,22.12331],[92.60776,22.1281],[92.60825,22.13454],[92.61008,22.13523],[92.61095,22.13854],[92.60739,22.16053],[92.60928,22.16421],[92.60662,22.16608],[92.60684,22.1728],[92.60424,22.17166],[92.59506,22.17547],[92.59706,22.17762],[92.59441,22.1811],[92.59688,22.18379],[92.59488,22.18395],[92.59655,22.19036],[92.59487,22.19649],[92.59397,22.19595],[92.59475,22.20442],[92.5937,22.20419],[92.59304,22.21072],[92.5904,22.21333],[92.59196,22.21389],[92.58802,22.21601],[92.59029,22.22308],[92.58802,22.22468],[92.58929,22.22582],[92.58821,22.23075],[92.59059,22.23118],[92.58944,22.23204],[92.59041,22.2327],[92.58876,22.23283],[92.59154,22.23484],[92.58961,22.2357],[92.59175,22.23934],[92.5904,22.24452],[92.5917,22.24487],[92.59133,22.24678],[92.58906,22.24751],[92.5909,22.24896],[92.58941,22.25416],[92.59073,22.25527],[92.58872,22.25572],[92.58895,22.25755],[92.58739,22.25733],[92.58693,22.25907],[92.58542,22.25847],[92.5866,22.25972],[92.58429,22.26163],[92.58485,22.26451],[92.58687,22.26409],[92.58099,22.26928],[92.58319,22.27275],[92.58228,22.27416],[92.58082,22.27358],[92.58071,22.27604],[92.58343,22.27629],[92.58326,22.27739],[92.58642,22.27689],[92.5843,22.27849],[92.58653,22.2804],[92.58183,22.28184],[92.58168,22.28339],[92.58429,22.28482],[92.5811,22.28661],[92.58272,22.28798],[92.58122,22.29069],[92.58261,22.2912],[92.58344,22.29923],[92.58139,22.30039],[92.58058,22.30316],[92.58347,22.30414],[92.58057,22.30388],[92.57968,22.30616],[92.58144,22.30872],[92.57797,22.31048],[92.57769,22.31201],[92.5789,22.31108],[92.58027,22.31204],[92.57855,22.31282],[92.58001,22.31498],[92.57796,22.31666],[92.58046,22.31952],[92.57947,22.32099],[92.58122,22.3218],[92.57851,22.32359],[92.58028,22.3252],[92.57673,22.32523],[92.57588,22.33152],[92.57434,22.33212],[92.57631,22.33349],[92.57418,22.3346],[92.57601,22.33531],[92.57506,22.3364],[92.57605,22.33726],[92.5738,22.33827],[92.57509,22.34242],[92.57279,22.34263],[92.57343,22.34559],[92.57222,22.34735],[92.57335,22.34794],[92.57101,22.35678],[92.57211,22.35923],[92.56803,22.36071],[92.56693,22.36543],[92.56812,22.36751],[92.56652,22.37095],[92.56275,22.37145],[92.56415,22.37548],[92.56218,22.37584],[92.56161,22.3775],[92.56352,22.38019],[92.55934,22.38208],[92.56123,22.38534],[92.55941,22.38756],[92.56117,22.38881],[92.55838,22.39146],[92.55985,22.39156],[92.55853,22.39414],[92.55989,22.39569],[92.55596,22.39877],[92.55932,22.3999],[92.55981,22.40208],[92.55469,22.4056],[92.55797,22.40889],[92.55444,22.41076],[92.55205,22.40903],[92.55223,22.41551],[92.55453,22.41703],[92.55079,22.4228],[92.55518,22.42268],[92.55639,22.42523],[92.55492,22.42524],[92.55506,22.42734],[92.55124,22.42762],[92.55531,22.42895],[92.55346,22.43397],[92.55436,22.43631],[92.55177,22.43788],[92.55209,22.44242],[92.54954,22.44366],[92.55146,22.44627],[92.55007,22.44794],[92.55146,22.44858],[92.55097,22.45465],[92.54826,22.45668],[92.55022,22.45714],[92.54836,22.45751],[92.54941,22.45852],[92.54638,22.46245],[92.548,22.46556],[92.54647,22.46658],[92.54576,22.47092],[92.54755,22.47601],[92.54537,22.48005],[92.54566,22.48293],[92.54433,22.48329],[92.54614,22.48887],[92.54328,22.49016],[92.54391,22.49477],[92.54921,22.49575],[92.54958,22.49834],[92.54261,22.49854],[92.54323,22.50052],[92.54565,22.49961],[92.54709,22.50173],[92.54915,22.50131],[92.54949,22.50272],[92.54701,22.50377],[92.54826,22.50752],[92.55073,22.50726],[92.55093,22.51004],[92.5465,22.51037],[92.55118,22.51373],[92.54694,22.51514],[92.54656,22.51705],[92.54497,22.51369],[92.5433,22.51401],[92.54547,22.51744],[92.54384,22.5215],[92.54177,22.5216],[92.54128,22.5231],[92.54365,22.52494],[92.54043,22.52603],[92.54113,22.52742],[92.539,22.52927],[92.54132,22.53015],[92.54146,22.53373],[92.53834,22.53521],[92.53981,22.54086],[92.53694,22.54202],[92.53688,22.54533],[92.53406,22.54431],[92.53155,22.54526],[92.53196,22.5521],[92.53011,22.55548],[92.52177,22.56025],[92.52788,22.56571],[92.52738,22.57323],[92.53245,22.57166],[92.53808,22.57531],[92.53638,22.57889],[92.53838,22.58604],[92.53449,22.58517],[92.53248,22.58792],[92.53573,22.5867],[92.53917,22.58965],[92.53607,22.58959],[92.53477,22.59176],[92.53758,22.59352],[92.5354,22.6],[92.53049,22.60343],[92.52995,22.60938],[92.53323,22.60759],[92.53524,22.61185],[92.53209,22.61182],[92.52946,22.61451],[92.52849,22.61674],[92.53001,22.62065],[92.52748,22.62098],[92.53256,22.6277],[92.53227,22.63332],[92.52627,22.63361],[92.52788,22.63584],[92.52652,22.63699],[92.52668,22.63988],[92.52448,22.64073],[92.52418,22.64938],[92.5251,22.65119],[92.52712,22.65077],[92.52648,22.65421],[92.52448,22.65398],[92.52348,22.65542],[92.52423,22.65918],[92.52868,22.6597],[92.52652,22.66043],[92.52857,22.66577],[92.52632,22.6651],[92.52599,22.67306],[92.52261,22.67401],[92.52318,22.67926],[92.51881,22.68796],[92.51638,22.7046],[92.51377,22.70893],[92.5173,22.71833],[92.51653,22.72239],[92.51404,22.72332],[92.50951,22.72939],[92.51273,22.73343],[92.5082,22.73224],[92.50774,22.73688],[92.5051,22.73958],[92.50243,22.73762],[92.49938,22.73804],[92.49796,22.73997],[92.49426,22.74012],[92.49393,22.74277],[92.49101,22.74128],[92.49016,22.74568],[92.4882,22.74658],[92.48218,22.7472],[92.47649,22.74544],[92.47387,22.74635],[92.47936,22.75392],[92.47699,22.75429],[92.47656,22.75979],[92.47377,22.75955],[92.47626,22.76463],[92.4728,22.76528],[92.4756,22.77089],[92.47522,22.77324],[92.47263,22.77639],[92.47151,22.78384],[92.46932,22.78213],[92.46929,22.78716],[92.47222,22.79576],[92.46474,22.80446],[92.46655,22.80888],[92.46316,22.81195],[92.46264,22.80761],[92.46135,22.80721],[92.45899,22.81866],[92.4542,22.81901],[92.45401,22.82018],[92.45813,22.82319],[92.45518,22.82576],[92.46181,22.83077],[92.45264,22.84274],[92.45769,22.84099],[92.46206,22.84127],[92.46343,22.84291],[92.45832,22.84544],[92.45997,22.85055],[92.45673,22.85058],[92.45802,22.85295],[92.46122,22.85213],[92.46434,22.8547],[92.45952,22.85845],[92.46193,22.86105],[92.46116,22.86168],[92.45329,22.86133],[92.45213,22.86301],[92.4519,22.86507],[92.45495,22.87016],[92.46017,22.87108],[92.44821,22.87703],[92.45028,22.88954],[92.44939,22.89468],[92.44574,22.89746],[92.4362,22.88557],[92.43418,22.88567],[92.4328,22.89239],[92.42641,22.89722],[92.42093,22.90806],[92.42074,22.91678],[92.41927,22.91936],[92.41509,22.91463],[92.41226,22.91379],[92.40665,22.91802],[92.4036,22.91821],[92.40259,22.91227],[92.40133,22.912],[92.39854,22.91451],[92.39727,22.91833],[92.40118,22.92403],[92.39783,22.92943],[92.39279,22.93082],[92.37648,22.92876],[92.37751,22.93199],[92.37577,22.93539],[92.37291,22.93477],[92.3717,22.93621],[92.37575,22.93695],[92.3727,22.9402],[92.37469,22.94757],[92.37741,22.9485],[92.3757,22.95014],[92.37788,22.95177],[92.37758,22.95533],[92.37435,22.95331],[92.37476,22.95662],[92.37279,22.95854],[92.37714,22.95969],[92.37398,22.96135],[92.37538,22.96352],[92.37431,22.9701],[92.37824,22.97702],[92.38028,22.976],[92.38129,22.97841],[92.37911,22.97989],[92.38011,22.98204],[92.38442,22.98184],[92.38474,22.98688],[92.38198,22.9875],[92.38269,22.991],[92.38504,22.99276],[92.38188,23.00113],[92.38394,23.00567],[92.38305,23.00876],[92.38446,23.00948],[92.37953,23.01211],[92.38354,23.02332],[92.38324,23.02642],[92.38476,23.0273],[92.38227,23.03334],[92.38354,23.03786],[92.38791,23.03981],[92.38931,23.04739],[92.38838,23.04924],[92.39087,23.04912],[92.38973,23.05155],[92.39211,23.0539],[92.39037,23.05535],[92.39225,23.0565],[92.39037,23.06073],[92.38727,23.06201],[92.38866,23.06468],[92.38284,23.07227],[92.38542,23.0769],[92.38042,23.081],[92.37918,23.08377],[92.38,23.08629],[92.37706,23.08719],[92.37673,23.08525],[92.37502,23.08466],[92.37124,23.08898],[92.36904,23.09519],[92.36977,23.09683],[92.36689,23.09612],[92.36504,23.0979],[92.36298,23.09752],[92.36121,23.09855],[92.36174,23.10049],[92.35786,23.10353],[92.35989,23.10521],[92.3599,23.10625],[92.35821,23.10586],[92.36041,23.11327],[92.36802,23.12754],[92.36552,23.12714],[92.35682,23.13427],[92.36083,23.14527],[92.35997,23.14697],[92.35811,23.14661],[92.36028,23.14904],[92.36039,23.15313],[92.36205,23.15301],[92.36201,23.15655],[92.36413,23.15656],[92.3608,23.16229],[92.36236,23.16505],[92.36142,23.16773],[92.35871,23.16884],[92.35752,23.17179],[92.35713,23.17807],[92.35437,23.17882],[92.35549,23.18025],[92.36084,23.18025],[92.36112,23.18279],[92.35829,23.18516],[92.35395,23.18475],[92.35332,23.18586],[92.35412,23.19026],[92.35218,23.19478],[92.35427,23.19723],[92.35465,23.19925],[92.35314,23.19982],[92.35485,23.20032],[92.35242,23.20639],[92.35507,23.20697],[92.35335,23.2243],[92.35068,23.23425],[92.34671,23.23579],[92.40131,23.23671],[92.40199,23.23784],[92.4002,23.239],[92.40403,23.24062],[92.40246,23.24255],[92.39958,23.2419],[92.39697,23.24999],[92.39564,23.25006],[92.39839,23.25579],[92.38952,23.25949],[92.38872,23.26636],[92.39185,23.26416],[92.39458,23.26449],[92.38799,23.28153],[92.38093,23.28528],[92.38227,23.29075],[92.3845,23.29241],[92.38248,23.29653],[92.38441,23.29847],[92.38284,23.30154],[92.38575,23.30374],[92.38569,23.30626],[92.37611,23.31313],[92.37723,23.31848],[92.37561,23.32021],[92.37146,23.31815],[92.36784,23.32316],[92.36795,23.3173],[92.36425,23.32326],[92.36816,23.32563],[92.37199,23.33181],[92.37448,23.33688],[92.37593,23.34681],[92.38079,23.35169],[92.38042,23.35574],[92.37633,23.35676],[92.37905,23.36211],[92.37567,23.36554],[92.37084,23.36585],[92.36924,23.36723],[92.37065,23.37358],[92.3639,23.36626],[92.35974,23.36827],[92.35611,23.37275],[92.36488,23.37971],[92.36333,23.38123],[92.35585,23.37977],[92.35256,23.3812],[92.35277,23.38286],[92.35662,23.38488],[92.35578,23.38783],[92.35871,23.39082],[92.35715,23.39179],[92.35567,23.3892],[92.3544,23.38946],[92.35292,23.39948],[92.35295,23.4054],[92.35417,23.40586],[92.35535,23.40092],[92.35781,23.40448],[92.35734,23.41062],[92.35248,23.41365],[92.34752,23.41332],[92.34787,23.4255],[92.34626,23.43341],[92.34409,23.43341],[92.34159,23.43572],[92.33782,23.43194],[92.33559,23.43363],[92.33503,23.42867],[92.33346,23.429],[92.33037,23.44599],[92.32952,23.44794],[92.32699,23.44856],[92.32905,23.45276],[92.33139,23.45346],[92.33326,23.4565],[92.33158,23.45732],[92.33163,23.45524],[92.32919,23.45447],[92.32527,23.45924],[92.33046,23.45952],[92.33168,23.46635],[92.32728,23.46689],[92.31702,23.47181],[92.32011,23.47535],[92.32043,23.47398],[92.32371,23.47379],[92.32238,23.47831],[92.32615,23.47888],[92.32091,23.48062],[92.32161,23.48309],[92.31603,23.48698],[92.32181,23.49023],[92.32186,23.49192],[92.31882,23.49228],[92.31743,23.49455],[92.32038,23.49451],[92.31934,23.50062],[92.32271,23.50103],[92.31885,23.50339],[92.3197,23.51257],[92.31606,23.51196],[92.31533,23.51355],[92.31827,23.51488],[92.31724,23.51752],[92.31353,23.51535],[92.3131,23.52077],[92.31782,23.52625],[92.31609,23.52939],[92.31399,23.52992],[92.31361,23.53348],[92.30958,23.53241],[92.30616,23.53517],[92.30793,23.54121],[92.31002,23.5424],[92.31059,23.54717],[92.30885,23.55136],[92.3107,23.55561],[92.31297,23.55352],[92.31325,23.5567],[92.30668,23.56451],[92.30689,23.56626],[92.30803,23.56496],[92.30861,23.56623],[92.30906,23.5702],[92.30861,23.57177],[92.30673,23.57188],[92.30757,23.56919],[92.30506,23.57368],[92.3081,23.57776],[92.3014,23.5884],[92.30183,23.5922],[92.29818,23.59259],[92.29673,23.58815],[92.29471,23.58988],[92.29346,23.59522],[92.29132,23.59542],[92.28886,23.59827],[92.28854,23.59571],[92.28712,23.59615],[92.28818,23.60737],[92.28724,23.61684],[92.28972,23.61989],[92.29585,23.62148],[92.28928,23.62868],[92.2806,23.6307],[92.27907,23.62926],[92.27999,23.62596],[92.27877,23.62495],[92.27643,23.6316],[92.28171,23.6387],[92.27508,23.64212],[92.27294,23.64173],[92.27505,23.65012],[92.28109,23.66101],[92.28343,23.66193],[92.28898,23.68009],[92.29134,23.68129],[92.28955,23.68636],[92.29085,23.69096],[92.28953,23.69255],[92.28926,23.70198],[92.28539,23.70332],[92.28461,23.70738],[92.28321,23.70687],[92.27843,23.71],[92.27965,23.71568],[92.2782,23.71752],[92.27469,23.72041],[92.26812,23.72233],[92.26599,23.72473],[92.26163,23.72344],[92.25784,23.72525],[92.24941,23.72431],[92.24822,23.72271],[92.24108,23.72051],[92.23659,23.71349],[92.23669,23.71135],[92.23971,23.70811],[92.23993,23.70248],[92.24252,23.69908],[92.24219,23.69484],[92.24061,23.693],[92.23661,23.69295],[92.23491,23.68649],[92.23202,23.68478],[92.23342,23.6815],[92.23072,23.67549],[92.23318,23.66764],[92.22968,23.66623],[92.22569,23.65525],[92.2227,23.65301],[92.21931,23.65203],[92.21146,23.65315],[92.21101,23.65888],[92.20672,23.6611],[92.20766,23.66721],[92.20581,23.67234],[92.20743,23.67766],[92.2125,23.68124],[92.21378,23.68514],[92.21087,23.68877],[92.2113,23.69068],[92.20976,23.69158],[92.20697,23.70065],[92.20402,23.702],[92.20281,23.70592],[92.1935,23.70685],[92.18608,23.71107],[92.18467,23.70824],[92.17768,23.70767],[92.17649,23.71654],[92.17305,23.7178],[92.16959,23.72337],[92.17141,23.72632],[92.17077,23.7329],[92.17287,23.73581],[92.17206,23.73818],[92.16666,23.74027],[92.16488,23.739],[92.16235,23.73971],[92.15604,23.73686],[92.15481,23.73444],[92.14856,23.73571],[92.1442,23.73322],[92.14209,23.7254],[92.13838,23.721],[92.13923,23.72032],[92.13376,23.71585],[92.12901,23.70799],[92.12523,23.70657],[92.12475,23.70091],[92.12289,23.6996],[92.12378,23.69575],[92.12131,23.69517],[92.12076,23.69279],[92.11807,23.69127],[92.11628,23.6914],[92.11415,23.6944],[92.11156,23.69023],[92.10618,23.68877],[92.10387,23.68601],[92.105,23.68448],[92.10357,23.68267],[92.10419,23.68093],[92.10069,23.67898],[92.0997,23.67679],[92.0932,23.67854],[92.09175,23.67714],[92.08753,23.6807],[92.08659,23.67956],[92.08507,23.68089],[92.08307,23.68013],[92.08057,23.67136],[92.07839,23.67111],[92.0763,23.66805],[92.08002,23.66232],[92.07928,23.65592],[92.07775,23.65449],[92.07926,23.6487],[92.07379,23.64759],[92.09248,23.61136],[92.11565,23.55599],[92.12406,23.52564],[92.13697,23.43043],[92.13233,23.42348],[92.12019,23.41296],[92.09074,23.39798],[92.07055,23.38133],[92.04839,23.36567],[92.07263,23.35231],[92.10906,23.32807],[92.12507,23.31899],[92.12666,23.26527],[92.13017,23.22447],[92.13393,23.20507],[92.1395,23.18805],[92.14816,23.17308],[92.15471,23.15084],[92.18108,23.10195],[92.16871,23.09531],[92.1511,23.0922],[92.14255,23.08926],[92.14083,23.08989],[92.14115,23.09387],[92.13849,23.09554],[92.11535,23.08015],[92.0804,23.07532],[92.07174,23.07269],[92.10471,23.0036],[92.11831,22.95861],[92.11277,22.95457],[92.08241,22.94137],[92.07007,22.93349],[92.06375,22.92385],[92.05927,22.90341],[92.05377,22.89432],[92.04772,22.88878],[92.03996,22.88437],[92.03016,22.88321],[92.01887,22.88401],[92.01151,22.87102],[92.00592,22.85175],[92.00067,22.84235],[91.99275,22.83701],[91.98066,22.83433],[91.97812,22.82865],[91.97566,22.81346],[91.9746,22.79643],[91.97595,22.78643],[91.9958,22.74413],[92.00141,22.72681],[91.99557,22.72134],[91.98995,22.71917],[91.96664,22.71779],[91.96254,22.69104],[91.95364,22.68962],[91.94529,22.69005],[91.93693,22.68759],[91.92755,22.68871],[91.92765,22.68349],[91.92573,22.68037],[91.9369,22.67722],[91.93695,22.67419],[91.94305,22.66869],[91.93486,22.65738],[91.93495,22.65331],[91.93243,22.6524],[91.93519,22.65052],[91.93877,22.64139],[91.9375,22.63742],[91.93941,22.63461],[91.93714,22.63298],[91.94001,22.62746],[91.93885,22.62407],[91.945,22.61185],[91.94445,22.60972],[91.94145,22.60919],[91.94133,22.60695],[91.94787,22.60329],[91.94834,22.59923],[91.95206,22.59678],[91.9515,22.59091],[91.95417,22.59112],[91.95588,22.58966],[91.95488,22.5851],[91.95796,22.58176],[91.95668,22.57779],[91.96186,22.57409],[91.95996,22.57053],[91.96246,22.56755],[91.959,22.5654],[91.96424,22.56324],[91.96377,22.55863],[91.96737,22.55457],[91.96635,22.55062],[91.96933,22.54784],[91.96646,22.54416],[91.96971,22.54188],[91.96975,22.53736],[91.97245,22.53427],[91.97228,22.52737],[91.97414,22.52243],[91.97154,22.51935],[91.97559,22.51929],[91.97692,22.51737],[91.97531,22.51439],[91.97822,22.50782],[91.97404,22.50688],[91.9734,22.50418],[91.97478,22.5025],[91.97037,22.49531],[91.97597,22.49039],[91.97977,22.49268],[91.98443,22.49051],[91.98684,22.49228],[91.98938,22.4902],[91.98859,22.4887],[91.98124,22.48896],[91.98087,22.48324],[91.98779,22.48349],[91.99152,22.4861],[91.99645,22.48483],[91.99965,22.48612],[92.00493,22.4888],[92.006,22.49687],[92.00951,22.49886],[92.01617,22.49923],[92.01623,22.50631],[92.02157,22.50926],[92.01748,22.51825],[92.02033,22.52202],[92.02527,22.52278],[92.02598,22.5264],[92.02808,22.52775],[92.02481,22.53059],[92.02489,22.53403],[92.02134,22.53583],[92.02034,22.54127],[92.02194,22.54337],[92.01471,22.54877],[92.01752,22.56899],[92.01369,22.56993],[92.01456,22.57296],[92.00641,22.58163],[92.00592,22.58655],[92.00948,22.59301],[92.01286,22.60494],[92.02381,22.61035],[92.02816,22.60947],[92.03134,22.61088],[92.03286,22.61304],[92.03088,22.61682],[92.03679,22.61868],[92.0352,22.62231],[92.03745,22.62325],[92.04109,22.61934],[92.0405,22.61137],[92.04598,22.61106],[92.04526,22.6071],[92.05124,22.61269],[92.05467,22.61298],[92.05652,22.61123],[92.06032,22.61483],[92.06968,22.61484],[92.07097,22.60929],[92.08105,22.60899],[92.07985,22.6014],[92.07562,22.5959],[92.0758,22.59355],[92.08083,22.59449],[92.08498,22.58637],[92.0944,22.58285],[92.09858,22.57709],[92.10058,22.57708],[92.10421,22.5701],[92.10421,22.56269],[92.09908,22.55809],[92.10517,22.5582],[92.10656,22.55679],[92.10833,22.54683],[92.10577,22.54338],[92.10864,22.53539],[92.10783,22.52992],[92.10973,22.52906],[92.11357,22.53146],[92.1154,22.53114],[92.12181,22.51595],[92.12275,22.51196],[92.12106,22.50861],[92.123,22.50058],[92.12861,22.4924],[92.12922,22.4825],[92.13334,22.47902],[92.12998,22.47386],[92.13385,22.46919],[92.13399,22.46412],[92.1282,22.45879],[92.14017,22.4501],[92.13901,22.44019],[92.14278,22.43678],[92.138,22.43582],[92.13617,22.43102],[92.13145,22.42994],[92.12732,22.43071],[92.12368,22.42308],[92.11629,22.42327],[92.1164,22.41808],[92.11855,22.41608],[92.09915,22.4004],[92.10401,22.39343],[92.10422,22.39101],[92.10818,22.39185],[92.10933,22.3902],[92.11339,22.37897],[92.11621,22.3769],[92.11627,22.37423],[92.11938,22.37261],[92.12039,22.36668],[92.12231,22.36579],[92.13168,22.37003],[92.13995,22.36752],[92.13752,22.36337],[92.1394,22.35493],[92.13434,22.3548],[92.13192,22.35287],[92.13205,22.35104],[92.13322,22.34939],[92.13637,22.34996],[92.13999,22.34809],[92.14594,22.34774],[92.17241,22.34827],[92.18844,22.34637],[92.19762,22.34341],[92.19467,22.33725],[92.19553,22.33228],[92.20826,22.33046],[92.22479,22.33106],[92.26381,22.34389],[92.28089,22.35569],[92.33314,22.34505],[92.36193,22.34086],[92.37258,22.33623],[92.40031,22.31477],[92.43741,22.27765],[92.46164,22.25645],[92.47619,22.23719],[92.4834,22.22002],[92.48687,22.19788],[92.49722,22.1533],[92.49862,22.11353],[92.50496,22.09202],[92.51562,22.0679],[92.52401,22.0247],[92.53811,21.98853],[92.54786,21.97202],[92.57014,21.92707],[92.5772,21.90243],[92.58573,21.88268],[92.59671,21.86793],[92.61391,21.85191]]]}},{"type":"Feature","properties":{"ADM2_EN":"Rangpur","ADM1_EN":"Rangpur"},"geometry":{"type":"Polygon","coordinates":[[[89.28066,25.30135],[89.28666,25.29973],[89.28985,25.3019],[89.29227,25.29924],[89.30387,25.30031],[89.31336,25.29942],[89.31835,25.30275],[89.32644,25.30046],[89.32893,25.30304],[89.33474,25.30104],[89.33523,25.30361],[89.34276,25.3043],[89.34066,25.3067],[89.34628,25.30983],[89.34394,25.31976],[89.34196,25.31928],[89.34122,25.31569],[89.33639,25.31418],[89.3342,25.3151],[89.33401,25.31763],[89.33021,25.32193],[89.33258,25.32441],[89.33442,25.32381],[89.33377,25.32618],[89.338,25.32717],[89.33969,25.32902],[89.34423,25.32709],[89.34631,25.32779],[89.34722,25.3365],[89.3402,25.33697],[89.34029,25.34237],[89.34512,25.35265],[89.34273,25.35969],[89.34317,25.36687],[89.3447,25.37034],[89.35496,25.37291],[89.3508,25.37878],[89.35322,25.38017],[89.35574,25.38503],[89.36036,25.38593],[89.3646,25.39007],[89.36477,25.39552],[89.36783,25.39828],[89.36535,25.40105],[89.36571,25.40286],[89.37537,25.4065],[89.37687,25.40984],[89.37836,25.40982],[89.37675,25.41376],[89.37747,25.41711],[89.38174,25.41848],[89.37978,25.42104],[89.37737,25.4201],[89.37796,25.42426],[89.38089,25.42397],[89.38359,25.42871],[89.37789,25.43219],[89.38065,25.43826],[89.38034,25.44375],[89.39141,25.44184],[89.39928,25.46456],[89.40127,25.46522],[89.40507,25.46291],[89.40835,25.46695],[89.41518,25.46276],[89.41559,25.46451],[89.41835,25.46477],[89.41891,25.4685],[89.42329,25.47007],[89.42562,25.4759],[89.43013,25.47424],[89.43364,25.48714],[89.43628,25.48821],[89.4401,25.48672],[89.4421,25.48832],[89.43938,25.50112],[89.44429,25.50396],[89.44127,25.50663],[89.43979,25.5121],[89.45052,25.51765],[89.44447,25.52177],[89.44351,25.51843],[89.43404,25.5205],[89.43517,25.52393],[89.44234,25.52553],[89.44322,25.52763],[89.4412,25.52829],[89.43945,25.52603],[89.43784,25.52712],[89.43971,25.5303],[89.43792,25.53846],[89.43537,25.53744],[89.43392,25.53317],[89.42853,25.53161],[89.42827,25.53603],[89.42578,25.53699],[89.42119,25.53376],[89.41962,25.53149],[89.42021,25.52923],[89.41837,25.52856],[89.41564,25.52973],[89.41695,25.5343],[89.41218,25.53628],[89.4056,25.53225],[89.40258,25.53431],[89.4035,25.53893],[89.40525,25.5387],[89.40568,25.53573],[89.41178,25.54161],[89.41098,25.54269],[89.40589,25.54215],[89.40493,25.54727],[89.41329,25.54944],[89.4117,25.55146],[89.40761,25.54944],[89.40462,25.55015],[89.40866,25.55302],[89.40753,25.56951],[89.41303,25.57577],[89.41288,25.58835],[89.41574,25.58948],[89.43228,25.58764],[89.43434,25.59201],[89.43718,25.59075],[89.43621,25.58828],[89.43769,25.5852],[89.4428,25.5844],[89.44408,25.58598],[89.44595,25.58564],[89.4488,25.59015],[89.45436,25.58967],[89.45447,25.59199],[89.45845,25.59149],[89.45995,25.59524],[89.46308,25.59434],[89.46428,25.59726],[89.47015,25.59663],[89.4698,25.59863],[89.47101,25.59872],[89.47355,25.5978],[89.47265,25.59252],[89.47739,25.59019],[89.4784,25.58778],[89.48448,25.58365],[89.48755,25.57587],[89.48953,25.57686],[89.49406,25.57616],[89.49579,25.57865],[89.494,25.58075],[89.49825,25.58574],[89.49051,25.59038],[89.48844,25.5999],[89.49446,25.6147],[89.49757,25.6153],[89.49847,25.61183],[89.50068,25.61032],[89.5029,25.61154],[89.50305,25.61374],[89.50104,25.6146],[89.49707,25.62222],[89.4985,25.62333],[89.50339,25.61912],[89.5082,25.61822],[89.51397,25.61959],[89.51792,25.62276],[89.52186,25.62298],[89.52276,25.62534],[89.52008,25.62884],[89.52253,25.63395],[89.53098,25.64545],[89.53589,25.64899],[89.53314,25.64979],[89.53079,25.65499],[89.53084,25.64892],[89.5263,25.65108],[89.51869,25.64416],[89.51923,25.65877],[89.51761,25.65998],[89.5144,25.65823],[89.51419,25.65978],[89.5149,25.66786],[89.51915,25.67843],[89.5198,25.68413],[89.51961,25.68621],[89.51617,25.68663],[89.51464,25.6912],[89.51344,25.69944],[89.51523,25.70695],[89.50825,25.7173],[89.49707,25.7131],[89.49197,25.71343],[89.48495,25.7277],[89.48798,25.72941],[89.49827,25.73017],[89.50042,25.74589],[89.4991,25.7482],[89.49653,25.74795],[89.49342,25.75146],[89.49168,25.75007],[89.48714,25.75091],[89.48658,25.75441],[89.48082,25.7531],[89.47867,25.7591],[89.47988,25.76251],[89.46922,25.77713],[89.46943,25.77944],[89.46697,25.77973],[89.46276,25.78625],[89.45792,25.78359],[89.45919,25.78638],[89.45775,25.78661],[89.45523,25.78391],[89.45069,25.78791],[89.44697,25.78419],[89.44643,25.78697],[89.44286,25.78613],[89.43785,25.78845],[89.42946,25.7883],[89.42939,25.79518],[89.41966,25.7935],[89.41889,25.79225],[89.4164,25.79405],[89.4146,25.79271],[89.41128,25.79352],[89.40865,25.79585],[89.3924,25.79609],[89.38572,25.79807],[89.38397,25.80083],[89.37627,25.80427],[89.3713,25.81003],[89.37061,25.81751],[89.36729,25.81862],[89.36197,25.81688],[89.35314,25.82175],[89.34751,25.82111],[89.34651,25.8226],[89.34908,25.82532],[89.3475,25.82806],[89.34226,25.83238],[89.33878,25.83175],[89.33444,25.83751],[89.3348,25.85036],[89.32864,25.8546],[89.32787,25.85674],[89.31629,25.85794],[89.31302,25.86452],[89.30815,25.86474],[89.30547,25.86676],[89.30359,25.87121],[89.30054,25.87295],[89.29869,25.87639],[89.29637,25.87588],[89.29278,25.88049],[89.28914,25.88963],[89.29136,25.88998],[89.28512,25.89144],[89.28177,25.89624],[89.27931,25.89664],[89.27579,25.89626],[89.27222,25.89224],[89.26408,25.8904],[89.25891,25.89754],[89.25217,25.89716],[89.2474,25.90083],[89.23483,25.90467],[89.23012,25.9116],[89.22336,25.91734],[89.22231,25.92302],[89.22017,25.92003],[89.21764,25.92034],[89.21166,25.92768],[89.2108,25.93327],[89.20668,25.93584],[89.20476,25.93922],[89.20276,25.93938],[89.20058,25.9456],[89.19672,25.94634],[89.19205,25.94261],[89.1795,25.95271],[89.17605,25.95295],[89.1727,25.95074],[89.15636,25.95358],[89.14184,25.96417],[89.13515,25.96296],[89.13271,25.9644],[89.12536,25.96052],[89.11694,25.96647],[89.10968,25.96618],[89.10761,25.96473],[89.10937,25.95802],[89.10656,25.95012],[89.10273,25.94514],[89.10211,25.93954],[89.09857,25.93663],[89.09423,25.93672],[89.10048,25.9325],[89.10211,25.93531],[89.10421,25.9347],[89.10325,25.93072],[89.10023,25.928],[89.1008,25.92634],[89.10293,25.92702],[89.1037,25.92333],[89.10031,25.91694],[89.10108,25.91416],[89.10359,25.91299],[89.10285,25.91078],[89.0999,25.90957],[89.10019,25.90664],[89.09765,25.90537],[89.09957,25.90217],[89.09925,25.89756],[89.10004,25.89688],[89.10201,25.89867],[89.10555,25.89679],[89.10748,25.89159],[89.10895,25.89191],[89.1109,25.88991],[89.11188,25.88652],[89.11628,25.88612],[89.11491,25.88142],[89.10257,25.87522],[89.10363,25.86747],[89.1011,25.86426],[89.09629,25.86192],[89.09614,25.85961],[89.10049,25.85137],[89.08901,25.8479],[89.08728,25.84588],[89.0881,25.83273],[89.09127,25.82905],[89.0905,25.8268],[89.08881,25.82844],[89.08288,25.82615],[89.08155,25.83151],[89.07804,25.83116],[89.07218,25.8337],[89.06201,25.8341],[89.06026,25.83179],[89.05659,25.83158],[89.05632,25.8278],[89.04868,25.82158],[89.04862,25.81858],[89.04283,25.81258],[89.04333,25.81637],[89.03804,25.81566],[89.03272,25.81857],[89.01472,25.81705],[89.01405,25.81967],[89.00669,25.81401],[89.00199,25.81568],[89.00508,25.81341],[89.00469,25.81234],[88.99698,25.81154],[88.99034,25.81418],[88.98869,25.81107],[88.98663,25.81086],[88.98572,25.8074],[88.97335,25.80728],[88.9714,25.80995],[88.96893,25.81019],[88.96456,25.8136],[88.95669,25.81383],[88.95434,25.81022],[88.94834,25.81],[88.94786,25.80845],[88.94302,25.80647],[88.94507,25.80496],[88.94218,25.80222],[88.94758,25.79999],[88.95231,25.8034],[88.95461,25.80256],[88.9567,25.79936],[88.95678,25.79517],[88.96069,25.79206],[88.95506,25.78822],[88.96129,25.78723],[88.96183,25.78433],[88.95678,25.78014],[88.95714,25.77834],[88.94983,25.77806],[88.9475,25.77302],[88.94552,25.77514],[88.9441,25.76791],[88.9461,25.76749],[88.94547,25.76414],[88.94045,25.76368],[88.94081,25.76191],[88.94569,25.76142],[88.94352,25.75856],[88.94539,25.75258],[88.95083,25.75343],[88.95178,25.75053],[88.95344,25.75056],[88.95425,25.74279],[88.95178,25.74225],[88.95467,25.74096],[88.95347,25.74082],[88.95454,25.73952],[88.95066,25.7398],[88.95041,25.74121],[88.94838,25.7396],[88.94742,25.74108],[88.94924,25.74232],[88.94659,25.74275],[88.94107,25.73433],[88.94159,25.73136],[88.94608,25.73018],[88.94621,25.72695],[88.94146,25.7237],[88.93175,25.72179],[88.93194,25.71542],[88.93032,25.71202],[88.93194,25.71069],[88.93198,25.7062],[88.93867,25.69874],[88.93937,25.69382],[88.94202,25.69137],[88.93985,25.69054],[88.93898,25.68567],[88.94104,25.68321],[88.94284,25.68276],[88.94338,25.68404],[88.95071,25.68165],[88.95215,25.67924],[88.95526,25.67846],[88.95972,25.68345],[88.9644,25.68305],[88.96637,25.68023],[88.96553,25.6772],[88.96773,25.67226],[88.97463,25.6724],[88.97771,25.67054],[88.97813,25.66878],[88.97343,25.66167],[88.97625,25.65802],[88.98108,25.65694],[88.99092,25.66074],[88.99609,25.65946],[88.99578,25.65778],[88.99791,25.65815],[88.99755,25.65517],[89,25.65361],[88.99817,25.6519],[89.0018,25.6519],[89.00165,25.64992],[89.00054,25.64861],[88.99398,25.64767],[88.99493,25.64366],[88.99128,25.64218],[88.99869,25.63971],[88.99951,25.63608],[89.00297,25.63367],[89.00322,25.63211],[88.99964,25.6321],[88.99812,25.63013],[88.99812,25.62505],[89.00208,25.62167],[89.00155,25.61993],[88.99919,25.62],[88.9999,25.61861],[89.00282,25.61751],[89.00322,25.61987],[89.00505,25.61751],[89.00973,25.61946],[89.01069,25.61872],[89.01231,25.61662],[89.0098,25.6143],[89.01401,25.61321],[89.01325,25.60946],[89.01601,25.60251],[89.02409,25.60295],[89.02851,25.60546],[89.03251,25.60271],[89.03831,25.60398],[89.04006,25.60297],[89.04468,25.59828],[89.0452,25.59207],[89.04654,25.59195],[89.04381,25.58769],[89.04558,25.58529],[89.04467,25.58377],[89.04641,25.58423],[89.04784,25.58224],[89.04897,25.58433],[89.05162,25.58472],[89.05143,25.5865],[89.05412,25.58682],[89.05593,25.58535],[89.0566,25.58888],[89.05944,25.58659],[89.06091,25.58834],[89.07274,25.58401],[89.07675,25.58434],[89.07857,25.58281],[89.07798,25.57735],[89.08114,25.5776],[89.0964,25.56832],[89.10028,25.56721],[89.10227,25.57018],[89.10382,25.56929],[89.10377,25.56355],[89.0973,25.55065],[89.09499,25.55039],[89.09338,25.54563],[89.09735,25.54297],[89.10085,25.54336],[89.10016,25.53684],[89.1048,25.53436],[89.10186,25.52802],[89.10541,25.51948],[89.10388,25.51619],[89.11076,25.51386],[89.10493,25.51373],[89.10472,25.51177],[89.10705,25.50886],[89.11016,25.51193],[89.11479,25.50673],[89.11318,25.50642],[89.11101,25.50904],[89.10893,25.50764],[89.10683,25.50832],[89.10677,25.50653],[89.11046,25.50625],[89.11108,25.50287],[89.10688,25.50121],[89.10661,25.4981],[89.1039,25.49981],[89.10378,25.49559],[89.10234,25.49423],[89.10564,25.4906],[89.10314,25.49106],[89.10295,25.48965],[89.10824,25.48693],[89.10402,25.48441],[89.11002,25.48435],[89.11168,25.48113],[89.10582,25.47704],[89.10459,25.47443],[89.10633,25.47175],[89.11282,25.47049],[89.11485,25.46781],[89.11508,25.46136],[89.11899,25.46253],[89.12053,25.46771],[89.12341,25.4688],[89.12164,25.46052],[89.12502,25.46139],[89.12998,25.45988],[89.13034,25.45823],[89.12223,25.4581],[89.11589,25.45556],[89.11527,25.45353],[89.12059,25.45286],[89.1226,25.44978],[89.12524,25.45173],[89.12994,25.44487],[89.13117,25.44583],[89.12996,25.44821],[89.13409,25.44639],[89.138,25.44689],[89.13248,25.44103],[89.13797,25.4401],[89.13974,25.43629],[89.14851,25.43395],[89.14833,25.43102],[89.15191,25.42469],[89.14866,25.41661],[89.15153,25.41472],[89.15114,25.41291],[89.14511,25.41163],[89.13885,25.41475],[89.1377,25.41214],[89.14809,25.40839],[89.15404,25.41],[89.15675,25.4082],[89.15816,25.40365],[89.15222,25.40569],[89.1507,25.40509],[89.15177,25.40347],[89.15892,25.40204],[89.16053,25.4052],[89.16262,25.40541],[89.16473,25.39992],[89.17182,25.40522],[89.17635,25.40162],[89.1765,25.39793],[89.18418,25.3961],[89.18809,25.38646],[89.19303,25.39045],[89.20171,25.38917],[89.20248,25.39081],[89.20034,25.39437],[89.20205,25.3941],[89.2028,25.39215],[89.20523,25.39149],[89.20491,25.38869],[89.20661,25.38628],[89.21177,25.38133],[89.21532,25.38049],[89.21709,25.37666],[89.21637,25.37448],[89.21216,25.37166],[89.21074,25.36812],[89.2065,25.36808],[89.20969,25.36447],[89.21488,25.36558],[89.22543,25.36474],[89.22601,25.36245],[89.22202,25.35861],[89.22538,25.35789],[89.23157,25.36075],[89.22991,25.366],[89.23365,25.36656],[89.23606,25.36487],[89.23774,25.35767],[89.23211,25.35586],[89.23334,25.35249],[89.23955,25.34998],[89.24489,25.35301],[89.24617,25.35243],[89.24109,25.348],[89.23389,25.34538],[89.23869,25.34243],[89.23939,25.34064],[89.23778,25.33973],[89.23442,25.34068],[89.23007,25.34453],[89.23049,25.3471],[89.22864,25.34413],[89.22708,25.34404],[89.22127,25.33235],[89.22673,25.33043],[89.23095,25.33839],[89.23522,25.33304],[89.24543,25.33415],[89.2446,25.33005],[89.23913,25.32874],[89.23582,25.32602],[89.2357,25.3234],[89.23818,25.32169],[89.23782,25.31914],[89.24486,25.31874],[89.25474,25.31551],[89.25673,25.31642],[89.26064,25.32274],[89.2632,25.32319],[89.26538,25.31868],[89.26202,25.31745],[89.26098,25.31447],[89.25718,25.31277],[89.25678,25.31079],[89.26001,25.31009],[89.26295,25.31279],[89.26577,25.31309],[89.26869,25.31094],[89.27063,25.30587],[89.28252,25.30185],[89.28066,25.30135]]]}},{"type":"Feature","properties":{"ADM2_EN":"Satkhira","ADM1_EN":"Khulna"},"geometry":{"type":"MultiPolygon","coordinates":[[[[89.24623,21.68914],[89.23441,21.69315],[89.23022,21.7006],[89.22415,21.6986],[89.2173,21.68285],[89.21719,21.67873],[89.20906,21.66441],[89.20817,21.65747],[89.21101,21.6527],[89.21911,21.65603],[89.2218,21.65407],[89.23859,21.65331],[89.24777,21.657],[89.25866,21.6583],[89.26286,21.66214],[89.26022,21.66727],[89.26194,21.66817],[89.26322,21.66675],[89.26969,21.6657],[89.27738,21.66771],[89.28855,21.67809],[89.29191,21.68307],[89.29188,21.6891],[89.29044,21.69101],[89.27455,21.69578],[89.257,21.69672],[89.25006,21.68952],[89.24623,21.68914]]],[[[89.27572,21.75552],[89.26326,21.75815],[89.25195,21.75529],[89.24517,21.75592],[89.23792,21.75314],[89.23051,21.75245],[89.22139,21.74708],[89.22282,21.74303],[89.22024,21.74098],[89.21974,21.73799],[89.22373,21.73365],[89.22257,21.7297],[89.22489,21.72738],[89.22317,21.72438],[89.22543,21.722],[89.22466,21.72099],[89.22826,21.7127],[89.22568,21.70491],[89.23361,21.70441],[89.23586,21.69672],[89.23753,21.69535],[89.24781,21.69199],[89.25467,21.69919],[89.26407,21.70067],[89.26639,21.70289],[89.27751,21.70312],[89.28057,21.70624],[89.27942,21.71131],[89.2819,21.71533],[89.28381,21.72394],[89.2885,21.73167],[89.2848,21.74904],[89.27572,21.75552]]],[[[89.21205,21.82177],[89.19931,21.82582],[89.19292,21.82604],[89.18861,21.82268],[89.18455,21.81663],[89.19016,21.81088],[89.18883,21.79705],[89.19225,21.78622],[89.19714,21.77957],[89.20546,21.77502],[89.20899,21.77073],[89.20984,21.76505],[89.21477,21.76158],[89.21549,21.75714],[89.21864,21.75223],[89.2235,21.75225],[89.23054,21.75592],[89.23757,21.75643],[89.24426,21.75923],[89.25274,21.7586],[89.26199,21.76146],[89.27558,21.7598],[89.28661,21.75478],[89.28723,21.75861],[89.28427,21.76687],[89.28696,21.78189],[89.28179,21.7928],[89.26978,21.79261],[89.25784,21.79452],[89.25341,21.79778],[89.24884,21.8041],[89.24224,21.8082],[89.23925,21.81372],[89.2369,21.81007],[89.2348,21.81101],[89.23298,21.81405],[89.23348,21.81979],[89.23236,21.82072],[89.22897,21.82185],[89.21205,21.82177]]],[[[89.27093,21.8175],[89.2665,21.83197],[89.25867,21.83251],[89.25663,21.83035],[89.25466,21.82068],[89.25206,21.81761],[89.24715,21.8163],[89.23449,21.81917],[89.23365,21.8165],[89.23583,21.81113],[89.23938,21.81516],[89.24281,21.80933],[89.25025,21.80515],[89.25734,21.79712],[89.26981,21.79379],[89.27787,21.79538],[89.28118,21.79414],[89.28188,21.79695],[89.28054,21.80043],[89.27093,21.8175]]],[[[89.10432,21.78113],[89.08429,21.79579],[89.07702,21.81158],[89.07553,21.81979],[89.07627,21.82845],[89.08133,21.84138],[89.08362,21.85698],[89.0683,21.873],[89.06145,21.88391],[89.05727,21.89894],[89.05902,21.91991],[89.04991,21.92263],[89.03726,21.92019],[89.03353,21.91491],[89.03381,21.89511],[89.05265,21.87798],[89.05887,21.86205],[89.0606,21.85331],[89.05926,21.83428],[89.04613,21.79586],[89.04493,21.78673],[89.06762,21.77338],[89.07757,21.7621],[89.09203,21.74009],[89.09815,21.73592],[89.10204,21.73499],[89.10139,21.72949],[89.10643,21.72492],[89.10711,21.72263],[89.11278,21.72018],[89.12133,21.71884],[89.12353,21.71923],[89.12439,21.72096],[89.12772,21.72021],[89.13576,21.72197],[89.14501,21.73244],[89.14701,21.73742],[89.14714,21.74039],[89.14368,21.74563],[89.14524,21.75008],[89.14409,21.75395],[89.14242,21.75557],[89.13397,21.75748],[89.13195,21.76053],[89.13036,21.76989],[89.12255,21.77468],[89.10432,21.78113]]],[[[89.30098,21.83806],[89.30227,21.84681],[89.30634,21.85687],[89.32303,21.87898],[89.33863,21.89028],[89.35594,21.89637],[89.35982,21.90007],[89.35837,21.9144],[89.3482,21.94228],[89.3371,21.96093],[89.31396,21.9861],[89.30636,21.99804],[89.30269,21.99618],[89.29979,21.99233],[89.28879,21.98828],[89.30155,21.98296],[89.30108,21.97689],[89.30349,21.97283],[89.29869,21.9659],[89.29341,21.96339],[89.29822,21.95589],[89.29037,21.95135],[89.29143,21.94429],[89.29001,21.94051],[89.29203,21.93588],[89.29692,21.93074],[89.30332,21.92671],[89.31852,21.92079],[89.32115,21.91698],[89.29083,21.87899],[89.29155,21.87761],[89.30471,21.87346],[89.30806,21.8696],[89.3072,21.86639],[89.29892,21.85737],[89.2963,21.84316],[89.29407,21.83942],[89.28845,21.83705],[89.28353,21.83751],[89.28123,21.83568],[89.29723,21.81854],[89.29742,21.82103],[89.30173,21.82606],[89.30098,21.83806]]],[[[89.1853,22.02191],[89.16499,22.0207],[89.17155,22.00121],[89.1713,21.9957],[89.16729,21.9882],[89.15661,21.97493],[89.14308,21.96175],[89.14046,21.95024],[89.14279,21.93831],[89.14942,21.92842],[89.15492,21.92513],[89.17696,21.92628],[89.18179,21.93154],[89.18119,21.93574],[89.16802,21.94101],[89.1645,21.94465],[89.16511,21.94866],[89.16918,21.95499],[89.16552,21.94456],[89.17145,21.94035],[89.18259,21.93612],[89.18353,21.93318],[89.18093,21.92563],[89.20162,21.92391],[89.21071,21.91836],[89.21343,21.91283],[89.21361,21.90887],[89.21246,21.90408],[89.20154,21.88605],[89.19937,21.84937],[89.19398,21.82898],[89.21282,21.8241],[89.23148,21.82371],[89.23642,21.82063],[89.2492,21.8182],[89.25338,21.82238],[89.25463,21.83456],[89.25896,21.8401],[89.25579,21.84633],[89.25693,21.85081],[89.254,21.85456],[89.25726,21.85935],[89.25079,21.85826],[89.24487,21.86549],[89.23964,21.86605],[89.24501,21.86652],[89.25072,21.85962],[89.25843,21.86041],[89.25491,21.85542],[89.25816,21.85183],[89.25679,21.84579],[89.26023,21.84011],[89.25564,21.8342],[89.26306,21.83557],[89.26773,21.84396],[89.26963,21.84334],[89.27192,21.84708],[89.27378,21.85393],[89.26764,21.86814],[89.26895,21.88315],[89.24733,21.88731],[89.24262,21.88533],[89.23781,21.87981],[89.23169,21.87666],[89.22858,21.87855],[89.22937,21.88667],[89.23342,21.88992],[89.22965,21.88469],[89.22937,21.8787],[89.23078,21.87756],[89.23531,21.87953],[89.24509,21.88807],[89.25389,21.88781],[89.26942,21.8843],[89.28012,21.89641],[89.28504,21.90537],[89.26432,21.90628],[89.25385,21.90924],[89.24565,21.91542],[89.24073,21.92869],[89.22221,21.92941],[89.21071,21.93516],[89.20409,21.94353],[89.20185,21.94897],[89.20463,21.96233],[89.21154,21.96817],[89.23538,21.97814],[89.24158,21.98276],[89.24273,21.98559],[89.24199,21.98763],[89.2352,21.99071],[89.19491,22.00258],[89.18914,22.00955],[89.1853,22.02191]]],[[[89.12373,22.04617],[89.12838,22.05928],[89.13147,22.06338],[89.13612,22.06632],[89.13483,22.0703],[89.12855,22.07276],[89.12093,22.06957],[89.11475,22.06041],[89.11203,22.05335],[89.10566,22.0505],[89.10481,22.04525],[89.09575,22.04932],[89.09353,22.04065],[89.09573,22.02163],[89.09081,22.01423],[89.09428,21.98635],[89.09701,21.97969],[89.09482,21.97631],[89.09346,21.96129],[89.09374,21.95376],[89.09715,21.94025],[89.1079,21.94509],[89.11552,21.95207],[89.11538,21.95426],[89.10646,21.95916],[89.1093,21.96758],[89.10616,21.97588],[89.10802,21.97816],[89.11883,21.97949],[89.11437,21.98783],[89.11539,21.99072],[89.13021,21.99812],[89.12838,22.00416],[89.13153,22.00805],[89.1272,22.01654],[89.12736,22.02617],[89.11694,22.02739],[89.11561,22.02968],[89.11944,22.04033],[89.12373,22.04617]]],[[[89.14955,22.02811],[89.14725,22.03315],[89.14694,22.03969],[89.15119,22.05031],[89.15702,22.05628],[89.1735,22.06225],[89.16934,22.06654],[89.14949,22.07667],[89.14128,22.06755],[89.13408,22.064],[89.13033,22.05982],[89.1276,22.05501],[89.12598,22.04753],[89.1213,22.04132],[89.1175,22.03197],[89.11717,22.02832],[89.12792,22.02695],[89.12873,22.01638],[89.13338,22.00777],[89.12915,22.00317],[89.13139,21.99884],[89.1306,21.99639],[89.12041,21.9922],[89.11602,21.98793],[89.12028,21.98224],[89.12085,21.979],[89.10778,21.97571],[89.11207,21.96679],[89.10832,21.95982],[89.11598,21.95702],[89.1175,21.95481],[89.11693,21.95107],[89.11039,21.94492],[89.09744,21.93804],[89.09462,21.93915],[89.09223,21.94845],[89.08439,21.92684],[89.08996,21.92692],[89.0962,21.92134],[89.10551,21.92321],[89.11039,21.9258],[89.11162,21.93148],[89.1176,21.93306],[89.12995,21.94681],[89.12949,21.94497],[89.11803,21.93186],[89.11269,21.93115],[89.11158,21.92604],[89.10768,21.92284],[89.09577,21.92055],[89.08902,21.92575],[89.08372,21.92432],[89.08155,21.92036],[89.0798,21.90367],[89.09402,21.8865],[89.09846,21.87749],[89.10491,21.84672],[89.10299,21.82605],[89.11615,21.81712],[89.11824,21.81985],[89.11903,21.8247],[89.11481,21.83249],[89.11364,21.838],[89.11449,21.84126],[89.11774,21.84557],[89.12997,21.84852],[89.12978,21.85363],[89.11873,21.87587],[89.12652,21.88729],[89.12545,21.89046],[89.12236,21.89178],[89.12633,21.89106],[89.12778,21.88847],[89.12376,21.88007],[89.12075,21.87821],[89.12064,21.87524],[89.12943,21.85893],[89.13245,21.84944],[89.12906,21.84712],[89.11883,21.84429],[89.11667,21.84219],[89.11716,21.83266],[89.11965,21.82928],[89.1208,21.82401],[89.11849,21.81732],[89.11539,21.81597],[89.10265,21.82206],[89.09909,21.81372],[89.12765,21.80274],[89.1347,21.80219],[89.1335,21.79957],[89.13764,21.79734],[89.15173,21.79493],[89.15515,21.79576],[89.15709,21.80103],[89.16756,21.80308],[89.16967,21.81687],[89.17184,21.82247],[89.17848,21.8302],[89.17923,21.83879],[89.17359,21.84241],[89.17067,21.84708],[89.16252,21.84926],[89.1621,21.85152],[89.16524,21.85627],[89.16253,21.86234],[89.15774,21.86222],[89.15346,21.85914],[89.15149,21.85981],[89.14971,21.86597],[89.15416,21.87013],[89.15445,21.8725],[89.14568,21.87546],[89.14324,21.87274],[89.14222,21.87513],[89.14545,21.88014],[89.14325,21.87368],[89.14547,21.87662],[89.15246,21.87341],[89.15558,21.87346],[89.15566,21.87013],[89.15104,21.86578],[89.15181,21.86152],[89.15306,21.86085],[89.15904,21.8639],[89.16408,21.86224],[89.16621,21.8561],[89.1635,21.85019],[89.17194,21.84837],[89.17408,21.84428],[89.18048,21.84009],[89.18112,21.83394],[89.18235,21.83424],[89.18486,21.83731],[89.18295,21.8591],[89.18504,21.87398],[89.20114,21.91268],[89.18506,21.91571],[89.1687,21.91372],[89.15407,21.91369],[89.14433,21.91682],[89.13939,21.92239],[89.13502,21.94064],[89.13107,21.95017],[89.13287,21.96287],[89.13907,21.9737],[89.16082,21.99148],[89.16308,21.99516],[89.16064,21.99725],[89.16252,21.99894],[89.16247,22.00235],[89.15661,22.01739],[89.14955,22.02811]]],[[[89.26135,22.08076],[89.25704,22.08265],[89.2514,22.09248],[89.24801,22.09505],[89.23075,22.1001],[89.22551,22.09598],[89.22663,22.09154],[89.24033,22.08199],[89.24837,22.07397],[89.25237,22.06828],[89.25361,22.06037],[89.25067,22.04982],[89.2448,22.04035],[89.23811,22.03277],[89.23388,22.02475],[89.21934,22.0082],[89.22358,22.00498],[89.23868,21.99921],[89.24867,21.99132],[89.25069,21.98696],[89.25077,21.98101],[89.24879,21.97633],[89.24224,21.97015],[89.23528,21.96601],[89.21748,21.95943],[89.2099,21.95205],[89.21973,21.94486],[89.23604,21.94168],[89.23063,21.94804],[89.2304,21.95019],[89.24719,21.95363],[89.25769,21.96149],[89.26118,21.96583],[89.25571,21.97298],[89.26508,21.97731],[89.26096,21.98386],[89.26305,21.99764],[89.26224,21.9834],[89.26588,21.97958],[89.26581,21.97766],[89.26464,21.9758],[89.25667,21.97336],[89.26247,21.96582],[89.25927,21.96207],[89.24535,21.95178],[89.23196,21.94917],[89.23859,21.94117],[89.25388,21.92873],[89.26007,21.91657],[89.27901,21.91998],[89.27665,21.92546],[89.2708,21.92694],[89.2687,21.92909],[89.26918,21.93937],[89.26121,21.94393],[89.26662,21.94243],[89.27069,21.93921],[89.26948,21.93031],[89.27066,21.92873],[89.27787,21.92594],[89.28178,21.919],[89.28935,21.91579],[89.29442,21.91046],[89.29623,21.90196],[89.29265,21.89214],[89.28585,21.88255],[89.2778,21.8753],[89.28374,21.85921],[89.28421,21.84267],[89.29307,21.84137],[89.29607,21.85721],[89.30643,21.86978],[89.29294,21.87488],[89.28987,21.87755],[89.28981,21.88051],[89.31949,21.91845],[89.29911,21.92745],[89.29242,21.93302],[89.28875,21.9395],[89.28866,21.94943],[89.29123,21.95255],[89.29608,21.95469],[89.29224,21.9629],[89.2987,21.9675],[89.30217,21.97246],[89.29964,21.97667],[89.29987,21.98235],[89.28848,21.98628],[89.28722,21.98817],[89.29007,21.99057],[89.29857,21.99322],[89.30561,22.00061],[89.2966,22.02267],[89.29442,22.02626],[89.28626,22.03299],[89.29435,22.02743],[89.2916,22.03403],[89.28096,22.04748],[89.27781,22.05387],[89.27727,22.05931],[89.28145,22.07203],[89.29562,22.08532],[89.29145,22.08746],[89.28599,22.08772],[89.27186,22.08249],[89.26135,22.08076]]],[[[88.90859,22.91916],[88.90538,22.91444],[88.89599,22.91459],[88.89532,22.91325],[88.90124,22.90639],[88.89822,22.89782],[88.90779,22.89371],[88.90538,22.89255],[88.90506,22.88989],[88.90616,22.88746],[88.90808,22.88715],[88.9054,22.88591],[88.90982,22.88483],[88.90921,22.88157],[88.91268,22.88161],[88.90962,22.88102],[88.90979,22.8798],[88.91307,22.87839],[88.91353,22.8798],[88.91881,22.87739],[88.92252,22.88024],[88.92793,22.87265],[88.93988,22.87494],[88.94197,22.87988],[88.94608,22.88008],[88.94944,22.87742],[88.94968,22.87306],[88.95332,22.86842],[88.95297,22.86443],[88.95595,22.86373],[88.9585,22.86066],[88.95803,22.85631],[88.96111,22.85469],[88.96851,22.84414],[88.96408,22.82923],[88.96259,22.81824],[88.95543,22.81158],[88.95535,22.80893],[88.95942,22.80799],[88.95814,22.79639],[88.95309,22.79744],[88.95241,22.79612],[88.94954,22.79742],[88.94173,22.79036],[88.93805,22.7931],[88.93563,22.79024],[88.93563,22.78198],[88.92857,22.78334],[88.92934,22.78036],[88.92387,22.77969],[88.92472,22.77511],[88.92666,22.77439],[88.92577,22.77001],[88.91893,22.77105],[88.91098,22.75786],[88.91223,22.75472],[88.9176,22.75534],[88.92092,22.7528],[88.92108,22.74983],[88.91813,22.74785],[88.91662,22.7442],[88.91566,22.73667],[88.91817,22.73038],[88.92518,22.72804],[88.92792,22.71812],[88.9407,22.71139],[88.94836,22.70552],[88.95112,22.70711],[88.95608,22.70413],[88.96232,22.69511],[88.96055,22.68735],[88.96161,22.68535],[88.95555,22.6861],[88.94782,22.67745],[88.94821,22.6742],[88.94486,22.66232],[88.94306,22.66204],[88.94199,22.65972],[88.93926,22.66056],[88.9352,22.65886],[88.93554,22.65549],[88.9332,22.65202],[88.9305,22.65169],[88.93115,22.65304],[88.9294,22.65398],[88.92852,22.65236],[88.93395,22.63639],[88.93475,22.61823],[88.93993,22.61762],[88.954,22.6211],[88.9587,22.61952],[88.96076,22.61603],[88.9566,22.60637],[88.93873,22.5917],[88.94226,22.57572],[88.93821,22.56136],[88.94205,22.55673],[88.95803,22.55262],[88.96144,22.55002],[88.96783,22.53578],[88.97292,22.51668],[88.97414,22.5012],[88.98039,22.48618],[88.98482,22.48065],[88.99497,22.47322],[88.99711,22.46969],[88.9957,22.45542],[88.99094,22.44518],[88.99284,22.44101],[89.00086,22.43304],[89.0022,22.4289],[88.99007,22.42365],[88.98431,22.41733],[88.97489,22.41136],[88.97349,22.40883],[88.97651,22.40312],[88.98865,22.39397],[88.99084,22.3907],[88.99035,22.38769],[88.98475,22.38063],[88.98291,22.37579],[88.98359,22.37197],[88.98898,22.36404],[88.98636,22.35728],[88.98879,22.34855],[88.98551,22.32621],[88.98825,22.32272],[89.00078,22.32371],[89.01123,22.31471],[89.01586,22.3075],[89.02411,22.2991],[89.02534,22.29572],[89.02264,22.29332],[89.01235,22.29677],[88.99925,22.29609],[88.99517,22.29212],[88.99579,22.2856],[88.99848,22.28239],[89.0194,22.26897],[89.02016,22.26462],[89.01481,22.25753],[89.01602,22.25351],[89.01871,22.25324],[89.03015,22.25943],[89.03455,22.25798],[89.036,22.25436],[89.03735,22.23562],[89.0418,22.22507],[89.07019,22.19706],[89.07275,22.19881],[89.07648,22.18937],[89.07433,22.18316],[89.06799,22.17505],[89.06733,22.16892],[89.0709,22.15529],[89.07538,22.14916],[89.085,22.16001],[89.0894,22.16219],[89.09651,22.16206],[89.1019,22.15609],[89.10244,22.14968],[89.09879,22.14323],[89.08081,22.13234],[89.05627,22.10921],[89.04777,22.097],[89.05573,22.06467],[89.06538,22.05816],[89.07218,22.05827],[89.08692,22.05552],[89.09025,22.06245],[89.09698,22.0942],[89.07965,22.09784],[89.07664,22.10233],[89.0812,22.10862],[89.08227,22.11433],[89.09092,22.11096],[89.09438,22.11132],[89.09424,22.11915],[89.08659,22.11843],[89.08419,22.12229],[89.08533,22.12496],[89.09174,22.12503],[89.09239,22.12618],[89.09228,22.12454],[89.08607,22.12456],[89.08501,22.12246],[89.08733,22.11894],[89.09461,22.12002],[89.09539,22.1106],[89.09175,22.11002],[89.08303,22.113],[89.08271,22.10884],[89.0772,22.10219],[89.08002,22.09918],[89.09361,22.09722],[89.09754,22.0958],[89.09834,22.09415],[89.09081,22.0589],[89.08734,22.05428],[89.07629,22.0564],[89.06768,22.05442],[89.07179,22.04627],[89.08711,22.0247],[89.08962,22.01857],[89.09316,22.0198],[89.09417,22.02481],[89.09168,22.03703],[89.09389,22.05033],[89.09792,22.05127],[89.10379,22.04734],[89.10524,22.05225],[89.1109,22.05416],[89.1192,22.07017],[89.12481,22.07326],[89.12909,22.07375],[89.13585,22.0715],[89.13713,22.06828],[89.13893,22.06801],[89.14809,22.07793],[89.14424,22.08501],[89.12573,22.10199],[89.1158,22.12052],[89.11593,22.12666],[89.11991,22.12984],[89.12561,22.13031],[89.139,22.12708],[89.14087,22.12817],[89.14054,22.12954],[89.12977,22.13581],[89.1258,22.15112],[89.10703,22.15632],[89.10179,22.16526],[89.08735,22.17685],[89.08517,22.18073],[89.0957,22.17455],[89.1021,22.16886],[89.10902,22.1584],[89.12634,22.15409],[89.13073,22.14684],[89.13213,22.13686],[89.13968,22.13406],[89.14381,22.13022],[89.14354,22.12639],[89.13803,22.1239],[89.12347,22.12717],[89.11938,22.126],[89.12251,22.11716],[89.13124,22.10162],[89.14221,22.09411],[89.14813,22.08696],[89.15396,22.08919],[89.15985,22.0894],[89.1749,22.08164],[89.17772,22.08676],[89.17856,22.1013],[89.19144,22.11529],[89.19181,22.12005],[89.18799,22.12206],[89.17632,22.12123],[89.17154,22.12355],[89.16669,22.13061],[89.16947,22.14133],[89.1659,22.14714],[89.16072,22.15068],[89.14376,22.15187],[89.13888,22.1642],[89.14618,22.18289],[89.15722,22.19181],[89.15887,22.19916],[89.15802,22.20704],[89.16037,22.20796],[89.15859,22.19113],[89.14925,22.184],[89.14214,22.16907],[89.14122,22.16379],[89.14317,22.15585],[89.14707,22.15264],[89.1643,22.15138],[89.17,22.14505],[89.17097,22.14124],[89.16902,22.13117],[89.17367,22.12438],[89.17777,22.12212],[89.18357,22.12366],[89.18933,22.12321],[89.19195,22.12202],[89.19409,22.1185],[89.19194,22.11305],[89.18074,22.10104],[89.17984,22.08807],[89.17772,22.08082],[89.17275,22.0803],[89.1617,22.08712],[89.15034,22.08492],[89.17417,22.07231],[89.17865,22.06487],[89.17735,22.06006],[89.17266,22.05351],[89.16517,22.04805],[89.15576,22.0442],[89.15491,22.03793],[89.15787,22.03283],[89.16329,22.02788],[89.17514,22.02519],[89.17958,22.02707],[89.18703,22.02525],[89.19146,22.02131],[89.1954,22.0105],[89.20187,22.00273],[89.20562,22.00243],[89.20953,22.00515],[89.21406,22.01789],[89.22208,22.0237],[89.22928,22.03273],[89.23142,22.03856],[89.24101,22.05095],[89.24538,22.05921],[89.24214,22.06834],[89.23823,22.0736],[89.21645,22.08884],[89.21055,22.09985],[89.20587,22.11975],[89.20331,22.12311],[89.19568,22.12825],[89.19147,22.1337],[89.18912,22.1503],[89.19154,22.15491],[89.19556,22.15515],[89.20132,22.14877],[89.20546,22.14716],[89.20877,22.15117],[89.20999,22.16457],[89.21972,22.17162],[89.21736,22.17361],[89.2023,22.17806],[89.19701,22.1694],[89.1812,22.16484],[89.17985,22.16741],[89.18047,22.17253],[89.18647,22.17638],[89.18726,22.18415],[89.18881,22.1828],[89.18773,22.17489],[89.18145,22.17118],[89.18141,22.16664],[89.19569,22.17019],[89.19871,22.17435],[89.19879,22.17953],[89.19629,22.18226],[89.19409,22.18867],[89.19825,22.19463],[89.19644,22.2017],[89.19994,22.21501],[89.19109,22.21917],[89.19017,22.22193],[89.19157,22.22815],[89.18638,22.22747],[89.18105,22.22934],[89.18219,22.23158],[89.18431,22.22983],[89.1929,22.22956],[89.19355,22.22491],[89.19164,22.21993],[89.19865,22.21893],[89.20155,22.21651],[89.20168,22.21169],[89.19824,22.20251],[89.20003,22.19504],[89.19562,22.18753],[89.19835,22.1824],[89.20198,22.18025],[89.21787,22.17621],[89.22207,22.17261],[89.22092,22.16831],[89.21171,22.16213],[89.21182,22.15156],[89.20854,22.14558],[89.20506,22.14415],[89.20225,22.14464],[89.19553,22.14999],[89.19191,22.15086],[89.19573,22.1336],[89.2044,22.12841],[89.21032,22.13135],[89.22,22.1322],[89.22432,22.13422],[89.21059,22.1388],[89.20986,22.14457],[89.2128,22.14884],[89.22091,22.15251],[89.22634,22.1578],[89.23928,22.15945],[89.2423,22.1612],[89.23712,22.16882],[89.2308,22.18534],[89.22385,22.19568],[89.22362,22.19995],[89.22593,22.20378],[89.2362,22.20918],[89.24906,22.22729],[89.25259,22.22491],[89.24008,22.20901],[89.23613,22.20566],[89.23025,22.20329],[89.22728,22.19987],[89.22884,22.19394],[89.23915,22.17611],[89.24131,22.16837],[89.24658,22.1639],[89.24607,22.16039],[89.24171,22.15713],[89.2277,22.15624],[89.21354,22.14477],[89.21327,22.14054],[89.22609,22.13707],[89.22707,22.13418],[89.22317,22.13069],[89.21092,22.12865],[89.20773,22.1268],[89.21852,22.09746],[89.22153,22.10119],[89.23284,22.10469],[89.24094,22.10383],[89.24876,22.10074],[89.25113,22.10139],[89.26446,22.11255],[89.26556,22.11796],[89.26451,22.13444],[89.26134,22.14107],[89.26224,22.14737],[89.25933,22.1527],[89.26288,22.1584],[89.25823,22.16168],[89.25747,22.16441],[89.2609,22.16798],[89.26283,22.16687],[89.26277,22.16514],[89.2585,22.16333],[89.26361,22.15923],[89.2636,22.1566],[89.26062,22.15293],[89.26364,22.1491],[89.26302,22.14097],[89.26548,22.13713],[89.27173,22.14933],[89.28059,22.16065],[89.30102,22.17432],[89.31006,22.1837],[89.31165,22.18748],[89.31151,22.19381],[89.30569,22.21446],[89.30275,22.21664],[89.31085,22.22866],[89.31138,22.2316],[89.29694,22.2469],[89.292,22.25661],[89.29534,22.26131],[89.31235,22.27574],[89.31438,22.28366],[89.31268,22.28587],[89.30842,22.28718],[89.28711,22.2862],[89.28084,22.2882],[89.27565,22.30979],[89.26065,22.32485],[89.25102,22.3394],[89.25134,22.34447],[89.25352,22.34568],[89.26778,22.34243],[89.27298,22.34611],[89.2651,22.37593],[89.26392,22.378],[89.26167,22.37819],[89.25572,22.37325],[89.24588,22.36979],[89.24253,22.37078],[89.24018,22.37424],[89.24211,22.37943],[89.25383,22.39374],[89.25493,22.40024],[89.25314,22.406],[89.2447,22.41818],[89.2408,22.42831],[89.24129,22.43733],[89.24465,22.44635],[89.24746,22.45025],[89.25599,22.45047],[89.25854,22.45235],[89.25887,22.45559],[89.25519,22.46313],[89.25842,22.46679],[89.28048,22.47286],[89.28423,22.47506],[89.28512,22.4773],[89.28233,22.48004],[89.26189,22.49023],[89.25581,22.49594],[89.25145,22.50707],[89.24824,22.52997],[89.23675,22.54407],[89.23417,22.55212],[89.24205,22.56773],[89.24564,22.56934],[89.25577,22.57038],[89.25875,22.57255],[89.26181,22.57904],[89.26492,22.59509],[89.26497,22.60069],[89.26194,22.60459],[89.25406,22.60783],[89.2452,22.60862],[89.24322,22.61036],[89.24512,22.61808],[89.25752,22.61894],[89.25995,22.62129],[89.25741,22.62591],[89.24659,22.63323],[89.24318,22.63777],[89.2499,22.6472],[89.25094,22.65711],[89.2537,22.65906],[89.25956,22.65824],[89.26439,22.65161],[89.26595,22.6446],[89.2631,22.63497],[89.26395,22.63162],[89.27171,22.62577],[89.28622,22.62073],[89.28981,22.62211],[89.29052,22.62411],[89.27713,22.62889],[89.27635,22.63139],[89.28072,22.63567],[89.3017,22.64695],[89.29076,22.65609],[89.27846,22.65966],[89.2623,22.66885],[89.26346,22.68222],[89.25956,22.69432],[89.25987,22.71746],[89.26128,22.71818],[89.26306,22.71681],[89.26616,22.70372],[89.27108,22.69841],[89.27602,22.69636],[89.28251,22.69817],[89.28645,22.6971],[89.30058,22.68297],[89.30587,22.68614],[89.30953,22.69503],[89.30866,22.69903],[89.30448,22.70392],[89.30621,22.70583],[89.30565,22.71369],[89.31085,22.7177],[89.3115,22.7155],[89.32134,22.71348],[89.32283,22.71547],[89.3295,22.71601],[89.32949,22.7177],[89.32635,22.71723],[89.32592,22.71856],[89.33167,22.72884],[89.32539,22.73373],[89.32162,22.7419],[89.31854,22.74249],[89.31064,22.75016],[89.31014,22.76221],[89.30755,22.76584],[89.29888,22.77201],[89.29909,22.78144],[89.29682,22.7851],[89.2987,22.78795],[89.29236,22.7898],[89.28979,22.79484],[89.28382,22.79085],[89.27079,22.79064],[89.26529,22.79651],[89.26762,22.80369],[89.26738,22.80601],[89.26494,22.80758],[89.26499,22.81317],[89.2575,22.81245],[89.25513,22.80936],[89.24804,22.81144],[89.24561,22.81635],[89.25196,22.82113],[89.25354,22.82781],[89.25636,22.83134],[89.25304,22.83697],[89.24674,22.83564],[89.23585,22.8339],[89.2348,22.83173],[89.23144,22.83039],[89.2336,22.827],[89.23241,22.82497],[89.22767,22.82525],[89.22397,22.82143],[89.21987,22.82271],[89.21784,22.82068],[89.21449,22.82137],[89.21147,22.81753],[89.20661,22.81825],[89.20146,22.81241],[89.19682,22.81101],[89.19043,22.81248],[89.18635,22.81596],[89.18191,22.81576],[89.18056,22.81231],[89.17876,22.81262],[89.17505,22.81885],[89.17206,22.82018],[89.16829,22.81677],[89.1632,22.80226],[89.15066,22.79552],[89.14796,22.79528],[89.14435,22.79746],[89.14198,22.80094],[89.14266,22.80573],[89.15491,22.80872],[89.15824,22.81219],[89.15831,22.82573],[89.15424,22.83201],[89.14772,22.836],[89.14574,22.83496],[89.14515,22.82673],[89.13716,22.82749],[89.13218,22.83149],[89.12543,22.84168],[89.12283,22.85342],[89.12893,22.86784],[89.12877,22.87078],[89.1252,22.87678],[89.11134,22.88832],[89.11052,22.89356],[89.11734,22.90388],[89.13756,22.89054],[89.14048,22.89153],[89.14159,22.89841],[89.12542,22.92792],[89.11712,22.92939],[89.11158,22.93319],[89.10942,22.93742],[89.11489,22.94248],[89.11387,22.9443],[89.10842,22.94289],[89.10076,22.93839],[89.10758,22.9308],[89.10683,22.92615],[89.10142,22.92271],[89.09632,22.92327],[89.08543,22.92945],[89.08063,22.93388],[89.07831,22.93889],[89.0754,22.93766],[89.07163,22.93274],[89.06193,22.93372],[89.05747,22.93593],[89.05245,22.93411],[89.04978,22.93026],[89.04512,22.93418],[89.04556,22.94126],[89.04246,22.94193],[89.04017,22.94059],[89.04065,22.93753],[89.03671,22.93072],[89.03438,22.93026],[89.02235,22.93868],[89.01547,22.94615],[89.01282,22.94682],[88.99249,22.94467],[88.99014,22.94559],[88.9857,22.94159],[88.98627,22.93774],[88.99097,22.933],[88.98916,22.92752],[88.99198,22.92201],[88.98903,22.9215],[88.98836,22.92004],[88.99113,22.91921],[88.992,22.91607],[88.98234,22.92127],[88.97564,22.92208],[88.97426,22.91627],[88.97019,22.92127],[88.96314,22.91912],[88.96079,22.91547],[88.95545,22.91341],[88.95436,22.91464],[88.95618,22.917],[88.95256,22.918],[88.94882,22.9223],[88.94427,22.91994],[88.94514,22.91783],[88.94187,22.91247],[88.9391,22.91488],[88.93596,22.91195],[88.93633,22.91532],[88.93415,22.91415],[88.92914,22.91616],[88.93134,22.91778],[88.92898,22.91991],[88.92475,22.91475],[88.91803,22.91319],[88.9178,22.91531],[88.91577,22.91632],[88.91946,22.92207],[88.91862,22.92473],[88.90859,22.91916]]]]}},{"type":"Feature","properties":{"ADM2_EN":"Shariatpur","ADM1_EN":"Dhaka"},"geometry":{"type":"MultiPolygon","coordinates":[[[[90.45837,23.00404],[90.45665,23.00606],[90.45174,23.00632],[90.45317,23.00409],[90.45837,23.00404]]],[[[90.45747,23.0105],[90.45928,23.01188],[90.45913,23.01379],[90.45251,23.0119],[90.45747,23.0105]]],[[[90.48981,23.02253],[90.47771,23.01628],[90.47506,23.01155],[90.47686,23.00992],[90.47571,23.00758],[90.48475,23.01363],[90.48922,23.01395],[90.48981,23.02253]]],[[[90.53578,23.07105],[90.53675,23.0741],[90.53536,23.07539],[90.5324,23.07128],[90.53578,23.07105]]],[[[90.52819,23.07156],[90.5303,23.07436],[90.52673,23.07422],[90.52519,23.07643],[90.52764,23.08259],[90.52242,23.07212],[90.52819,23.07156]]],[[[90.55171,23.10043],[90.55389,23.10233],[90.55344,23.10602],[90.54831,23.10207],[90.54638,23.09744],[90.54321,23.09468],[90.54054,23.09698],[90.53955,23.09507],[90.53018,23.09123],[90.52737,23.08723],[90.52515,23.08757],[90.51914,23.08352],[90.51501,23.08325],[90.51497,23.08626],[90.51444,23.08373],[90.51562,23.08038],[90.51979,23.07669],[90.52235,23.08289],[90.53352,23.08706],[90.54316,23.093],[90.53864,23.0869],[90.54132,23.08689],[90.54926,23.09518],[90.54891,23.09791],[90.55171,23.10043]]],[[[90.51592,23.32274],[90.51404,23.32227],[90.51669,23.32095],[90.52277,23.32212],[90.51592,23.32274]]],[[[90.50874,23.32318],[90.5035,23.32386],[90.49961,23.32268],[90.51409,23.31791],[90.50473,23.32151],[90.50874,23.32318]]],[[[90.56527,23.32428],[90.56643,23.32829],[90.56322,23.3283],[90.56165,23.32558],[90.56527,23.32428]]],[[[90.56978,23.32456],[90.57811,23.32452],[90.58372,23.32947],[90.57958,23.33068],[90.57145,23.32827],[90.56901,23.32709],[90.5677,23.32461],[90.56867,23.32409],[90.56978,23.32456]]],[[[90.54206,23.33295],[90.54251,23.33435],[90.54018,23.33493],[90.53304,23.33443],[90.52931,23.32833],[90.53054,23.3244],[90.53462,23.32243],[90.53853,23.32361],[90.54116,23.32121],[90.54495,23.32431],[90.54608,23.32167],[90.5462,23.32559],[90.54869,23.32668],[90.54723,23.32391],[90.55218,23.32452],[90.55321,23.3237],[90.55221,23.32122],[90.5561,23.32192],[90.55897,23.32808],[90.55198,23.3271],[90.55209,23.32815],[90.57092,23.33129],[90.57248,23.33358],[90.55662,23.33454],[90.54206,23.33295]]],[[[90.49851,23.06904],[90.49917,23.07695],[90.50309,23.0885],[90.51338,23.10281],[90.52305,23.11134],[90.5454,23.12589],[90.55628,23.13517],[90.56121,23.14403],[90.57172,23.15242],[90.57807,23.16112],[90.59342,23.19115],[90.60776,23.21353],[90.60218,23.22406],[90.60125,23.22676],[90.59592,23.22729],[90.59653,23.23006],[90.59737,23.23146],[90.5981,23.23247],[90.59551,23.2339],[90.59338,23.233],[90.59059,23.23841],[90.58548,23.24187],[90.57501,23.25324],[90.57102,23.25239],[90.56995,23.25694],[90.55517,23.2721],[90.5531,23.27263],[90.55244,23.27564],[90.54564,23.28346],[90.54086,23.28405],[90.54296,23.2794],[90.54146,23.27855],[90.53853,23.28353],[90.53305,23.28604],[90.5263,23.29361],[90.51042,23.29802],[90.50211,23.30187],[90.50428,23.31571],[90.49807,23.32104],[90.49182,23.32258],[90.48996,23.32457],[90.49812,23.32232],[90.49519,23.32538],[90.4994,23.32507],[90.50316,23.32685],[90.50529,23.32618],[90.50425,23.32487],[90.50833,23.32516],[90.5119,23.32861],[90.52483,23.32582],[90.52745,23.33489],[90.50584,23.33356],[90.52941,23.33645],[90.53479,23.33917],[90.54605,23.33687],[90.55832,23.33712],[90.56001,23.33821],[90.57211,23.33621],[90.59067,23.33595],[90.5835,23.3503],[90.57606,23.358],[90.54681,23.36742],[90.53869,23.37935],[90.51731,23.39076],[90.4987,23.40436],[90.49337,23.40344],[90.48692,23.40463],[90.46962,23.41117],[90.44872,23.41532],[90.43196,23.41631],[90.4302,23.41386],[90.43255,23.40883],[90.4275,23.40603],[90.42545,23.40765],[90.42217,23.40672],[90.42174,23.40129],[90.41052,23.40515],[90.40769,23.4037],[90.40616,23.40042],[90.40392,23.40005],[90.40347,23.40313],[90.40172,23.40288],[90.39931,23.40828],[90.3963,23.40932],[90.39574,23.41139],[90.38858,23.41056],[90.39025,23.41396],[90.36022,23.43],[90.32209,23.43781],[90.31558,23.44092],[90.30803,23.44822],[90.30174,23.45161],[90.28858,23.44554],[90.28138,23.44651],[90.27364,23.43449],[90.27056,23.43275],[90.27067,23.43052],[90.27283,23.42993],[90.2712,23.4269],[90.27067,23.42924],[90.26931,23.42728],[90.25812,23.42662],[90.25269,23.42863],[90.24523,23.42762],[90.24034,23.42515],[90.242,23.42121],[90.23814,23.41725],[90.22905,23.41483],[90.22875,23.41302],[90.22414,23.41309],[90.22055,23.41138],[90.22201,23.40848],[90.22172,23.39866],[90.22403,23.39671],[90.2266,23.39671],[90.227,23.39468],[90.22908,23.39415],[90.24121,23.39412],[90.24469,23.39114],[90.25839,23.38626],[90.26446,23.37925],[90.25951,23.37979],[90.24536,23.37759],[90.23564,23.3696],[90.2327,23.36202],[90.23323,23.35692],[90.23684,23.35506],[90.24272,23.35526],[90.24457,23.34863],[90.24838,23.34939],[90.24717,23.34316],[90.2376,23.3366],[90.2279,23.33269],[90.23097,23.3281],[90.23842,23.32691],[90.24402,23.31684],[90.24243,23.30361],[90.23764,23.29842],[90.23897,23.29739],[90.23778,23.29558],[90.23919,23.28913],[90.23724,23.28868],[90.23487,23.28439],[90.2329,23.27426],[90.22765,23.26345],[90.22894,23.26148],[90.23448,23.26045],[90.23916,23.25366],[90.24202,23.24661],[90.2418,23.23102],[90.25031,23.23498],[90.24707,23.22346],[90.24719,23.21653],[90.25421,23.21047],[90.26594,23.20975],[90.27364,23.19587],[90.27569,23.19958],[90.28377,23.1972],[90.28603,23.19285],[90.28399,23.18148],[90.29049,23.17379],[90.28812,23.16384],[90.28983,23.16201],[90.29241,23.14541],[90.29545,23.14517],[90.29686,23.14356],[90.30799,23.14475],[90.30973,23.13767],[90.30922,23.13226],[90.31726,23.13707],[90.32349,23.13446],[90.32902,23.1376],[90.33418,23.13756],[90.33472,23.13565],[90.33827,23.13342],[90.34029,23.13459],[90.3402,23.13778],[90.3436,23.14006],[90.3545,23.13895],[90.3529,23.13275],[90.34765,23.1287],[90.34854,23.12317],[90.3463,23.11864],[90.3486,23.11449],[90.35316,23.11478],[90.35227,23.10995],[90.34985,23.10701],[90.35237,23.1042],[90.35138,23.09312],[90.34753,23.09007],[90.34413,23.08059],[90.34425,23.07636],[90.34033,23.07328],[90.34014,23.07136],[90.33616,23.06961],[90.3416,23.06574],[90.3429,23.06158],[90.34879,23.05675],[90.35632,23.0551],[90.36044,23.05735],[90.36552,23.05616],[90.36822,23.05862],[90.37579,23.05504],[90.38343,23.05626],[90.38494,23.05469],[90.38461,23.05111],[90.39056,23.05155],[90.39444,23.04731],[90.4084,23.04174],[90.41226,23.0424],[90.42142,23.04009],[90.42391,23.03489],[90.42225,23.0296],[90.41309,23.02337],[90.40719,23.0163],[90.40789,23.00708],[90.41734,23.00719],[90.4314,23.01262],[90.44264,23.01282],[90.45736,23.01541],[90.45943,23.01717],[90.46099,23.02209],[90.45822,23.02784],[90.46003,23.02917],[90.46198,23.02587],[90.46237,23.01908],[90.47665,23.02501],[90.49122,23.03429],[90.49637,23.03934],[90.49782,23.04876],[90.48739,23.05021],[90.48693,23.0552],[90.4826,23.06563],[90.49851,23.06904]]]]}},{"type":"Feature","properties":{"ADM2_EN":"Sherpur","ADM1_EN":"Mymensingh"},"geometry":{"type":"Polygon","coordinates":[[[90.19493,24.88526],[90.20832,24.88205],[90.22225,24.881],[90.22941,24.88252],[90.23574,24.88618],[90.23904,24.89362],[90.23676,24.90091],[90.24071,24.90547],[90.24229,24.91702],[90.24558,24.92541],[90.2442,24.92829],[90.23518,24.93406],[90.23639,24.9368],[90.23288,24.93992],[90.2321,24.94456],[90.2361,24.94842],[90.2418,24.94846],[90.24492,24.94589],[90.24926,24.94525],[90.25777,24.94552],[90.25492,24.9574],[90.2495,24.96044],[90.24116,24.96256],[90.24322,24.9674],[90.23737,24.96956],[90.23457,24.96424],[90.22887,24.96662],[90.22809,24.97015],[90.22642,24.97121],[90.22596,24.9761],[90.23428,24.98415],[90.23177,24.98559],[90.2319,24.98723],[90.23751,24.99122],[90.24109,25.00821],[90.24089,25.0127],[90.2387,25.01636],[90.2398,25.02019],[90.23308,25.02442],[90.23332,25.02726],[90.23554,25.02921],[90.23534,25.0348],[90.23485,25.03906],[90.23225,25.04217],[90.23511,25.04793],[90.23838,25.04937],[90.23731,25.05254],[90.24549,25.05238],[90.24831,25.05749],[90.24981,25.0573],[90.24841,25.05992],[90.24919,25.06232],[90.25628,25.06473],[90.25857,25.06311],[90.2606,25.05476],[90.26381,25.05164],[90.27476,25.05458],[90.27408,25.0562],[90.27539,25.05762],[90.27948,25.05608],[90.28164,25.05785],[90.28092,25.06123],[90.28632,25.067],[90.28638,25.07007],[90.2838,25.07278],[90.2843,25.07874],[90.29341,25.07747],[90.29714,25.08108],[90.30369,25.07836],[90.30484,25.07908],[90.30417,25.08525],[90.29783,25.08595],[90.29748,25.0908],[90.28525,25.08236],[90.28398,25.08609],[90.2773,25.09364],[90.27201,25.0942],[90.26843,25.09658],[90.2639,25.09659],[90.26243,25.09828],[90.26092,25.10598],[90.2633,25.10893],[90.26395,25.12471],[90.26619,25.13353],[90.26522,25.13636],[90.26984,25.1383],[90.26887,25.14816],[90.26327,25.15249],[90.26119,25.15629],[90.26325,25.1601],[90.25961,25.16227],[90.26003,25.17073],[90.26436,25.18619],[90.26306,25.1931],[90.26422,25.19639],[90.23393,25.20502],[90.22913,25.20358],[90.22548,25.20057],[90.21936,25.20677],[90.21517,25.20549],[90.20782,25.21033],[90.19586,25.21113],[90.19227,25.21343],[90.1919,25.21516],[90.18792,25.21522],[90.17142,25.22317],[90.12807,25.22574],[90.11806,25.22357],[90.10527,25.22938],[90.09419,25.23743],[90.08123,25.24048],[90.07407,25.24406],[90.05978,25.25395],[90.05632,25.26054],[90.05446,25.26146],[90.04665,25.26074],[90.03367,25.26239],[90.0042,25.28063],[89.99596,25.27676],[89.9807,25.28098],[89.9803,25.29079],[89.97688,25.29708],[89.96659,25.30382],[89.96388,25.30199],[89.95963,25.30252],[89.95441,25.30109],[89.94917,25.29283],[89.9482,25.29366],[89.94191,25.28984],[89.93617,25.29005],[89.9317,25.28604],[89.93094,25.28275],[89.93374,25.27923],[89.92972,25.27096],[89.93129,25.26069],[89.92086,25.26001],[89.91769,25.26519],[89.91458,25.26675],[89.90622,25.26604],[89.90491,25.26437],[89.90473,25.25996],[89.90259,25.25932],[89.90324,25.24893],[89.90189,25.24713],[89.90196,25.23831],[89.89927,25.2326],[89.89942,25.22617],[89.89342,25.22151],[89.8935,25.21788],[89.88935,25.21426],[89.89074,25.21167],[89.88797,25.19144],[89.88469,25.18706],[89.88716,25.18221],[89.89494,25.18017],[89.90203,25.18074],[89.91045,25.17169],[89.90367,25.16721],[89.90118,25.16231],[89.90067,25.15877],[89.90245,25.15808],[89.89904,25.1468],[89.90125,25.1437],[89.89838,25.13939],[89.89968,25.13464],[89.89329,25.13194],[89.89506,25.12767],[89.89428,25.12594],[89.89637,25.12331],[89.89533,25.1198],[89.89649,25.11741],[89.89473,25.11647],[89.8948,25.11326],[89.89636,25.11061],[89.89994,25.1092],[89.90516,25.09914],[89.91463,25.08924],[89.91509,25.08226],[89.91273,25.07928],[89.91354,25.07693],[89.91114,25.07433],[89.91131,25.07223],[89.91665,25.06769],[89.91745,25.06405],[89.92522,25.06277],[89.91579,25.05218],[89.90479,25.04384],[89.90658,25.04011],[89.90493,25.03381],[89.90179,25.03523],[89.88186,25.03504],[89.88223,25.02807],[89.87983,25.01989],[89.89245,25.01876],[89.89031,25.00791],[89.89594,24.99459],[89.89256,24.98884],[89.89313,24.98764],[89.8999,24.9906],[89.90301,24.98871],[89.90452,24.98556],[89.90563,24.96403],[89.90347,24.96374],[89.90394,24.95802],[89.90834,24.95484],[89.92099,24.95992],[89.93181,24.96138],[89.93769,24.95954],[89.9425,24.95114],[89.94275,24.94484],[89.94486,24.9402],[89.94445,24.93372],[89.94787,24.92955],[89.95601,24.92437],[89.97119,24.92103],[89.98138,24.9169],[89.98686,24.92143],[89.99637,24.92291],[90.00093,24.92024],[90.00188,24.91561],[90.00554,24.91297],[90.02807,24.90879],[90.02905,24.91415],[90.03807,24.91877],[90.03218,24.91175],[90.03269,24.90963],[90.0461,24.91078],[90.04657,24.91288],[90.04949,24.91301],[90.05407,24.90984],[90.06664,24.90596],[90.08102,24.909],[90.09117,24.90602],[90.10867,24.90848],[90.11687,24.9055],[90.12111,24.90211],[90.12471,24.90229],[90.13267,24.89889],[90.14041,24.90147],[90.14343,24.89906],[90.14802,24.90308],[90.15454,24.90486],[90.15886,24.90096],[90.15686,24.89523],[90.15875,24.8929],[90.16897,24.89179],[90.17079,24.8884],[90.18258,24.88917],[90.19493,24.88526]]]}},{"type":"Feature","properties":{"ADM2_EN":"Sirajganj","ADM1_EN":"Rajshani"},"geometry":{"type":"Polygon","coordinates":[[[89.33903,24.55946],[89.34153,24.55861],[89.33771,24.5539],[89.33606,24.54579],[89.33775,24.54425],[89.33484,24.54387],[89.33213,24.54115],[89.33035,24.53486],[89.32618,24.53275],[89.32593,24.52943],[89.32135,24.52979],[89.32243,24.52465],[89.31734,24.52309],[89.3201,24.5196],[89.31578,24.51722],[89.31619,24.51439],[89.31124,24.51262],[89.31159,24.51008],[89.30907,24.50947],[89.30773,24.50691],[89.30461,24.50745],[89.30633,24.50605],[89.30563,24.49953],[89.30008,24.49842],[89.29435,24.49146],[89.29412,24.48835],[89.28958,24.48679],[89.28734,24.48271],[89.28323,24.48492],[89.28404,24.48129],[89.2806,24.477],[89.28368,24.4763],[89.28515,24.4715],[89.28459,24.46986],[89.28072,24.4695],[89.28323,24.46726],[89.27944,24.46763],[89.27895,24.46661],[89.28428,24.4654],[89.28277,24.46423],[89.28391,24.46216],[89.28181,24.46116],[89.28116,24.45646],[89.2772,24.4562],[89.27544,24.44868],[89.27136,24.44511],[89.26366,24.44091],[89.25955,24.4412],[89.25969,24.43893],[89.25578,24.43896],[89.25566,24.43451],[89.25386,24.43384],[89.25123,24.43631],[89.25103,24.43356],[89.24831,24.43292],[89.24717,24.42738],[89.25271,24.42381],[89.25935,24.42307],[89.26693,24.42777],[89.2723,24.42717],[89.27774,24.42173],[89.28513,24.4205],[89.28594,24.41334],[89.28335,24.40318],[89.28764,24.40021],[89.2864,24.39594],[89.28698,24.38597],[89.28336,24.37912],[89.28871,24.37536],[89.28932,24.37107],[89.29326,24.36483],[89.30015,24.36712],[89.30585,24.35999],[89.31218,24.35663],[89.31308,24.35098],[89.31864,24.35307],[89.32185,24.3507],[89.33256,24.35092],[89.33347,24.34873],[89.33604,24.34929],[89.33644,24.35108],[89.33822,24.34998],[89.33891,24.3522],[89.3459,24.34916],[89.34852,24.34985],[89.34986,24.34846],[89.35351,24.34827],[89.3592,24.35245],[89.36605,24.35387],[89.37212,24.34909],[89.37829,24.34826],[89.37841,24.34373],[89.37503,24.33831],[89.37756,24.3385],[89.37967,24.34136],[89.38383,24.34087],[89.39231,24.33444],[89.39558,24.33763],[89.39757,24.3376],[89.40076,24.33278],[89.39891,24.33048],[89.39854,24.32361],[89.40036,24.32152],[89.4015,24.3229],[89.4034,24.32239],[89.40453,24.31976],[89.40721,24.32254],[89.41044,24.32337],[89.41833,24.32193],[89.41718,24.31714],[89.41995,24.31865],[89.42232,24.31777],[89.41938,24.31559],[89.41963,24.31145],[89.42393,24.31088],[89.42354,24.30851],[89.42545,24.30705],[89.42117,24.30354],[89.41906,24.3045],[89.41822,24.30199],[89.4212,24.29795],[89.41784,24.2952],[89.41756,24.29269],[89.4216,24.2912],[89.42058,24.28316],[89.42501,24.28045],[89.42348,24.27243],[89.42691,24.27236],[89.4293,24.26701],[89.42437,24.25756],[89.4246,24.25035],[89.42844,24.24833],[89.43083,24.2521],[89.43936,24.25236],[89.43844,24.25573],[89.44039,24.26095],[89.44279,24.26281],[89.44839,24.26309],[89.44799,24.26825],[89.45265,24.26591],[89.45451,24.26333],[89.46023,24.26209],[89.45966,24.25818],[89.46322,24.25034],[89.46138,24.24929],[89.45832,24.24001],[89.45576,24.23831],[89.45657,24.23378],[89.44584,24.23366],[89.44658,24.23127],[89.45411,24.22767],[89.45741,24.2307],[89.46143,24.22962],[89.46656,24.23135],[89.46844,24.23025],[89.47101,24.23202],[89.47113,24.23454],[89.47446,24.2338],[89.47817,24.22937],[89.47779,24.22378],[89.47347,24.21921],[89.47064,24.21928],[89.46938,24.22227],[89.46397,24.22141],[89.46353,24.22493],[89.46143,24.22457],[89.46411,24.21606],[89.46766,24.21507],[89.46611,24.20741],[89.46853,24.20812],[89.4692,24.20418],[89.46792,24.20341],[89.46943,24.20083],[89.47182,24.20337],[89.47553,24.20271],[89.47884,24.20512],[89.48591,24.20375],[89.48793,24.21073],[89.48572,24.21436],[89.48954,24.21708],[89.493,24.21726],[89.49243,24.21463],[89.50078,24.21707],[89.50441,24.21545],[89.50446,24.21254],[89.50858,24.20457],[89.51202,24.20249],[89.50969,24.20151],[89.51021,24.19985],[89.51565,24.1971],[89.51991,24.19852],[89.52235,24.19725],[89.52508,24.19124],[89.52112,24.18879],[89.51736,24.18912],[89.5157,24.18538],[89.51773,24.17901],[89.52368,24.17553],[89.53055,24.17565],[89.53512,24.1728],[89.53515,24.16809],[89.53326,24.16658],[89.52691,24.16931],[89.5234,24.16877],[89.523,24.16655],[89.52941,24.15921],[89.52802,24.15579],[89.52169,24.15424],[89.52417,24.14937],[89.52825,24.14705],[89.53033,24.14126],[89.52929,24.13653],[89.53186,24.13555],[89.53292,24.13013],[89.53611,24.13171],[89.53812,24.12898],[89.54124,24.12828],[89.54139,24.12951],[89.54411,24.12929],[89.54587,24.13148],[89.54565,24.12548],[89.54697,24.12413],[89.54855,24.12484],[89.54998,24.1297],[89.55745,24.12727],[89.5644,24.12212],[89.56118,24.11718],[89.55542,24.119],[89.55573,24.11531],[89.55936,24.11136],[89.56576,24.10932],[89.56891,24.11276],[89.57502,24.11113],[89.58079,24.11157],[89.58111,24.10804],[89.59014,24.10791],[89.59311,24.1024],[89.60457,24.09829],[89.60466,24.09666],[89.60821,24.09627],[89.61029,24.0981],[89.61314,24.09608],[89.61629,24.09697],[89.63,24.08333],[89.63709,24.08683],[89.64417,24.08217],[89.65984,24.07545],[89.66626,24.06948],[89.67543,24.06382],[89.68127,24.06203],[89.68459,24.05839],[89.68138,24.05564],[89.68388,24.04092],[89.68302,24.03424],[89.69186,24.03799],[89.69821,24.03871],[89.70204,24.03538],[89.69712,24.03555],[89.70111,24.03222],[89.70301,24.02367],[89.7062,24.02384],[89.70938,24.02017],[89.72158,24.01353],[89.73332,24.01963],[89.74107,24.02199],[89.74991,24.02348],[89.75875,24.02222],[89.76613,24.02373],[89.77462,24.02745],[89.7852,24.03525],[89.78441,24.04095],[89.78933,24.04104],[89.79551,24.04389],[89.80174,24.05201],[89.81701,24.06358],[89.82285,24.07317],[89.8249,24.08825],[89.81741,24.10652],[89.81633,24.11819],[89.81631,24.13068],[89.8211,24.13836],[89.82011,24.1405],[89.80697,24.14873],[89.80257,24.1601],[89.79201,24.15844],[89.79178,24.15959],[89.78771,24.15795],[89.77998,24.16647],[89.78575,24.17174],[89.79768,24.17153],[89.79855,24.17516],[89.78712,24.21095],[89.78304,24.23673],[89.7846,24.24836],[89.79045,24.26341],[89.79016,24.27602],[89.78697,24.28857],[89.77421,24.30151],[89.77178,24.31072],[89.77276,24.32471],[89.77151,24.33035],[89.76494,24.34007],[89.75725,24.34456],[89.75167,24.35068],[89.75275,24.36083],[89.76599,24.37583],[89.76472,24.38621],[89.74658,24.43054],[89.74803,24.44119],[89.75517,24.45534],[89.74236,24.4557],[89.74345,24.46256],[89.74238,24.47065],[89.7457,24.47283],[89.74917,24.47299],[89.75752,24.48303],[89.75798,24.48507],[89.75571,24.48535],[89.74902,24.48047],[89.74741,24.48301],[89.75816,24.49955],[89.75551,24.50632],[89.75028,24.50488],[89.74951,24.50925],[89.74211,24.51373],[89.73766,24.51473],[89.73411,24.51793],[89.73856,24.52306],[89.74757,24.52032],[89.75002,24.52946],[89.7445,24.5327],[89.74859,24.53493],[89.74628,24.53731],[89.75917,24.53758],[89.76491,24.53983],[89.76993,24.54002],[89.76742,24.55652],[89.77,24.56143],[89.77314,24.56455],[89.78907,24.57229],[89.7892,24.57536],[89.78327,24.57927],[89.78071,24.5912],[89.77221,24.59924],[89.77012,24.60614],[89.76503,24.61384],[89.76569,24.62334],[89.78503,24.62581],[89.78329,24.64065],[89.7855,24.66255],[89.78328,24.66917],[89.79224,24.67286],[89.79916,24.67998],[89.79677,24.68559],[89.79187,24.68523],[89.79014,24.68642],[89.79025,24.69003],[89.79288,24.69044],[89.78996,24.69221],[89.78791,24.69647],[89.79105,24.69866],[89.79249,24.70326],[89.78875,24.70542],[89.78331,24.70393],[89.78244,24.70878],[89.77894,24.71021],[89.7775,24.71553],[89.77371,24.71641],[89.77241,24.72399],[89.77871,24.72578],[89.78337,24.72396],[89.78416,24.72653],[89.78786,24.7283],[89.78822,24.73162],[89.79092,24.73517],[89.79047,24.73824],[89.78844,24.74022],[89.77714,24.74308],[89.78257,24.74892],[89.78237,24.75963],[89.78002,24.76523],[89.77166,24.77292],[89.758,24.76718],[89.74136,24.77457],[89.73924,24.77312],[89.74046,24.76844],[89.73488,24.7611],[89.73506,24.76565],[89.73286,24.77014],[89.72868,24.77065],[89.72235,24.77505],[89.71534,24.77735],[89.71242,24.77876],[89.69555,24.77987],[89.67999,24.78382],[89.67496,24.78168],[89.6739,24.77758],[89.67518,24.7684],[89.6738,24.76305],[89.67175,24.75936],[89.66388,24.75465],[89.66665,24.74734],[89.65611,24.74788],[89.65536,24.7464],[89.66076,24.72841],[89.6528,24.7251],[89.64684,24.71804],[89.63727,24.71665],[89.64421,24.71033],[89.64579,24.70168],[89.64201,24.70187],[89.63669,24.69537],[89.62403,24.68547],[89.6174,24.68896],[89.61384,24.68571],[89.61403,24.6876],[89.61222,24.68738],[89.61199,24.68385],[89.61082,24.6879],[89.60874,24.68643],[89.60734,24.68718],[89.60465,24.69168],[89.60526,24.69454],[89.59644,24.69735],[89.59489,24.70203],[89.59172,24.70292],[89.58264,24.70003],[89.57385,24.69929],[89.56971,24.69387],[89.56782,24.69379],[89.56475,24.69926],[89.56375,24.71113],[89.55465,24.70428],[89.55478,24.69873],[89.55828,24.69295],[89.562,24.69234],[89.56203,24.68929],[89.55797,24.68472],[89.55789,24.68012],[89.55325,24.68006],[89.55021,24.67751],[89.54952,24.67349],[89.55234,24.67186],[89.55434,24.66764],[89.55003,24.6649],[89.54474,24.65371],[89.54577,24.65172],[89.54776,24.6514],[89.55816,24.65189],[89.561,24.65373],[89.56199,24.65267],[89.55671,24.64651],[89.55428,24.64075],[89.55938,24.62619],[89.55591,24.62203],[89.55001,24.62397],[89.54941,24.61756],[89.55698,24.6161],[89.56351,24.61778],[89.56996,24.62144],[89.57711,24.61863],[89.58153,24.62056],[89.58768,24.61473],[89.5892,24.61072],[89.59565,24.6114],[89.60245,24.60524],[89.60202,24.59881],[89.5993,24.59465],[89.60424,24.58333],[89.60389,24.57779],[89.60183,24.57441],[89.60447,24.56982],[89.60234,24.56693],[89.60157,24.56188],[89.59388,24.55814],[89.59144,24.55392],[89.58887,24.55569],[89.58687,24.55271],[89.58103,24.55274],[89.57841,24.54987],[89.5767,24.55044],[89.57579,24.5475],[89.57442,24.5495],[89.5683,24.54681],[89.56519,24.5475],[89.56411,24.55336],[89.55532,24.55542],[89.55285,24.55236],[89.55326,24.54816],[89.5465,24.54759],[89.54628,24.55315],[89.53878,24.55372],[89.53321,24.56299],[89.53073,24.56346],[89.52885,24.5616],[89.52799,24.55526],[89.52879,24.55138],[89.53224,24.547],[89.52628,24.54407],[89.52308,24.53853],[89.51996,24.53633],[89.51877,24.53792],[89.52236,24.54463],[89.52227,24.55156],[89.5199,24.55364],[89.50848,24.55676],[89.50358,24.55659],[89.49769,24.55283],[89.49189,24.55454],[89.4893,24.55393],[89.48571,24.55688],[89.47285,24.55168],[89.47413,24.54604],[89.47324,24.54381],[89.46753,24.54384],[89.46498,24.54557],[89.45966,24.54239],[89.45635,24.54345],[89.45584,24.5471],[89.44891,24.54788],[89.44603,24.54958],[89.4311,24.55081],[89.43122,24.55546],[89.42712,24.55582],[89.42494,24.56094],[89.40975,24.56099],[89.40893,24.55425],[89.40317,24.55168],[89.39363,24.55183],[89.39333,24.55675],[89.39199,24.55728],[89.38442,24.55745],[89.38266,24.55635],[89.38248,24.55412],[89.37737,24.55402],[89.37183,24.5544],[89.36778,24.55813],[89.36311,24.55688],[89.36063,24.55895],[89.35709,24.55678],[89.35271,24.55914],[89.34564,24.5589],[89.34537,24.56349],[89.34147,24.56304],[89.33903,24.55946]]]}},{"type":"Feature","properties":{"ADM2_EN":"Sunamganj","ADM1_EN":"Sylhet"},"geometry":{"type":"Polygon","coordinates":[[[91.64913,24.67501],[91.6514,24.68586],[91.6549,24.68988],[91.65447,24.69497],[91.65141,24.69699],[91.6472,24.69685],[91.6456,24.69123],[91.64324,24.69124],[91.64387,24.69783],[91.66133,24.70063],[91.66283,24.70381],[91.6587,24.7051],[91.65718,24.70756],[91.6586,24.71319],[91.65275,24.71662],[91.65547,24.71638],[91.65655,24.72017],[91.65882,24.72026],[91.65962,24.7238],[91.66584,24.72381],[91.66557,24.72066],[91.67207,24.71914],[91.67249,24.72317],[91.67421,24.72413],[91.67021,24.72604],[91.67218,24.72929],[91.66742,24.73421],[91.6655,24.73413],[91.66357,24.74006],[91.65957,24.74255],[91.66283,24.74328],[91.66408,24.74769],[91.66615,24.74897],[91.67305,24.74939],[91.67369,24.75492],[91.67673,24.75569],[91.67747,24.75812],[91.67615,24.76155],[91.67268,24.76223],[91.67124,24.76101],[91.67068,24.768],[91.66623,24.76814],[91.66605,24.77053],[91.66331,24.77259],[91.65928,24.77205],[91.65797,24.77004],[91.65778,24.7734],[91.65333,24.77],[91.64975,24.77042],[91.65104,24.77721],[91.6486,24.78111],[91.64241,24.77957],[91.63652,24.77941],[91.63616,24.78045],[91.63753,24.78246],[91.63912,24.78238],[91.63952,24.78468],[91.64454,24.78645],[91.64567,24.78323],[91.64729,24.78344],[91.64706,24.78567],[91.65084,24.78674],[91.6537,24.78959],[91.65353,24.79187],[91.65142,24.79251],[91.6524,24.79351],[91.66409,24.7863],[91.6675,24.78696],[91.67103,24.78505],[91.6745,24.78542],[91.67514,24.78671],[91.67442,24.78964],[91.67037,24.79082],[91.67691,24.79355],[91.67236,24.79623],[91.67473,24.80106],[91.67408,24.80657],[91.67002,24.80554],[91.66727,24.80998],[91.66656,24.80769],[91.65825,24.80861],[91.65809,24.81608],[91.66255,24.81547],[91.66081,24.82167],[91.65853,24.8228],[91.65711,24.83392],[91.65802,24.83474],[91.65819,24.8296],[91.66006,24.83211],[91.66144,24.82377],[91.66452,24.82566],[91.66488,24.83514],[91.66429,24.8371],[91.66109,24.83656],[91.66067,24.84368],[91.65741,24.84436],[91.6573,24.84681],[91.66449,24.85436],[91.66722,24.85378],[91.6706,24.85699],[91.67519,24.8572],[91.67406,24.85931],[91.67559,24.86737],[91.67247,24.86992],[91.67376,24.87187],[91.67745,24.87185],[91.67831,24.8694],[91.6796,24.87105],[91.67977,24.86897],[91.68244,24.87005],[91.68141,24.86903],[91.68343,24.86789],[91.68266,24.8622],[91.68499,24.86061],[91.69317,24.86137],[91.69449,24.86668],[91.69779,24.86677],[91.69947,24.87007],[91.69583,24.87766],[91.69131,24.87582],[91.68411,24.87818],[91.68194,24.88369],[91.68348,24.88987],[91.67964,24.88878],[91.67697,24.88978],[91.68233,24.89391],[91.69004,24.89424],[91.68886,24.89678],[91.69134,24.89718],[91.69486,24.90141],[91.69405,24.90407],[91.68108,24.90478],[91.68118,24.9063],[91.6937,24.9076],[91.69512,24.91136],[91.6919,24.91353],[91.69169,24.91662],[91.68558,24.9155],[91.69091,24.91898],[91.68988,24.92277],[91.68755,24.9244],[91.69073,24.92434],[91.69148,24.92839],[91.69386,24.92945],[91.68985,24.93328],[91.6908,24.93826],[91.70073,24.93781],[91.70384,24.94266],[91.70979,24.94275],[91.71371,24.94656],[91.70462,24.94951],[91.70709,24.95664],[91.71157,24.96151],[91.71227,24.96466],[91.71129,24.96798],[91.70452,24.97088],[91.69936,24.97523],[91.69997,24.97648],[91.70384,24.97638],[91.70363,24.98086],[91.68978,24.98687],[91.67518,24.9907],[91.66602,24.99864],[91.66587,25.00034],[91.66862,25.00022],[91.6788,24.99615],[91.68845,24.99464],[91.69663,24.99774],[91.68883,25.00213],[91.67882,25.01385],[91.66812,25.01942],[91.66803,25.02302],[91.66907,25.02531],[91.68098,25.02452],[91.67978,25.02996],[91.67213,25.03917],[91.68146,25.03884],[91.68741,25.04145],[91.68864,25.04547],[91.6837,25.05087],[91.68478,25.0552],[91.68748,25.05797],[91.70068,25.05918],[91.70597,25.06187],[91.71005,25.06636],[91.71733,25.06402],[91.72505,25.06571],[91.73263,25.0644],[91.73499,25.06536],[91.73429,25.06747],[91.72903,25.06975],[91.73347,25.0732],[91.73436,25.07564],[91.72273,25.08476],[91.7185,25.09272],[91.72065,25.09693],[91.71771,25.10216],[91.72405,25.10908],[91.72017,25.10681],[91.71942,25.11223],[91.72631,25.12025],[91.72791,25.12912],[91.71901,25.12964],[91.71828,25.13296],[91.7205,25.13419],[91.7205,25.13574],[91.7139,25.13603],[91.71277,25.14696],[91.70536,25.14901],[91.70375,25.15103],[91.70282,25.14901],[91.70098,25.15072],[91.69875,25.14631],[91.69428,25.14549],[91.69417,25.14051],[91.69164,25.13722],[91.68622,25.13785],[91.68063,25.13507],[91.67557,25.13815],[91.66796,25.13782],[91.6639,25.13523],[91.66495,25.12855],[91.66008,25.12713],[91.65833,25.12964],[91.65882,25.13159],[91.65269,25.13131],[91.65111,25.12723],[91.64537,25.12733],[91.64199,25.12317],[91.63658,25.12283],[91.63553,25.12426],[91.62692,25.12553],[91.6231,25.12802],[91.62141,25.14352],[91.61536,25.14522],[91.61221,25.14107],[91.61104,25.14639],[91.60687,25.1448],[91.60371,25.14033],[91.6016,25.1437],[91.59939,25.1513],[91.60258,25.155],[91.60355,25.15913],[91.59985,25.15957],[91.60397,25.16755],[91.60818,25.16985],[91.61536,25.16977],[91.61512,25.17486],[91.60936,25.17714],[91.60541,25.17376],[91.59197,25.17443],[91.58902,25.17175],[91.57697,25.1721],[91.57147,25.16537],[91.57626,25.16003],[91.57007,25.16095],[91.56689,25.15941],[91.56299,25.16077],[91.55811,25.15576],[91.55715,25.14985],[91.52642,25.1446],[91.51743,25.14779],[91.50947,25.14755],[91.50099,25.14317],[91.50159,25.1403],[91.49959,25.13555],[91.49242,25.13698],[91.4936,25.13864],[91.49186,25.13895],[91.4892,25.13522],[91.48222,25.13722],[91.47795,25.13657],[91.47969,25.13523],[91.47813,25.1339],[91.47055,25.13375],[91.46416,25.13491],[91.46493,25.13711],[91.47036,25.13983],[91.46694,25.14391],[91.46943,25.15095],[91.46855,25.15192],[91.46087,25.15131],[91.45713,25.14837],[91.45304,25.15272],[91.4507,25.15217],[91.44953,25.14929],[91.44326,25.1508],[91.44049,25.14975],[91.43714,25.15423],[91.43288,25.15677],[91.42495,25.15718],[91.42261,25.16213],[91.41457,25.17124],[91.41208,25.16954],[91.41277,25.16735],[91.41085,25.16378],[91.40672,25.16621],[91.39855,25.16457],[91.38436,25.16994],[91.37615,25.16809],[91.36844,25.17082],[91.36373,25.17817],[91.36064,25.17771],[91.35366,25.17133],[91.35149,25.17592],[91.34719,25.17429],[91.33712,25.17365],[91.33232,25.1774],[91.32694,25.1763],[91.32381,25.1812],[91.31768,25.18379],[91.3104,25.18412],[91.30456,25.18271],[91.30006,25.18435],[91.29241,25.18392],[91.28835,25.18661],[91.28648,25.18548],[91.28858,25.19023],[91.29214,25.19344],[91.27613,25.19917],[91.26795,25.20736],[91.26021,25.20521],[91.25973,25.20114],[91.25151,25.19934],[91.25075,25.19578],[91.24726,25.1979],[91.2367,25.19708],[91.23629,25.19916],[91.23318,25.19922],[91.23023,25.19701],[91.22442,25.20028],[91.2232,25.19913],[91.19461,25.20193],[91.16472,25.19597],[91.16024,25.1979],[91.15601,25.19632],[91.14084,25.19656],[91.12517,25.19412],[91.06957,25.19852],[91.07182,25.19347],[91.06781,25.19164],[91.05508,25.19255],[91.04993,25.18986],[91.04154,25.18777],[91.03948,25.18864],[91.03834,25.1864],[91.03033,25.18524],[91.01903,25.18709],[91.01869,25.18393],[91.01048,25.18247],[91.00939,25.18331],[91.00653,25.18053],[91.00191,25.18142],[90.99911,25.17942],[90.98494,25.17518],[90.97728,25.17413],[90.97304,25.17517],[90.96533,25.17103],[90.96485,25.17188],[90.96229,25.16735],[90.96693,25.16473],[90.97026,25.16058],[90.9661,25.15772],[90.96693,25.1539],[90.96306,25.15452],[90.95802,25.14857],[90.95223,25.14922],[90.94923,25.13725],[90.95333,25.13544],[90.95224,25.13223],[90.95564,25.13016],[90.95453,25.12504],[90.9559,25.11953],[90.94742,25.11383],[90.95271,25.10655],[90.95753,25.10464],[90.95975,25.10097],[90.96535,25.09715],[90.97109,25.09542],[90.97214,25.09271],[90.96811,25.08887],[90.9701,25.08475],[90.97012,25.07994],[90.97418,25.07663],[90.97466,25.07428],[90.96976,25.0704],[90.96631,25.07008],[90.96269,25.07299],[90.95657,25.07044],[90.95106,25.07378],[90.94418,25.08156],[90.93953,25.07883],[90.93449,25.08099],[90.93199,25.0788],[90.92778,25.07799],[90.93266,25.0738],[90.93249,25.07122],[90.93574,25.06577],[90.92879,25.06312],[90.93147,25.06102],[90.92954,25.05726],[90.93008,25.05368],[90.93227,25.05283],[90.93286,25.04486],[90.93583,25.04313],[90.93887,25.04578],[90.9456,25.04323],[90.95069,25.04494],[90.95263,25.04128],[90.95886,25.03736],[90.96503,25.0357],[90.95757,25.03197],[90.95216,25.0342],[90.9451,25.03141],[90.94507,25.02954],[90.93804,25.0283],[90.93808,25.02515],[90.93513,25.02435],[90.93405,25.01994],[90.93629,25.00906],[90.94135,25.00444],[90.94743,25.00475],[90.94611,25.00062],[90.94697,24.99407],[90.94276,24.99318],[90.94031,24.98608],[90.94513,24.9828],[90.94366,24.97592],[90.94782,24.97526],[90.9483,24.97127],[90.9544,24.97102],[90.95665,24.97289],[90.96004,24.97278],[90.9642,24.96933],[90.96741,24.96201],[90.97166,24.96087],[90.97317,24.95842],[90.97066,24.9481],[90.96522,24.94579],[90.96339,24.94187],[90.95235,24.94189],[90.94914,24.93968],[90.95008,24.93656],[90.95393,24.94031],[90.95526,24.93954],[90.95494,24.92968],[90.95675,24.92514],[90.95329,24.91916],[90.95728,24.91485],[90.96465,24.91139],[90.96723,24.91184],[90.96839,24.91584],[90.97065,24.91702],[90.97208,24.91335],[90.97278,24.91597],[90.97982,24.91716],[90.98954,24.9136],[90.99287,24.9141],[90.99649,24.90846],[90.99806,24.89214],[91.00536,24.89282],[91.0156,24.89855],[91.01624,24.89332],[91.02049,24.89057],[91.0155,24.88898],[91.01762,24.88525],[91.02015,24.88506],[91.02535,24.88849],[91.02771,24.88358],[91.0294,24.88308],[91.03117,24.89175],[91.03955,24.90016],[91.03875,24.90521],[91.04447,24.90814],[91.0474,24.90677],[91.04886,24.90268],[91.05405,24.90282],[91.05384,24.90058],[91.06083,24.90329],[91.06679,24.90201],[91.06725,24.89909],[91.07081,24.89909],[91.07476,24.90128],[91.07842,24.90003],[91.0841,24.8918],[91.08765,24.89267],[91.08881,24.88758],[91.09564,24.88754],[91.09845,24.88959],[91.09796,24.88485],[91.10119,24.88463],[91.1011,24.88143],[91.10374,24.87993],[91.10889,24.87156],[91.10667,24.86756],[91.10391,24.86934],[91.10346,24.86366],[91.10906,24.86028],[91.11036,24.85311],[91.11226,24.85232],[91.11381,24.84754],[91.12091,24.84625],[91.1235,24.84872],[91.12453,24.84428],[91.1304,24.8406],[91.12032,24.83721],[91.11811,24.83023],[91.11484,24.8263],[91.11579,24.8226],[91.11249,24.81706],[91.11304,24.81451],[91.11561,24.813],[91.11622,24.80653],[91.12999,24.79917],[91.12882,24.79495],[91.13041,24.79284],[91.14456,24.79459],[91.14262,24.8006],[91.14917,24.80895],[91.1528,24.80933],[91.14993,24.81971],[91.14273,24.8254],[91.14429,24.8288],[91.15121,24.83305],[91.15296,24.83746],[91.15722,24.8361],[91.15875,24.83299],[91.16412,24.83342],[91.16574,24.83166],[91.16444,24.82919],[91.17069,24.82696],[91.17215,24.80962],[91.17,24.80572],[91.16405,24.80182],[91.1605,24.79193],[91.16883,24.7914],[91.17059,24.78831],[91.17121,24.77994],[91.16643,24.77983],[91.16551,24.77424],[91.15906,24.77065],[91.15832,24.76468],[91.15138,24.76628],[91.13523,24.7572],[91.13898,24.75413],[91.14886,24.7549],[91.1497,24.74887],[91.15196,24.74719],[91.15681,24.75046],[91.15934,24.74811],[91.15858,24.74235],[91.15554,24.74096],[91.15084,24.74689],[91.14726,24.74672],[91.14606,24.74216],[91.15142,24.7355],[91.15177,24.73004],[91.14179,24.72597],[91.14133,24.72421],[91.15875,24.7249],[91.15995,24.72207],[91.1591,24.71775],[91.16305,24.71672],[91.16563,24.72243],[91.16893,24.72496],[91.17209,24.72562],[91.18027,24.72408],[91.19766,24.71103],[91.20006,24.71404],[91.20684,24.70898],[91.20659,24.71388],[91.21235,24.71315],[91.22059,24.72062],[91.21936,24.72378],[91.22194,24.72814],[91.22528,24.72751],[91.2293,24.72374],[91.22663,24.71569],[91.22659,24.70663],[91.22548,24.7043],[91.22192,24.70421],[91.21972,24.70239],[91.23092,24.69286],[91.2346,24.69184],[91.23951,24.69285],[91.24094,24.69156],[91.24027,24.68293],[91.24195,24.67996],[91.23859,24.67504],[91.23345,24.67227],[91.22382,24.67522],[91.22253,24.66938],[91.23274,24.66643],[91.22999,24.65471],[91.22755,24.65391],[91.22605,24.65057],[91.22407,24.65196],[91.22141,24.65061],[91.21993,24.65329],[91.20988,24.65246],[91.20779,24.64968],[91.20474,24.63178],[91.19903,24.63432],[91.19521,24.63114],[91.19495,24.62645],[91.19371,24.62585],[91.17826,24.63029],[91.1805,24.62402],[91.17734,24.61964],[91.17885,24.61656],[91.20002,24.60941],[91.19982,24.60189],[91.20431,24.59418],[91.19755,24.59114],[91.19672,24.58881],[91.19882,24.58614],[91.203,24.58774],[91.20706,24.58593],[91.20487,24.58355],[91.20605,24.57704],[91.21274,24.57786],[91.22081,24.57417],[91.22526,24.57548],[91.23396,24.56896],[91.26512,24.57975],[91.26642,24.58656],[91.26459,24.59287],[91.27267,24.60566],[91.27391,24.6052],[91.27202,24.60021],[91.27356,24.59823],[91.28376,24.59556],[91.2903,24.59538],[91.29368,24.59716],[91.29664,24.60206],[91.29962,24.61498],[91.30815,24.63685],[91.30722,24.64203],[91.30381,24.64763],[91.30508,24.6544],[91.30779,24.6544],[91.31043,24.64793],[91.31284,24.64653],[91.33104,24.66112],[91.33846,24.66536],[91.34263,24.67349],[91.34407,24.67324],[91.34556,24.66676],[91.3485,24.66595],[91.3506,24.66745],[91.35981,24.67931],[91.35756,24.68237],[91.34864,24.68631],[91.3488,24.68811],[91.35236,24.68979],[91.37163,24.69063],[91.38006,24.69533],[91.38577,24.69024],[91.39191,24.68766],[91.39178,24.68607],[91.38608,24.68316],[91.39095,24.67838],[91.39058,24.67391],[91.39499,24.67401],[91.3986,24.67705],[91.3979,24.67207],[91.40029,24.67066],[91.40901,24.67396],[91.41379,24.67121],[91.41543,24.67257],[91.41444,24.67746],[91.416,24.6798],[91.4288,24.68223],[91.42545,24.66988],[91.42849,24.66945],[91.43069,24.67335],[91.43542,24.66921],[91.4382,24.66919],[91.43805,24.66176],[91.44241,24.65773],[91.4418,24.65118],[91.44457,24.6521],[91.44727,24.65702],[91.44587,24.66288],[91.44768,24.66515],[91.45523,24.66692],[91.4627,24.66468],[91.46415,24.66169],[91.46322,24.65851],[91.46518,24.65747],[91.46742,24.66118],[91.47609,24.66861],[91.48261,24.66404],[91.48284,24.67077],[91.48422,24.671],[91.49364,24.66453],[91.49432,24.66859],[91.49583,24.66901],[91.51331,24.66305],[91.51873,24.66255],[91.52255,24.66421],[91.52664,24.65659],[91.52778,24.66133],[91.53043,24.66149],[91.53584,24.65766],[91.5357,24.6499],[91.53708,24.64823],[91.54482,24.65478],[91.54793,24.66442],[91.55004,24.66677],[91.55233,24.66623],[91.55501,24.66039],[91.55794,24.65823],[91.55939,24.65913],[91.55875,24.66366],[91.55999,24.66465],[91.56536,24.65856],[91.57318,24.65336],[91.57641,24.64533],[91.57867,24.64979],[91.57686,24.65807],[91.5747,24.66057],[91.56978,24.66133],[91.56836,24.66443],[91.57988,24.67495],[91.58289,24.6743],[91.58406,24.67187],[91.58379,24.66109],[91.59097,24.65889],[91.59231,24.6604],[91.58987,24.66364],[91.59239,24.667],[91.60025,24.67041],[91.61208,24.66979],[91.61261,24.67493],[91.61406,24.67527],[91.62714,24.65622],[91.63199,24.65777],[91.63052,24.66963],[91.63194,24.67211],[91.63692,24.67483],[91.64913,24.67501]]]}},{"type":"Feature","properties":{"ADM2_EN":"Sylhet","ADM1_EN":"Sylhet"},"geometry":{"type":"Polygon","coordinates":[[[91.66092,24.62591],[91.66159,24.62788],[91.66495,24.62678],[91.66564,24.62964],[91.66753,24.62728],[91.66997,24.63033],[91.67229,24.62756],[91.67504,24.6312],[91.6842,24.61641],[91.68424,24.60612],[91.69904,24.60232],[91.71363,24.59641],[91.72711,24.59344],[91.73667,24.59785],[91.75015,24.59892],[91.75393,24.60839],[91.77004,24.61959],[91.77121,24.62561],[91.78121,24.62653],[91.77901,24.63832],[91.78364,24.6433],[91.79482,24.64625],[91.79744,24.638],[91.80008,24.63755],[91.8282,24.65359],[91.83975,24.65251],[91.84413,24.64938],[91.84652,24.64443],[91.86176,24.64989],[91.86613,24.65742],[91.87124,24.65767],[91.87569,24.65576],[91.8846,24.657],[91.88719,24.65476],[91.88841,24.64717],[91.89018,24.64608],[91.89647,24.64784],[91.90235,24.65194],[91.90323,24.66365],[91.91124,24.66174],[91.91,24.65568],[91.9228,24.65245],[91.92619,24.65413],[91.93108,24.66177],[91.93091,24.6576],[91.93344,24.65511],[91.94017,24.65315],[91.94217,24.65474],[91.94724,24.64956],[91.96381,24.64573],[91.96334,24.64105],[91.96666,24.63892],[91.9679,24.64032],[91.97359,24.63926],[91.97726,24.6432],[91.98383,24.64391],[91.9843,24.64634],[91.98867,24.65004],[91.99196,24.65066],[91.99286,24.65385],[91.99508,24.65511],[92.001,24.65321],[92.01008,24.6537],[92.01046,24.65222],[92.01637,24.65072],[92.01606,24.65466],[92.02055,24.65107],[92.02182,24.65183],[92.02092,24.65304],[92.02898,24.65233],[92.03291,24.66306],[92.03186,24.68114],[92.03307,24.68105],[92.0351,24.68738],[92.03146,24.69189],[92.03173,24.69564],[92.02572,24.69716],[92.02993,24.69828],[92.03973,24.70679],[92.04139,24.70317],[92.03927,24.70011],[92.04288,24.70087],[92.04678,24.69719],[92.0488,24.69728],[92.04911,24.69968],[92.05227,24.70113],[92.05965,24.71021],[92.0577,24.72863],[92.06287,24.72658],[92.06207,24.72025],[92.0633,24.71836],[92.07568,24.71793],[92.07739,24.72172],[92.08047,24.72355],[92.07777,24.72831],[92.07975,24.72934],[92.08038,24.73199],[92.08177,24.73061],[92.08287,24.73276],[92.08283,24.74512],[92.08423,24.74696],[92.08402,24.74824],[92.07726,24.74921],[92.07891,24.75463],[92.07732,24.76467],[92.07827,24.76643],[92.09293,24.76486],[92.09473,24.75905],[92.09936,24.75662],[92.10675,24.75761],[92.11652,24.76547],[92.12006,24.76553],[92.1271,24.7603],[92.13358,24.76311],[92.13789,24.76317],[92.1425,24.76678],[92.15084,24.76525],[92.15684,24.77017],[92.16162,24.77094],[92.16316,24.76899],[92.17446,24.77348],[92.17735,24.77317],[92.1803,24.76936],[92.19408,24.76844],[92.19828,24.77811],[92.19684,24.78449],[92.1932,24.78917],[92.19434,24.79317],[92.19343,24.79843],[92.1958,24.80276],[92.20087,24.80697],[92.20335,24.80249],[92.21138,24.80526],[92.21314,24.81321],[92.22902,24.81911],[92.24355,24.81952],[92.24397,24.82408],[92.23734,24.83128],[92.24481,24.83147],[92.24857,24.83599],[92.25078,24.83623],[92.25487,24.83858],[92.24242,24.84058],[92.24259,24.84207],[92.24139,24.84214],[92.23973,24.85783],[92.23581,24.85913],[92.23485,24.8615],[92.23825,24.86837],[92.24619,24.86761],[92.24476,24.87137],[92.24675,24.87213],[92.24803,24.88563],[92.24713,24.88766],[92.23933,24.89016],[92.2394,24.89204],[92.23653,24.8921],[92.23603,24.89926],[92.23212,24.90043],[92.23475,24.90395],[92.2475,24.90945],[92.25824,24.90709],[92.26559,24.90705],[92.27102,24.9051],[92.28003,24.9057],[92.28376,24.90652],[92.28529,24.91064],[92.28792,24.91269],[92.29596,24.91617],[92.30066,24.91567],[92.30669,24.9105],[92.30718,24.90174],[92.31588,24.89541],[92.32374,24.89712],[92.32638,24.896],[92.32823,24.88978],[92.33966,24.87834],[92.34225,24.87836],[92.34469,24.88083],[92.34465,24.89194],[92.34581,24.89368],[92.34751,24.89337],[92.35454,24.88087],[92.35956,24.88003],[92.36319,24.87259],[92.37177,24.87494],[92.37542,24.87448],[92.37821,24.86419],[92.3835,24.86013],[92.3859,24.85333],[92.40022,24.84969],[92.40224,24.8505],[92.40408,24.8577],[92.40721,24.86013],[92.41439,24.85936],[92.42501,24.85413],[92.43642,24.8572],[92.43915,24.85902],[92.44083,24.86263],[92.44175,24.87089],[92.44517,24.8731],[92.46136,24.87435],[92.47618,24.86828],[92.47909,24.87254],[92.48784,24.87143],[92.48766,24.87293],[92.48949,24.87266],[92.49191,24.87796],[92.49106,24.89161],[92.49673,24.90221],[92.49282,24.90623],[92.49452,24.91601],[92.48748,24.92075],[92.48394,24.9286],[92.48403,24.93356],[92.48783,24.9442],[92.48726,24.94725],[92.48338,24.94728],[92.47612,24.9422],[92.44957,24.93873],[92.44777,24.94383],[92.44965,24.95012],[92.45498,24.95472],[92.46608,24.95719],[92.46833,24.96023],[92.46777,24.96351],[92.46179,24.96885],[92.45739,24.97068],[92.44778,24.96585],[92.42361,24.96494],[92.41943,24.96757],[92.42205,24.98849],[92.42039,24.99049],[92.41431,24.9903],[92.41648,24.99193],[92.42408,25.01025],[92.4242,25.0195],[92.42587,25.02019],[92.42522,25.02966],[92.42369,25.03014],[92.42141,25.02793],[92.41693,25.03041],[92.41286,25.02876],[92.40504,25.03275],[92.40219,25.03194],[92.40061,25.03415],[92.39853,25.03312],[92.39272,25.03991],[92.38815,25.03985],[92.38372,25.04246],[92.38459,25.04146],[92.38317,25.03862],[92.38264,25.04051],[92.3813,25.03921],[92.38054,25.04152],[92.38095,25.03986],[92.37929,25.03968],[92.3768,25.04293],[92.37369,25.0428],[92.3747,25.04372],[92.37077,25.04284],[92.36962,25.041],[92.36771,25.04251],[92.36897,25.04387],[92.36831,25.04635],[92.36291,25.05002],[92.36079,25.04687],[92.35839,25.0473],[92.35802,25.05025],[92.35653,25.05014],[92.35663,25.04757],[92.35431,25.04795],[92.35415,25.04957],[92.35089,25.04851],[92.35018,25.04969],[92.3473,25.0478],[92.34597,25.04918],[92.34141,25.04866],[92.33924,25.05048],[92.3423,25.05435],[92.33911,25.05058],[92.3381,25.05164],[92.34887,25.06095],[92.34848,25.07364],[92.33813,25.07586],[92.33446,25.07861],[92.32215,25.07827],[92.3189,25.07438],[92.31903,25.07003],[92.31403,25.07209],[92.31055,25.06917],[92.30579,25.07066],[92.30642,25.0721],[92.30498,25.07062],[92.29951,25.0718],[92.28963,25.07598],[92.28775,25.07558],[92.28702,25.07694],[92.27819,25.07768],[92.27701,25.07956],[92.26696,25.08325],[92.25522,25.08538],[92.2543,25.08687],[92.23324,25.09498],[92.23116,25.09714],[92.22774,25.0937],[92.22299,25.09834],[92.22345,25.10255],[92.22179,25.10418],[92.20691,25.10877],[92.20267,25.1065],[92.19609,25.10816],[92.20043,25.11742],[92.20034,25.12012],[92.21953,25.11611],[92.21296,25.12109],[92.19874,25.12581],[92.19442,25.12575],[92.19518,25.13019],[92.19142,25.13537],[92.18893,25.13553],[92.188,25.13358],[92.18908,25.13081],[92.18816,25.12734],[92.18382,25.1182],[92.17666,25.12298],[92.17933,25.1242],[92.1789,25.12638],[92.17665,25.124],[92.17616,25.12643],[92.17247,25.12691],[92.17086,25.1287],[92.16405,25.12549],[92.15949,25.12671],[92.1595,25.12789],[92.16481,25.1306],[92.15943,25.13011],[92.15874,25.13311],[92.1629,25.13354],[92.16567,25.13602],[92.1626,25.13634],[92.15547,25.13335],[92.15262,25.13382],[92.15309,25.13634],[92.15076,25.13835],[92.14732,25.1354],[92.13576,25.13886],[92.13946,25.14107],[92.13947,25.13998],[92.1445,25.13979],[92.1343,25.14297],[92.13509,25.14574],[92.13381,25.14847],[92.1358,25.15152],[92.1341,25.15329],[92.13795,25.15189],[92.13964,25.15468],[92.13273,25.15646],[92.13283,25.16027],[92.12105,25.1637],[92.11806,25.16656],[92.10894,25.17046],[92.10762,25.17273],[92.10515,25.17271],[92.10436,25.17475],[92.09219,25.17766],[92.08316,25.1824],[92.08098,25.18275],[92.07875,25.18105],[92.07376,25.18506],[92.06708,25.18528],[92.06184,25.18712],[92.05847,25.18564],[92.05701,25.1867],[92.05534,25.18438],[92.05411,25.18658],[92.04046,25.18649],[92.0389,25.18242],[92.03641,25.18234],[92.03393,25.18439],[92.02795,25.1836],[92.02611,25.17931],[92.01836,25.18282],[92.01692,25.18622],[92.00342,25.18624],[91.99847,25.18412],[91.98532,25.17288],[91.98051,25.17179],[91.96652,25.17654],[91.93426,25.1782],[91.93094,25.18121],[91.92592,25.18006],[91.91452,25.18143],[91.90735,25.17944],[91.89844,25.1802],[91.8973,25.17819],[91.89382,25.17849],[91.89463,25.17637],[91.88443,25.17721],[91.88056,25.17303],[91.87606,25.17569],[91.87588,25.17755],[91.87082,25.17442],[91.86431,25.17542],[91.86143,25.17259],[91.85551,25.17262],[91.84973,25.17334],[91.8407,25.17705],[91.8271,25.17795],[91.82652,25.17633],[91.82297,25.17691],[91.81759,25.17133],[91.80394,25.17185],[91.80377,25.17031],[91.80697,25.16986],[91.80643,25.16836],[91.79718,25.16892],[91.78826,25.16753],[91.78026,25.16604],[91.77447,25.16328],[91.76624,25.16762],[91.76344,25.16643],[91.75847,25.1685],[91.75376,25.1727],[91.75595,25.1776],[91.74725,25.17411],[91.74472,25.17039],[91.74455,25.16823],[91.74974,25.15935],[91.74857,25.15631],[91.7446,25.1533],[91.74243,25.14449],[91.74757,25.14027],[91.73628,25.14351],[91.7354,25.14983],[91.73255,25.14792],[91.73289,25.15033],[91.71647,25.15244],[91.71443,25.15763],[91.70822,25.15918],[91.7054,25.15702],[91.70364,25.16008],[91.70045,25.15607],[91.70375,25.15103],[91.70536,25.14901],[91.71277,25.14696],[91.7139,25.13603],[91.7205,25.13574],[91.7205,25.13419],[91.71828,25.13296],[91.71901,25.12964],[91.72791,25.12912],[91.72631,25.12025],[91.71942,25.11223],[91.72017,25.10681],[91.72405,25.10908],[91.71771,25.10216],[91.72065,25.09693],[91.7185,25.09272],[91.72273,25.08476],[91.73436,25.07564],[91.73347,25.0732],[91.72903,25.06975],[91.73429,25.06747],[91.73499,25.06536],[91.73263,25.0644],[91.72505,25.06571],[91.71733,25.06402],[91.71005,25.06636],[91.70597,25.06187],[91.70068,25.05918],[91.68748,25.05797],[91.68478,25.0552],[91.6837,25.05087],[91.68864,25.04547],[91.68741,25.04145],[91.68146,25.03884],[91.67213,25.03917],[91.67978,25.02996],[91.68098,25.02452],[91.66907,25.02531],[91.66803,25.02302],[91.66812,25.01942],[91.67882,25.01385],[91.68883,25.00213],[91.69663,24.99774],[91.68845,24.99464],[91.6788,24.99615],[91.66862,25.00022],[91.66587,25.00034],[91.66602,24.99864],[91.67518,24.9907],[91.68978,24.98687],[91.70363,24.98086],[91.70384,24.97638],[91.69997,24.97648],[91.69936,24.97523],[91.70452,24.97088],[91.71129,24.96798],[91.71227,24.96466],[91.71157,24.96151],[91.70709,24.95664],[91.70462,24.94951],[91.71371,24.94656],[91.70979,24.94275],[91.70384,24.94266],[91.70073,24.93781],[91.6908,24.93826],[91.68985,24.93328],[91.69386,24.92945],[91.69148,24.92839],[91.69073,24.92434],[91.68755,24.9244],[91.68988,24.92277],[91.69091,24.91898],[91.68558,24.9155],[91.69169,24.91662],[91.6919,24.91353],[91.69512,24.91136],[91.6937,24.9076],[91.68118,24.9063],[91.68108,24.90478],[91.69405,24.90407],[91.69486,24.90141],[91.69134,24.89718],[91.68886,24.89678],[91.69004,24.89424],[91.68233,24.89391],[91.67697,24.88978],[91.67964,24.88878],[91.68348,24.88987],[91.68194,24.88369],[91.68411,24.87818],[91.69131,24.87582],[91.69583,24.87766],[91.69947,24.87007],[91.69779,24.86677],[91.69449,24.86668],[91.69317,24.86137],[91.68499,24.86061],[91.68266,24.8622],[91.68343,24.86789],[91.68141,24.86903],[91.68244,24.87005],[91.67977,24.86897],[91.6796,24.87105],[91.67831,24.8694],[91.67745,24.87185],[91.67376,24.87187],[91.67247,24.86992],[91.67559,24.86737],[91.67406,24.85931],[91.67519,24.8572],[91.6706,24.85699],[91.66722,24.85378],[91.66449,24.85436],[91.6573,24.84681],[91.65741,24.84436],[91.66067,24.84368],[91.66109,24.83656],[91.66429,24.8371],[91.66488,24.83514],[91.66452,24.82566],[91.66144,24.82377],[91.66006,24.83211],[91.65819,24.8296],[91.65802,24.83474],[91.65711,24.83392],[91.65853,24.8228],[91.66081,24.82167],[91.66255,24.81547],[91.65809,24.81608],[91.65825,24.80861],[91.66656,24.80769],[91.66727,24.80998],[91.67002,24.80554],[91.67408,24.80657],[91.67473,24.80106],[91.67236,24.79623],[91.67691,24.79355],[91.67037,24.79082],[91.67442,24.78964],[91.67514,24.78671],[91.6745,24.78542],[91.67103,24.78505],[91.6675,24.78696],[91.66409,24.7863],[91.6524,24.79351],[91.65142,24.79251],[91.65353,24.79187],[91.6537,24.78959],[91.65084,24.78674],[91.64706,24.78567],[91.64729,24.78344],[91.64567,24.78323],[91.64454,24.78645],[91.63952,24.78468],[91.63912,24.78238],[91.63753,24.78246],[91.63616,24.78045],[91.63652,24.77941],[91.64241,24.77957],[91.6486,24.78111],[91.65104,24.77721],[91.64975,24.77042],[91.65333,24.77],[91.65778,24.7734],[91.65797,24.77004],[91.65928,24.77205],[91.66331,24.77259],[91.66605,24.77053],[91.66623,24.76814],[91.67068,24.768],[91.67124,24.76101],[91.67268,24.76223],[91.67615,24.76155],[91.67747,24.75812],[91.67673,24.75569],[91.67369,24.75492],[91.67305,24.74939],[91.66615,24.74897],[91.66408,24.74769],[91.66283,24.74328],[91.65957,24.74255],[91.66357,24.74006],[91.6655,24.73413],[91.66742,24.73421],[91.67218,24.72929],[91.67021,24.72604],[91.67421,24.72413],[91.67249,24.72317],[91.67207,24.71914],[91.66557,24.72066],[91.66584,24.72381],[91.65962,24.7238],[91.65882,24.72026],[91.65655,24.72017],[91.65547,24.71638],[91.65275,24.71662],[91.6586,24.71319],[91.65718,24.70756],[91.6587,24.7051],[91.66283,24.70381],[91.66133,24.70063],[91.64387,24.69783],[91.64324,24.69124],[91.6456,24.69123],[91.6472,24.69685],[91.65141,24.69699],[91.65447,24.69497],[91.6549,24.68988],[91.6514,24.68586],[91.64913,24.67501],[91.65234,24.67865],[91.65739,24.67935],[91.64812,24.66289],[91.64031,24.65709],[91.64174,24.65232],[91.63966,24.64824],[91.64631,24.64542],[91.64559,24.64225],[91.64146,24.63803],[91.63841,24.63769],[91.63516,24.6338],[91.63283,24.63361],[91.63157,24.63055],[91.63471,24.63065],[91.63611,24.62823],[91.64278,24.62641],[91.6509,24.62625],[91.65424,24.62879],[91.66092,24.62591]]]}},{"type":"Feature","properties":{"ADM2_EN":"Tangail","ADM1_EN":"Dhaka"},"geometry":{"type":"Polygon","coordinates":[[[90.14755,24.03354],[90.14748,24.0433],[90.15043,24.04428],[90.15041,24.05224],[90.15935,24.05296],[90.16184,24.05508],[90.15776,24.06427],[90.16521,24.06774],[90.16608,24.07094],[90.17133,24.07216],[90.17206,24.07503],[90.177,24.0748],[90.17914,24.08753],[90.17797,24.09105],[90.17436,24.09302],[90.17234,24.09633],[90.17336,24.10802],[90.17498,24.10599],[90.17975,24.10539],[90.18576,24.09799],[90.19074,24.09975],[90.1986,24.09881],[90.20093,24.09378],[90.20781,24.09488],[90.20981,24.094],[90.21063,24.0976],[90.21485,24.10096],[90.22245,24.10213],[90.23043,24.10603],[90.23119,24.11022],[90.22998,24.11399],[90.21863,24.12343],[90.21719,24.12841],[90.21947,24.13455],[90.21994,24.1427],[90.22584,24.15105],[90.22596,24.1625],[90.23549,24.1732],[90.24195,24.1843],[90.24852,24.18679],[90.2492,24.19787],[90.25808,24.20244],[90.25888,24.20704],[90.26465,24.20943],[90.26616,24.21512],[90.27315,24.21876],[90.28125,24.21991],[90.29002,24.22608],[90.28825,24.24161],[90.29026,24.2453],[90.30039,24.25439],[90.29967,24.2616],[90.29806,24.26178],[90.29787,24.26381],[90.30083,24.26936],[90.30028,24.27066],[90.29775,24.27083],[90.29455,24.27656],[90.29165,24.27645],[90.2905,24.27777],[90.28781,24.27886],[90.2863,24.28108],[90.28694,24.28274],[90.28243,24.28479],[90.28113,24.2872],[90.27284,24.28671],[90.26503,24.28871],[90.2612,24.29159],[90.25696,24.29691],[90.25863,24.30446],[90.25672,24.3104],[90.24736,24.32626],[90.2479,24.3333],[90.24112,24.33293],[90.23365,24.33478],[90.23308,24.33655],[90.23449,24.33708],[90.22884,24.34757],[90.24901,24.41527],[90.24048,24.41318],[90.23624,24.41688],[90.22925,24.41993],[90.22374,24.43295],[90.22071,24.43433],[90.21939,24.44826],[90.21164,24.44994],[90.20965,24.45964],[90.21116,24.46157],[90.22274,24.46165],[90.22537,24.46857],[90.231,24.47196],[90.23319,24.47559],[90.23848,24.47666],[90.23995,24.47926],[90.24359,24.48127],[90.23585,24.48679],[90.2336,24.4832],[90.22728,24.48322],[90.22402,24.48614],[90.22259,24.49206],[90.2139,24.49967],[90.20708,24.49733],[90.20363,24.50165],[90.20949,24.50643],[90.20886,24.50869],[90.20019,24.51173],[90.19656,24.51478],[90.19202,24.51405],[90.18668,24.52292],[90.1796,24.5228],[90.17434,24.51784],[90.16799,24.53548],[90.16935,24.53766],[90.16126,24.53669],[90.15524,24.54957],[90.15239,24.55001],[90.14602,24.56756],[90.15098,24.57242],[90.15081,24.57473],[90.13989,24.57557],[90.13306,24.58881],[90.12474,24.59631],[90.12932,24.60283],[90.13056,24.61788],[90.13266,24.61914],[90.13573,24.61668],[90.14013,24.62383],[90.14424,24.6236],[90.14807,24.63463],[90.14622,24.64304],[90.14785,24.65],[90.14238,24.65507],[90.1405,24.65891],[90.14052,24.66059],[90.14258,24.66128],[90.14211,24.6718],[90.14022,24.67429],[90.13933,24.6821],[90.13192,24.69153],[90.13411,24.70087],[90.13018,24.70687],[90.13078,24.71046],[90.1266,24.71787],[90.13108,24.72647],[90.13103,24.73166],[90.1328,24.73422],[90.12732,24.73846],[90.10366,24.73653],[90.09038,24.73719],[90.0888,24.74433],[90.09085,24.74921],[90.0885,24.75181],[90.09659,24.75354],[90.09435,24.75623],[90.09803,24.75631],[90.09607,24.75798],[90.09196,24.75773],[90.09354,24.76081],[90.09168,24.76202],[90.0916,24.76851],[90.08756,24.77337],[90.08667,24.77676],[90.07876,24.78448],[90.07838,24.78663],[90.07578,24.78787],[90.07276,24.7865],[90.06937,24.78112],[90.05534,24.77908],[90.04879,24.77396],[90.0377,24.77707],[90.03215,24.77702],[90.02665,24.77398],[90.02228,24.7701],[90.0232,24.76468],[90.02045,24.75475],[90.01533,24.75437],[90.01451,24.75106],[90.01037,24.75108],[90.01085,24.74959],[90.00835,24.74575],[90.00202,24.74454],[89.99816,24.7407],[89.99557,24.74075],[89.99585,24.73818],[89.99215,24.73692],[89.99258,24.72834],[89.9883,24.72723],[89.98572,24.72862],[89.98134,24.72489],[89.97899,24.7257],[89.97174,24.72419],[89.96457,24.72764],[89.96122,24.73226],[89.95744,24.73135],[89.95767,24.73331],[89.9624,24.73526],[89.96055,24.73583],[89.95796,24.74428],[89.95463,24.74568],[89.94852,24.74439],[89.94489,24.74559],[89.94129,24.74352],[89.94021,24.74856],[89.94126,24.75151],[89.93544,24.7555],[89.93577,24.75719],[89.9264,24.75446],[89.92156,24.75647],[89.92127,24.75415],[89.92402,24.75181],[89.92887,24.75123],[89.92905,24.74955],[89.92641,24.75007],[89.92502,24.74865],[89.92747,24.74427],[89.9171,24.74619],[89.91649,24.74369],[89.913,24.74179],[89.91159,24.73613],[89.90945,24.73627],[89.90743,24.73448],[89.90179,24.742],[89.89992,24.74024],[89.9024,24.73862],[89.90274,24.73467],[89.89945,24.73644],[89.89263,24.73701],[89.88948,24.73908],[89.88866,24.74186],[89.88035,24.74155],[89.88048,24.74033],[89.88435,24.73887],[89.88108,24.73725],[89.87823,24.73152],[89.87827,24.72736],[89.88073,24.72243],[89.8793,24.7142],[89.87999,24.70827],[89.8941,24.69629],[89.89941,24.68149],[89.89707,24.68071],[89.89461,24.67551],[89.89124,24.67426],[89.88382,24.67475],[89.87806,24.67904],[89.86545,24.66148],[89.86611,24.65719],[89.8697,24.65191],[89.86881,24.64901],[89.86027,24.64571],[89.84742,24.64646],[89.84238,24.64451],[89.84434,24.63921],[89.84788,24.63704],[89.84698,24.63392],[89.84333,24.63334],[89.84261,24.63141],[89.84523,24.62687],[89.85218,24.62237],[89.8533,24.61996],[89.85153,24.61844],[89.84184,24.62377],[89.84241,24.61943],[89.84008,24.61817],[89.84215,24.61471],[89.83612,24.61248],[89.83682,24.60843],[89.8312,24.6104],[89.82706,24.6086],[89.82886,24.6059],[89.83516,24.60288],[89.8294,24.60132],[89.82307,24.5952],[89.82373,24.59239],[89.82845,24.58891],[89.82806,24.58668],[89.82135,24.58746],[89.81587,24.58073],[89.81277,24.58499],[89.81,24.58361],[89.81292,24.58042],[89.8113,24.57762],[89.81698,24.57727],[89.81817,24.57584],[89.81323,24.57525],[89.8099,24.57289],[89.81154,24.56668],[89.80871,24.56772],[89.79282,24.56743],[89.79066,24.56857],[89.78907,24.57229],[89.77314,24.56455],[89.77,24.56143],[89.76742,24.55652],[89.76993,24.54002],[89.76491,24.53983],[89.75917,24.53758],[89.74628,24.53731],[89.74859,24.53493],[89.7445,24.5327],[89.75002,24.52946],[89.74757,24.52032],[89.73856,24.52306],[89.73411,24.51793],[89.73766,24.51473],[89.74211,24.51373],[89.74951,24.50925],[89.75028,24.50488],[89.75551,24.50632],[89.75816,24.49955],[89.74741,24.48301],[89.74902,24.48047],[89.75571,24.48535],[89.75798,24.48507],[89.75752,24.48303],[89.74917,24.47299],[89.7457,24.47283],[89.74238,24.47065],[89.74345,24.46256],[89.74236,24.4557],[89.75517,24.45534],[89.74803,24.44119],[89.74658,24.43054],[89.76472,24.38621],[89.76599,24.37583],[89.75275,24.36083],[89.75167,24.35068],[89.75725,24.34456],[89.76494,24.34007],[89.77151,24.33035],[89.77276,24.32471],[89.77178,24.31072],[89.77421,24.30151],[89.78697,24.28857],[89.79016,24.27602],[89.79045,24.26341],[89.7846,24.24836],[89.78304,24.23673],[89.78712,24.21095],[89.79855,24.17516],[89.79768,24.17153],[89.78575,24.17174],[89.77998,24.16647],[89.78771,24.15795],[89.79178,24.15959],[89.79201,24.15844],[89.80257,24.1601],[89.80697,24.14873],[89.82011,24.1405],[89.8211,24.13836],[89.81631,24.13068],[89.81633,24.11819],[89.81741,24.10652],[89.8249,24.08825],[89.82285,24.07317],[89.81701,24.06358],[89.80174,24.05201],[89.79551,24.04389],[89.78933,24.04104],[89.78441,24.04095],[89.7852,24.03525],[89.78817,24.02729],[89.78563,24.00985],[89.77561,23.99275],[89.77763,23.99061],[89.77667,23.98753],[89.76872,23.98306],[89.76437,23.97823],[89.77158,23.97656],[89.77405,23.97353],[89.78363,23.9798],[89.7868,23.98733],[89.79327,23.98691],[89.7927,23.97912],[89.80351,23.97927],[89.80583,23.97759],[89.80622,23.97308],[89.81229,23.9724],[89.81299,23.97841],[89.81733,23.97838],[89.81878,23.98221],[89.82661,23.9813],[89.8282,23.97794],[89.83002,23.97869],[89.83876,23.97641],[89.83909,23.97314],[89.8416,23.97247],[89.84102,23.96819],[89.84478,23.96704],[89.84613,23.97116],[89.85014,23.97088],[89.85143,23.96761],[89.85345,23.96692],[89.85376,23.96411],[89.85539,23.96359],[89.85843,23.96634],[89.86027,23.96493],[89.86246,23.96574],[89.86453,23.96879],[89.86896,23.97133],[89.86597,23.97603],[89.86873,23.97845],[89.86963,23.9839],[89.86572,23.98584],[89.86635,23.99162],[89.87087,23.99138],[89.87358,23.99415],[89.8765,23.99417],[89.87676,23.9857],[89.88034,23.98429],[89.87845,23.98148],[89.87854,23.97701],[89.88152,23.97106],[89.89292,23.9701],[89.89386,23.97244],[89.88941,23.97575],[89.88927,23.9798],[89.89384,23.9817],[89.89403,23.9859],[89.90552,23.988],[89.90439,23.99273],[89.90705,23.99863],[89.90878,23.99799],[89.90783,23.99473],[89.91386,23.9945],[89.91689,23.99932],[89.92142,23.99916],[89.92416,24.00312],[89.93704,24.00654],[89.93715,24.00505],[89.93056,23.99773],[89.93136,23.99592],[89.93477,23.99688],[89.93899,24.00442],[89.94723,24.00433],[89.94671,24.0072],[89.94295,24.00769],[89.94251,24.00966],[89.93917,24.01031],[89.93871,24.01182],[89.94189,24.01439],[89.94161,24.01742],[89.9474,24.01662],[89.94722,24.02568],[89.94844,24.02827],[89.95092,24.02602],[89.94991,24.02343],[89.95506,24.02176],[89.95443,24.01866],[89.95779,24.0177],[89.95876,24.01532],[89.96687,24.0144],[89.96838,24.03024],[89.97347,24.03051],[89.97458,24.03262],[89.97109,24.03432],[89.97211,24.03604],[89.98074,24.03273],[89.97967,24.02701],[89.98474,24.02232],[89.98541,24.01861],[89.97662,24.01756],[89.97715,24.0119],[89.98852,24.00944],[89.98999,24.00489],[89.9926,24.00464],[89.99224,24.00137],[89.99014,24.00177],[89.99117,24.0006],[89.99021,23.9991],[89.99313,23.99997],[89.99463,24.00258],[90.0025,24.00139],[90.00903,24.00322],[90.0066,24.01048],[90.00759,24.01136],[90.00717,24.0149],[90.00463,24.01619],[90.00491,24.01746],[90.01389,24.01756],[90.01825,24.02174],[90.01743,24.02521],[90.01944,24.02573],[90.01727,24.03131],[90.01235,24.03064],[90.01042,24.03325],[90.01202,24.04252],[90.01454,24.04253],[90.01653,24.04432],[90.01743,24.03612],[90.02718,24.03394],[90.02609,24.02962],[90.02197,24.02788],[90.01964,24.02874],[90.02061,24.02358],[90.02203,24.02391],[90.0247,24.02104],[90.04074,24.02839],[90.06009,24.03041],[90.0636,24.02926],[90.06542,24.03167],[90.06473,24.0354],[90.06595,24.03744],[90.0698,24.03237],[90.07449,24.03382],[90.07384,24.04065],[90.07508,24.04115],[90.08165,24.04067],[90.08445,24.03537],[90.08984,24.03503],[90.09406,24.02735],[90.09618,24.02699],[90.10215,24.01904],[90.10818,24.01757],[90.10967,24.01881],[90.10994,24.02653],[90.12016,24.02536],[90.12064,24.02855],[90.1237,24.02868],[90.12457,24.03103],[90.12889,24.03324],[90.14755,24.03354]]]}},{"type":"Feature","properties":{"ADM2_EN":"Thakurgaon","ADM1_EN":"Rangpur"},"geometry":{"type":"Polygon","coordinates":[[[88.62676,26.05593],[88.62951,26.06156],[88.6345,26.06352],[88.63289,26.06489],[88.63357,26.06796],[88.63556,26.0675],[88.63787,26.07038],[88.63591,26.07114],[88.6369,26.07247],[88.63383,26.07275],[88.63766,26.07443],[88.63628,26.07562],[88.63653,26.07911],[88.64263,26.0797],[88.64384,26.08196],[88.64508,26.08024],[88.64653,26.08267],[88.64552,26.09197],[88.64162,26.09201],[88.64116,26.1027],[88.63882,26.10273],[88.6368,26.10483],[88.63427,26.10423],[88.63837,26.10791],[88.63285,26.11042],[88.63038,26.1163],[88.62756,26.11663],[88.62706,26.12107],[88.62127,26.12636],[88.62197,26.13064],[88.61323,26.13489],[88.60766,26.14005],[88.59679,26.14401],[88.58756,26.14332],[88.58601,26.14124],[88.58535,26.15035],[88.58162,26.14828],[88.57787,26.15168],[88.57731,26.14974],[88.57267,26.14963],[88.57317,26.15118],[88.57092,26.15173],[88.57116,26.15487],[88.56904,26.15866],[88.56684,26.15676],[88.56583,26.16425],[88.5595,26.16563],[88.55972,26.17078],[88.56404,26.17194],[88.56246,26.17285],[88.56368,26.17535],[88.5624,26.17583],[88.55884,26.17307],[88.55691,26.1741],[88.55788,26.17573],[88.55618,26.17729],[88.55635,26.17974],[88.55302,26.17769],[88.54875,26.17789],[88.54452,26.18152],[88.54811,26.18454],[88.548,26.18918],[88.54584,26.18945],[88.54184,26.18519],[88.53679,26.18403],[88.53769,26.17997],[88.53423,26.17854],[88.53056,26.1828],[88.52853,26.18257],[88.52646,26.18008],[88.52198,26.18036],[88.52107,26.18689],[88.5191,26.19001],[88.52055,26.19364],[88.51667,26.20098],[88.51311,26.19856],[88.51302,26.20145],[88.5087,26.19947],[88.50616,26.20175],[88.50221,26.20143],[88.50373,26.20299],[88.49873,26.20348],[88.49711,26.20175],[88.48841,26.20341],[88.48314,26.20197],[88.4818,26.20374],[88.48057,26.20228],[88.4775,26.20382],[88.46857,26.20154],[88.47334,26.19761],[88.46689,26.19831],[88.46609,26.19392],[88.45986,26.19309],[88.45731,26.1938],[88.4593,26.19711],[88.45649,26.19784],[88.4517,26.19844],[88.44845,26.19596],[88.44672,26.19761],[88.44328,26.19694],[88.439,26.19905],[88.43339,26.19554],[88.43492,26.19883],[88.43096,26.19995],[88.43157,26.20138],[88.42677,26.20225],[88.42091,26.20102],[88.41692,26.20404],[88.41311,26.20289],[88.40946,26.20403],[88.40906,26.20287],[88.41175,26.20154],[88.4105,26.19953],[88.41545,26.19779],[88.40817,26.19513],[88.40464,26.19484],[88.40092,26.19952],[88.39936,26.19842],[88.39158,26.20143],[88.38561,26.20117],[88.3851,26.19263],[88.38739,26.19134],[88.38447,26.18536],[88.38514,26.18358],[88.38381,26.18213],[88.37585,26.1844],[88.37016,26.17901],[88.36268,26.18191],[88.35726,26.18054],[88.35193,26.18207],[88.34756,26.18826],[88.34344,26.18981],[88.34141,26.18942],[88.3407,26.18725],[88.33514,26.18725],[88.33067,26.185],[88.3338,26.19148],[88.32963,26.19303],[88.32838,26.19792],[88.32574,26.20062],[88.32302,26.20116],[88.32139,26.20437],[88.31976,26.20295],[88.31706,26.20496],[88.31401,26.20345],[88.30843,26.20442],[88.30456,26.19898],[88.30126,26.20206],[88.30123,26.19954],[88.29824,26.1971],[88.2972,26.19943],[88.29186,26.19867],[88.29341,26.20105],[88.29237,26.20227],[88.2875,26.19749],[88.28557,26.20025],[88.28285,26.19702],[88.28387,26.19503],[88.28112,26.19409],[88.28069,26.19545],[88.27906,26.19419],[88.27626,26.18861],[88.27039,26.18826],[88.26929,26.1866],[88.26365,26.19019],[88.25921,26.18662],[88.25726,26.18868],[88.25286,26.188],[88.25366,26.18536],[88.25085,26.18588],[88.24944,26.19001],[88.2457,26.18998],[88.24554,26.18741],[88.24348,26.18853],[88.24483,26.18955],[88.24177,26.18918],[88.24155,26.18639],[88.23852,26.18537],[88.23653,26.18268],[88.23416,26.18499],[88.23276,26.18402],[88.23317,26.18112],[88.23702,26.17745],[88.23269,26.17588],[88.23267,26.17221],[88.22609,26.17308],[88.22556,26.17146],[88.22777,26.16858],[88.22395,26.16949],[88.22155,26.16625],[88.21955,26.16593],[88.2169,26.17048],[88.21283,26.16919],[88.2118,26.16715],[88.21559,26.16496],[88.21518,26.16309],[88.204,26.15918],[88.20124,26.15934],[88.19894,26.16351],[88.19612,26.16339],[88.19617,26.15972],[88.19147,26.1571],[88.19294,26.15489],[88.19585,26.15474],[88.19451,26.15203],[88.18943,26.15507],[88.18394,26.15356],[88.1819,26.15005],[88.17715,26.14807],[88.17628,26.14131],[88.17992,26.13993],[88.17399,26.13052],[88.17405,26.12733],[88.17825,26.12501],[88.17762,26.12226],[88.17345,26.11924],[88.1726,26.11113],[88.1655,26.10897],[88.16242,26.10548],[88.16329,26.10047],[88.15881,26.0973],[88.15833,26.09496],[88.16123,26.0888],[88.16486,26.0897],[88.1643,26.08571],[88.15962,26.08372],[88.15841,26.08079],[88.16034,26.07787],[88.16762,26.08287],[88.16728,26.08454],[88.16909,26.08306],[88.16881,26.08067],[88.17352,26.07568],[88.18229,26.07207],[88.18168,26.06712],[88.18499,26.06538],[88.18547,26.06344],[88.18019,26.0583],[88.17717,26.05984],[88.17601,26.05813],[88.17926,26.0466],[88.17399,26.049],[88.17105,26.04867],[88.16949,26.04533],[88.17536,26.03979],[88.17114,26.03654],[88.1727,26.03161],[88.18245,26.02957],[88.18279,26.02673],[88.17922,26.02257],[88.17341,26.02092],[88.16584,26.02142],[88.16073,26.01873],[88.1548,26.02007],[88.15011,26.01849],[88.14678,26.01439],[88.14382,26.01494],[88.13962,26.01302],[88.14415,26.00549],[88.14364,26.00047],[88.14016,25.99704],[88.13568,26.00066],[88.13475,25.99813],[88.13247,25.99883],[88.13148,25.99701],[88.12964,25.99704],[88.12995,25.98655],[88.12701,25.98032],[88.12899,25.98034],[88.1278,25.97671],[88.12139,25.97466],[88.11929,25.97168],[88.11996,25.96949],[88.1246,25.968],[88.1186,25.96267],[88.11515,25.96285],[88.11465,25.95789],[88.12015,25.95316],[88.12232,25.94846],[88.11765,25.94372],[88.11291,25.94376],[88.11115,25.9332],[88.10543,25.93436],[88.10491,25.93316],[88.10218,25.93488],[88.09796,25.93441],[88.09464,25.9315],[88.08578,25.91568],[88.08646,25.91383],[88.08927,25.91314],[88.09072,25.91487],[88.09364,25.91118],[88.09404,25.90781],[88.09112,25.90658],[88.09032,25.89647],[88.09921,25.89399],[88.10293,25.88931],[88.10118,25.88493],[88.09828,25.88331],[88.09685,25.88022],[88.09889,25.87862],[88.09386,25.8744],[88.09664,25.87126],[88.10004,25.87324],[88.1024,25.86887],[88.10097,25.86328],[88.10286,25.86183],[88.10651,25.86884],[88.10892,25.86914],[88.11101,25.86406],[88.1097,25.86041],[88.11382,25.85457],[88.10893,25.84683],[88.10143,25.84351],[88.1035,25.84032],[88.10707,25.84139],[88.10771,25.83876],[88.1069,25.83408],[88.10418,25.83162],[88.10205,25.8317],[88.10109,25.8291],[88.10568,25.82635],[88.10731,25.82219],[88.10879,25.8231],[88.11153,25.82173],[88.10699,25.81518],[88.11519,25.815],[88.12007,25.81258],[88.11649,25.80637],[88.11442,25.79802],[88.12488,25.79629],[88.1277,25.79809],[88.13108,25.79806],[88.13866,25.79675],[88.14418,25.79373],[88.14474,25.7877],[88.14163,25.78023],[88.14518,25.77964],[88.14858,25.78116],[88.14704,25.77639],[88.15215,25.77576],[88.15699,25.77954],[88.15672,25.78187],[88.15935,25.78288],[88.15931,25.78759],[88.16444,25.78951],[88.17235,25.78673],[88.17569,25.79109],[88.17542,25.79323],[88.18027,25.79334],[88.17986,25.7967],[88.1818,25.79625],[88.18096,25.79917],[88.1837,25.80178],[88.18868,25.80078],[88.18971,25.80258],[88.19341,25.80164],[88.19425,25.79815],[88.19933,25.79407],[88.19943,25.79007],[88.20909,25.78721],[88.2095,25.79163],[88.21191,25.79421],[88.21076,25.7924],[88.21223,25.79226],[88.21301,25.79526],[88.21305,25.79659],[88.21087,25.79503],[88.2103,25.79615],[88.21449,25.7978],[88.21491,25.80091],[88.22243,25.79761],[88.22495,25.79959],[88.22825,25.79671],[88.2322,25.79786],[88.23346,25.8],[88.23049,25.80256],[88.23561,25.80666],[88.23536,25.80854],[88.24448,25.80939],[88.24685,25.80605],[88.24857,25.81349],[88.24898,25.81219],[88.25867,25.81131],[88.25958,25.81392],[88.26952,25.80824],[88.27086,25.80504],[88.27177,25.79176],[88.26979,25.78472],[88.26652,25.7833],[88.26846,25.7808],[88.2737,25.77908],[88.27647,25.77497],[88.27879,25.77422],[88.28189,25.77569],[88.29074,25.77385],[88.28901,25.76789],[88.29968,25.76438],[88.29836,25.76335],[88.30014,25.76282],[88.29902,25.76097],[88.31634,25.75319],[88.31506,25.74663],[88.32072,25.74527],[88.31826,25.7428],[88.32088,25.74005],[88.32089,25.73758],[88.32501,25.73753],[88.32802,25.74017],[88.33752,25.73771],[88.33741,25.7354],[88.34088,25.73489],[88.34406,25.72954],[88.35057,25.73016],[88.35145,25.72828],[88.35539,25.72727],[88.35616,25.72932],[88.35879,25.72817],[88.35673,25.72142],[88.36469,25.71987],[88.36512,25.71769],[88.37193,25.71559],[88.37393,25.71731],[88.37465,25.71243],[88.37313,25.70956],[88.36997,25.71024],[88.36972,25.70877],[88.37204,25.70787],[88.37143,25.69665],[88.38207,25.69733],[88.38321,25.69553],[88.3853,25.69576],[88.38518,25.69449],[88.39145,25.69359],[88.38915,25.68763],[88.39012,25.6841],[88.40177,25.68606],[88.40405,25.6851],[88.40511,25.6831],[88.40165,25.67267],[88.41858,25.66776],[88.4203,25.67038],[88.42711,25.6697],[88.43106,25.67406],[88.42521,25.67857],[88.43057,25.68372],[88.42833,25.68511],[88.42837,25.6877],[88.43189,25.69059],[88.43533,25.68646],[88.43765,25.68715],[88.43814,25.68902],[88.43773,25.69225],[88.43367,25.69608],[88.43509,25.699],[88.43351,25.7014],[88.43468,25.70581],[88.43649,25.70612],[88.43619,25.7084],[88.43197,25.71044],[88.42703,25.70689],[88.42501,25.70816],[88.42357,25.71492],[88.43117,25.71529],[88.43412,25.71807],[88.42564,25.72064],[88.42333,25.72485],[88.42844,25.72866],[88.42211,25.73247],[88.42056,25.72978],[88.41879,25.72954],[88.41855,25.73298],[88.41523,25.73673],[88.4127,25.73766],[88.41444,25.7339],[88.40881,25.73244],[88.41015,25.7291],[88.4051,25.72853],[88.40052,25.73119],[88.39877,25.73399],[88.4006,25.7384],[88.39515,25.73919],[88.39208,25.74332],[88.3935,25.74944],[88.38884,25.75399],[88.39099,25.76014],[88.38665,25.76268],[88.38721,25.76861],[88.38494,25.77275],[88.38792,25.77602],[88.38742,25.78194],[88.38353,25.78745],[88.38274,25.79365],[88.38579,25.79216],[88.38913,25.80354],[88.38688,25.80343],[88.38539,25.80829],[88.39085,25.81098],[88.38581,25.82257],[88.38755,25.82952],[88.38519,25.83476],[88.38627,25.83976],[88.39516,25.83995],[88.39884,25.84191],[88.40408,25.85765],[88.40379,25.8648],[88.40846,25.86845],[88.41259,25.86684],[88.41099,25.86585],[88.41222,25.8648],[88.41154,25.86275],[88.4161,25.86234],[88.42244,25.85551],[88.42605,25.85937],[88.42589,25.86099],[88.41773,25.86727],[88.41751,25.86934],[88.42215,25.87102],[88.42821,25.87119],[88.43202,25.86638],[88.43412,25.86705],[88.43581,25.86572],[88.43469,25.8709],[88.4432,25.87138],[88.44459,25.86195],[88.45189,25.8614],[88.45099,25.85947],[88.45308,25.85841],[88.45461,25.86082],[88.45939,25.86072],[88.46076,25.86197],[88.45993,25.86576],[88.46169,25.86885],[88.46131,25.87331],[88.46563,25.87316],[88.46594,25.86857],[88.46973,25.86329],[88.47924,25.86318],[88.48128,25.86469],[88.48038,25.86634],[88.48426,25.8656],[88.48312,25.86858],[88.48588,25.86987],[88.48313,25.87519],[88.48278,25.88054],[88.48521,25.88163],[88.48349,25.88319],[88.4855,25.8852],[88.48299,25.88432],[88.47542,25.88866],[88.47595,25.89039],[88.47829,25.89082],[88.48064,25.88757],[88.48264,25.88789],[88.4786,25.8949],[88.47999,25.90271],[88.48124,25.90408],[88.48795,25.90448],[88.48818,25.90566],[88.49016,25.90519],[88.4946,25.9075],[88.49747,25.9048],[88.50183,25.90561],[88.50432,25.90966],[88.50368,25.91095],[88.50783,25.91135],[88.50859,25.91618],[88.50575,25.91616],[88.50449,25.91333],[88.50282,25.91372],[88.50168,25.9187],[88.50325,25.92435],[88.49987,25.92571],[88.49834,25.9233],[88.49488,25.92573],[88.49567,25.92792],[88.50112,25.92744],[88.50101,25.92552],[88.50424,25.92722],[88.50627,25.92609],[88.50466,25.92408],[88.50717,25.92478],[88.50804,25.92339],[88.50495,25.92194],[88.50696,25.92077],[88.50618,25.91795],[88.50767,25.91784],[88.50751,25.9197],[88.50991,25.92129],[88.50837,25.92214],[88.50958,25.92463],[88.50812,25.92547],[88.50993,25.92613],[88.50639,25.93242],[88.50999,25.93553],[88.5119,25.94133],[88.51818,25.94295],[88.52076,25.94978],[88.52357,25.95163],[88.53687,25.95189],[88.53791,25.96351],[88.53578,25.96735],[88.53224,25.9693],[88.5297,25.97706],[88.53054,25.99149],[88.53481,25.99442],[88.54073,25.99502],[88.53919,25.99792],[88.5401,25.99874],[88.5428,25.99956],[88.54543,25.99806],[88.54198,26.00798],[88.5452,26.01287],[88.54586,26.01919],[88.55,26.01746],[88.55386,26.01801],[88.55468,26.01877],[88.55112,26.02092],[88.55349,26.02336],[88.55536,26.02308],[88.55311,26.02089],[88.55477,26.01976],[88.55764,26.02384],[88.56279,26.02281],[88.5656,26.02372],[88.56458,26.02506],[88.55669,26.02599],[88.55573,26.02781],[88.55742,26.02846],[88.56248,26.02793],[88.56689,26.02564],[88.56942,26.02715],[88.56873,26.02454],[88.5734,26.01995],[88.57448,26.02125],[88.58933,26.0204],[88.59475,26.02387],[88.59395,26.02694],[88.59718,26.03091],[88.60919,26.03519],[88.60781,26.03583],[88.60908,26.03693],[88.60683,26.04131],[88.60872,26.04651],[88.60785,26.04964],[88.60568,26.05105],[88.6088,26.05126],[88.61429,26.05857],[88.61872,26.05699],[88.61594,26.06289],[88.6202,26.05847],[88.62676,26.05593]]]}}]}